id,ground_truth,question_type,complexity,raw_ocr_text,proc_ocr_text,raw_correct,proc_correct,raw_time,proc_time
0,0.28,figure/diagram,simple,"FIGURE C.2.

AGE ADJUSTED MOTOR ee MORTALITY RATE

6.28

9.24

e2eor xmU

8.22

9.2

 

1958 19355 1968 1963 1978 1975 1988

. ACTUAL
“--e MULTIVARIATE PREDICTOR
","FIGURF C.2.

AGE ADJUSTED MOTOR VEHICLE ACCIDENT MORTALITY RATE

195@ 1955 1968 1965 1970

CK ACTUAL
core MULTIVARIATE PREDICTOR

 
",False,False,2.593,1.056
1,university of california,others,medium,"UNIVERSITY OP CALIBORNIA, SAN DIEGO

 
","UNIVERSITY OF GALIBORNIA, SAN DIEGO
To : 2 S Ae

pac LA Lao dds Time 220489)

WHILE YOU WERE OUT
0
Ge —~Lllheaw= ab ISSA H OSE.

  

PT clephoned {] Will phone again [[] Please phone
C}Came to see you | {] Will come again []Rush

 

 

TVircias https: www. industrydpcuments.ucsfedu/docs/nkblo226
",False,False,0.373,1.194
2,itc limited,layout,simple,"7 ITC Limited REPORT AND ACCOUNTS 2013

ITC’s Brands: An Asset for the Nation

The consumer needs and aspirations
they fulfil, the benefit they generate for
millions across ITC’s value chains, the
future-ready capabilities that support
them, and the value that they create for
the country, have made ITC’s brands
national assets, adding to India’s
competitiveness.

It is ITC’s aspiration to be the No 1
FMCG player in the country, driven by
its new FMCG businesses. A recent
Nielsen report has highlighted that ITC's
new FMCG businesses are the fastest
growing among the top consumer
goods companies operating in India.
ITC takes justifiable pride that, along
with generating economic value, these
celebrated Indian brands also drive the
creation of larger societal capital
through the virtuous cycle of
sustainable and inclusive growth.

 
 
 
 
 
 
 
 
  
 
 
 
 
 
 
 
 
 
 
 
 
 
  

DI WILLS

*
;

LOVE DELIGHTFULLY
SOFT SKIN?

  

aia Ans

Source: https://www.industrydocuments.ucsf.edu/docs/snbx0223
","| ITC Limited REPORT AND ACCOUNTS 2013

ITC’s Brands: An Asset for the Nation

 
 
 
 
 
 
 
 
 
  
 
 
 
 
 
 
 
 
 
 
 
 

The consumer needs and aspirations
they fulfil, the benefit they generate for
millions across ITC's value chains, the
future-ready capabilities that support
Latta CAML alc UMA) el s-| Cole V :
the country, have made ITC’s brands . : AT)
national assets, adding to India’s MULTIORRINS
competitiveness. ~~ one
It is ITC's aspiration to be the No 1
FMCG player in the country, driven by
its new FMCG businesses. A recent
Nielsen report has highlighted that ITC's
new FMCG businesses are the fastest
growing among the top consumer
goods companies operating in India.
ITC takes justifiable pride that, along
with generating economic value, these
celebrated Indian brands also drive the z ; ‘
creation of larger societal capital ren #BeYOUN
through the virtuous cycle of : cos
sustainable and inclusive growth.

Source: https:/Awww. industrydocuments.ucsf.edu/docs/snbx0223
",True,True,3.782,3.639
3,san diego,others,simple,"UNIVERSITY OP CALIBORNIA, SAN DIEGO

 
","UNIVERSITY OF GALIBORNIA, SAN DIEGO
To : 2 S Ae

pac LA Lao dds Time 220489)

WHILE YOU WERE OUT
0
Ge —~Lllheaw= ab ISSA H OSE.

  

PT clephoned {] Will phone again [[] Please phone
C}Came to see you | {] Will come again []Rush

 

 

TVircias https: www. industrydpcuments.ucsfedu/docs/nkblo226
",True,True,0.373,2.106
4,Paul,handwritten,simple,"UNIVERSITY OP CALIBORNIA, SAN DIEGO

 
","UNIVERSITY OF GALIBORNIA, SAN DIEGO
To : 2 S Ae

pac LA Lao dds Time 220489)

WHILE YOU WERE OUT
0
Ge —~Lllheaw= ab ISSA H OSE.

  

PT clephoned {] Will phone again [[] Please phone
C}Came to see you | {] Will come again []Rush

 

 

TVircias https: www. industrydpcuments.ucsfedu/docs/nkblo226
",False,False,0.612,2.057
5,"1128 SIXTEENTH ST., N. W., WASHINGTON, D. C. 20036",layout,complex," 

 

The best thing
between two sandwiches.

Soft drinks go with all kinds of
sandwiches. Round ones, square ones,
fat ones and lean ones.

Not only do they quench large
thirsts in a fun way; they also help bal-
ance the diet. After all, healthy bodies
need 5 to 6 glasses of water a day. Soft

drinks contain the purest, filtered water.
So sandwich soft drinks among
your sandwiches. And celebrate Na-
tional Sandwich Month every month in
the year.
For information on soft drinks and
the balanced diet, write:

NATIONAL SOFT DRINK ASSOCIATION
1128 SIXTEENTH ST., N. W., WASHINGTON, D.C. 20036

 

 

 
"," 

 

The best thing
| between two sandwiches.

Soft drinks go with all kinds of
sandwiches. Round ones, square ones,
fat ones and lean ones.

Not only do they quench large
thirsts in a fun way; they aiso help bal-
ance the diet. After all. healthy bodies
need 5 1o 6 glasses of water a day. Soft

drinks contain the purest, filtered water.
So sandwich soft drinks among
your sandwiches. And celebrate Na-
tional Sandwich Month every month in
the year.
For information on soft drinks and
the balanced diet, write:

NATIONAL SOFT ORINK ASSOCIATION NSDA
SNM OARSIMUT OR OBL

RES RTEENTH

 

 

 
",False,False,1.878,1.688
6,aashirvaad,Image/Photo,simple,"7 ITC Limited REPORT AND ACCOUNTS 2013

ITC’s Brands: An Asset for the Nation

The consumer needs and aspirations
they fulfil, the benefit they generate for
millions across ITC’s value chains, the
future-ready capabilities that support
them, and the value that they create for
the country, have made ITC’s brands
national assets, adding to India’s
competitiveness.

It is ITC’s aspiration to be the No 1
FMCG player in the country, driven by
its new FMCG businesses. A recent
Nielsen report has highlighted that ITC's
new FMCG businesses are the fastest
growing among the top consumer
goods companies operating in India.
ITC takes justifiable pride that, along
with generating economic value, these
celebrated Indian brands also drive the
creation of larger societal capital
through the virtuous cycle of
sustainable and inclusive growth.

 
 
 
 
 
 
 
 
  
 
 
 
 
 
 
 
 
 
 
 
 
 
  

DI WILLS

*
;

LOVE DELIGHTFULLY
SOFT SKIN?

  

aia Ans

Source: https://www.industrydocuments.ucsf.edu/docs/snbx0223
","| ITC Limited REPORT AND ACCOUNTS 2013

ITC’s Brands: An Asset for the Nation

 
 
 
 
 
 
 
 
 
  
 
 
 
 
 
 
 
 
 
 
 
 

The consumer needs and aspirations
they fulfil, the benefit they generate for
millions across ITC's value chains, the
future-ready capabilities that support
Latta CAML alc UMA) el s-| Cole V :
the country, have made ITC’s brands . : AT)
national assets, adding to India’s MULTIORRINS
competitiveness. ~~ one
It is ITC's aspiration to be the No 1
FMCG player in the country, driven by
its new FMCG businesses. A recent
Nielsen report has highlighted that ITC's
new FMCG businesses are the fastest
growing among the top consumer
goods companies operating in India.
ITC takes justifiable pride that, along
with generating economic value, these
celebrated Indian brands also drive the z ; ‘
creation of larger societal capital ren #BeYOUN
through the virtuous cycle of : cos
sustainable and inclusive growth.

Source: https:/Awww. industrydocuments.ucsf.edu/docs/snbx0223
",False,False,3.891,4.654
7,The Robert A. Welch Foundation,layout,medium," 

THE ROBERT A. WELCH FOUNDATION
2010 Bank of the Southwest Building
Houston, Texas 77002

BUDGET REQUEST SUMMARY

YEAR (AS APPLICABLE}
May 1, 19 66 Mey i, Io 2 May 1, 18 Total

through. through through
Aon 30, 1987 Ape 30,09 pn BS

. SAL 228.00

L. Berseanmel occ ccecatenoceineen

 

 

2. Permanent Scientific Equipment won SO $s. pes $_. Se |

 

3. Expendable Scientific Items & Services ou... Suu 840,00  $ a ee ~ $840.00

 

4. Other Expense ous

§. TOTAL Exclusive of Overhead ooo SASSO OS
8 Overhedd oon tnsinnennin Sb DSFOG OBR Bes

 

 

 

 

7. TOTAL AMOUNT of Propased Budget ....... $15,000,006 cy BL,

  

  

 

 

 

Name(s} of Principal Investigators) _John E. Kilpatrick _ -
Institution William Maresh Rice University 000 i ctnie _

THE SPACE BELOW IS FOR USE BY THE FOUNDATION:

Grant Period: ences cnt UR BO nents PE Grant Ne. nent .

 

Cirertor of Research oc cccscecssecescceenenes creer renee ete — seenne aegpntepeeenevengeennemeesielithiindeetanenet

Scientific Advisory Board cc cccscscesecegs  ccce eneneeeennnnne venom gcenennennprnngeeenet scene estopemnenenesetnenae

 

Board of THistees oo cc cceseccscseeneeeuttenenbaee cee acs eteeneeenne coe pints :

Grantee and Institution Notified oe DD

Ramerks:

Source: https://www.industrydocuments.ucsf.edu/docs/zxfk0226
"," 

THE ROBERT A. WELCH FOUNDATION
2010 Bank of the Southwest Building
Houston, Texas 77002

BUOGET REQUEST SUMMARY

YEAR (AS APPLICABLE)

 

 

 

 

Mey 1,19 66.0 May t,19 0 May 119 Totat
Apr. oe 67 Age. sO ie Apr. soe

1. Personnel $_11,228,00 sO §

2, Permanent Scientific Equipment oo... x 70 - $.. $

3. Expendable Scientific Items & Services vie 4 840,00 $ a

4, Other Expense oo. cine, S975 .00 8 $e

5. TOTAL Exclusive of Overhead oon $13,043.00 5 $

B. Overhead oc cesses cere . 34,947.00 $0 Bo

7. TOTAL AMOUNT of Proposed Budget ......... $15,000.00 $_. pee

Name(s} of Principal Investigator(s)

Institution WL)

 

 

 

 

 

THE SPACE BELOW IS FOR USE BY THE FOUNDATION:

Grant Period:

 

 

 

 

Utrector of Reseatch

 

Scientific Advisory Board

Board of Trustees ...

 

Grantee and Institution Notified 0000.

Remarks:

Source: https://www.industrydocuments.ucsf.edu/docs/zxfk0226
",True,True,5.956,3.26
8,11:14 to 11:39 a.m.,table/list,medium,"11:14 to
11:39 a.m

11:39 to

11:44 a.m.

11:44 a.m.

to

12:25 p.m.

12:25 to

12:58 p.m.

12:58 to
4:00 p.m.

2:00 to
5:00 p.m.

Coffee Break
Coffee will be served for men and
women in the lobby adjacent to
exhibit area. Please move into
exhibit area. (Exhibits Open)

TRRF GENERAL SESSION (PART |)

Presiding: Lee A. Waller
TRRF Vice President

“Introductory Remarks”
Lee A. Waller, TRRF Vice Presi-
dent

Individual Interviews with TRRF
Public Board Members and Sci-
entific Advisory Council Mem-
bers
Conducted by TRRF Treasurer
Philip G. Kuehn to get answers
which the public refrigerated
warehousing industry is looking
for. Plus questions from the floor.
Dr. Emil M. Mrak, University of Cal-
ifornia, Chairman, TRRF Board;
Sam R. Cecil, University of Georgia
College of Agriculture; Dr. Stanley
Charm, Tufts University School of
Medicine; Dr. Robert H. Cotton, ITT
Continental Baking Company; Dr.
Owen Fennema, University of Wis-
consin; Dr. Robert E. Hardenburg,
USDA.

Questions and Answers

Exhibits Open
Capt. Jack Stoney Room

TRRF Scientific Advisory
Council Meeting

Ballroom Foyer

 
","11.14 to
11:39 a.m

11:39 to
11:44am

11:44 am
to
12:25 p.m

12:25 to
12:58 p.m

12:58 to
4:00 p.m

2:00 to
5:00 p.m

Coffee Break
Coffee will be served for men and
women in the lobby adjacent to
exhibit area. Please move into
exhibit area. (Exhibits Open)

TRRF GENERAL SESSION (PART 1)

Presiding: Lee A. Waller
TRRF Vice President

“Introductory Remarks”
Lee A. Waller, TRRF Vice Presi-
dent

Individual Interviews with TRRF
Public Board Members and Sci-
entific Advisory Council Mem-
bers
Conducted by TRRF Treasurer
Philip G. Kuehn to get answers
which the public refrigerated
warehousing industry is looking
for. Plus questions from the floor.
Dr. Emil M. Mrak. University of Cal-
ifornia, Chairman. TRRF Board,
Sam R. Cecil. University of Georgia
College of Agriculture: Dr. Stanley
Charm. Tufts University School of
Medicine: Dr. Robert H. Cotton. ITT
Continental Baking Company: Dr.
Owen Fennema. University of Wis-
consin; Dr. Robert E. Hardenburg,
USDA

Questions and Answers

Exhibits Open
Capt. Jack Stoney Room

TRRF Scientific Advisory
Council Meeting

Ballroom Foyer

 
",False,False,2.683,4.318
9,$975.00,form,simple," 

THE ROBERT A. WELCH FOUNDATION
2010 Bank of the Southwest Building
Houston, Texas 77002

BUDGET REQUEST SUMMARY

YEAR (AS APPLICABLE}
May 1, 19 66 Mey i, Io 2 May 1, 18 Total

through. through through
Aon 30, 1987 Ape 30,09 pn BS

. SAL 228.00

L. Berseanmel occ ccecatenoceineen

 

 

2. Permanent Scientific Equipment won SO $s. pes $_. Se |

 

3. Expendable Scientific Items & Services ou... Suu 840,00  $ a ee ~ $840.00

 

4. Other Expense ous

§. TOTAL Exclusive of Overhead ooo SASSO OS
8 Overhedd oon tnsinnennin Sb DSFOG OBR Bes

 

 

 

 

7. TOTAL AMOUNT of Propased Budget ....... $15,000,006 cy BL,

  

  

 

 

 

Name(s} of Principal Investigators) _John E. Kilpatrick _ -
Institution William Maresh Rice University 000 i ctnie _

THE SPACE BELOW IS FOR USE BY THE FOUNDATION:

Grant Period: ences cnt UR BO nents PE Grant Ne. nent .

 

Cirertor of Research oc cccscecssecescceenenes creer renee ete — seenne aegpntepeeenevengeennemeesielithiindeetanenet

Scientific Advisory Board cc cccscscesecegs  ccce eneneeeennnnne venom gcenennennprnngeeenet scene estopemnenenesetnenae

 

Board of THistees oo cc cceseccscseeneeeuttenenbaee cee acs eteeneeenne coe pints :

Grantee and Institution Notified oe DD

Ramerks:

Source: https://www.industrydocuments.ucsf.edu/docs/zxfk0226
"," 

THE ROBERT A. WELCH FOUNDATION
2010 Bank of the Southwest Building
Houston, Texas 77002

BUOGET REQUEST SUMMARY

YEAR (AS APPLICABLE)

 

 

 

 

Mey 1,19 66.0 May t,19 0 May 119 Totat
Apr. oe 67 Age. sO ie Apr. soe

1. Personnel $_11,228,00 sO §

2, Permanent Scientific Equipment oo... x 70 - $.. $

3. Expendable Scientific Items & Services vie 4 840,00 $ a

4, Other Expense oo. cine, S975 .00 8 $e

5. TOTAL Exclusive of Overhead oon $13,043.00 5 $

B. Overhead oc cesses cere . 34,947.00 $0 Bo

7. TOTAL AMOUNT of Proposed Budget ......... $15,000.00 $_. pee

Name(s} of Principal Investigator(s)

Institution WL)

 

 

 

 

 

THE SPACE BELOW IS FOR USE BY THE FOUNDATION:

Grant Period:

 

 

 

 

Utrector of Reseatch

 

Scientific Advisory Board

Board of Trustees ...

 

Grantee and Institution Notified 0000.

Remarks:

Source: https://www.industrydocuments.ucsf.edu/docs/zxfk0226
",False,False,6.3,3.316
10,TRRF Vice President,table/list,medium,"11:14 to
11:39 a.m

11:39 to

11:44 a.m.

11:44 a.m.

to

12:25 p.m.

12:25 to

12:58 p.m.

12:58 to
4:00 p.m.

2:00 to
5:00 p.m.

Coffee Break
Coffee will be served for men and
women in the lobby adjacent to
exhibit area. Please move into
exhibit area. (Exhibits Open)

TRRF GENERAL SESSION (PART |)

Presiding: Lee A. Waller
TRRF Vice President

“Introductory Remarks”
Lee A. Waller, TRRF Vice Presi-
dent

Individual Interviews with TRRF
Public Board Members and Sci-
entific Advisory Council Mem-
bers
Conducted by TRRF Treasurer
Philip G. Kuehn to get answers
which the public refrigerated
warehousing industry is looking
for. Plus questions from the floor.
Dr. Emil M. Mrak, University of Cal-
ifornia, Chairman, TRRF Board;
Sam R. Cecil, University of Georgia
College of Agriculture; Dr. Stanley
Charm, Tufts University School of
Medicine; Dr. Robert H. Cotton, ITT
Continental Baking Company; Dr.
Owen Fennema, University of Wis-
consin; Dr. Robert E. Hardenburg,
USDA.

Questions and Answers

Exhibits Open
Capt. Jack Stoney Room

TRRF Scientific Advisory
Council Meeting

Ballroom Foyer

 
","11.14 to
11:39 a.m

11:39 to
11:44am

11:44 am
to
12:25 p.m

12:25 to
12:58 p.m

12:58 to
4:00 p.m

2:00 to
5:00 p.m

Coffee Break
Coffee will be served for men and
women in the lobby adjacent to
exhibit area. Please move into
exhibit area. (Exhibits Open)

TRRF GENERAL SESSION (PART 1)

Presiding: Lee A. Waller
TRRF Vice President

“Introductory Remarks”
Lee A. Waller, TRRF Vice Presi-
dent

Individual Interviews with TRRF
Public Board Members and Sci-
entific Advisory Council Mem-
bers
Conducted by TRRF Treasurer
Philip G. Kuehn to get answers
which the public refrigerated
warehousing industry is looking
for. Plus questions from the floor.
Dr. Emil M. Mrak. University of Cal-
ifornia, Chairman. TRRF Board,
Sam R. Cecil. University of Georgia
College of Agriculture: Dr. Stanley
Charm. Tufts University School of
Medicine: Dr. Robert H. Cotton. ITT
Continental Baking Company: Dr.
Owen Fennema. University of Wis-
consin; Dr. Robert E. Hardenburg,
USDA

Questions and Answers

Exhibits Open
Capt. Jack Stoney Room

TRRF Scientific Advisory
Council Meeting

Ballroom Foyer

 
",True,True,3.939,3.295
11,dark fantasy,Image/Photo,simple,"7 ITC Limited REPORT AND ACCOUNTS 2013

ITC’s Brands: An Asset for the Nation

The consumer needs and aspirations
they fulfil, the benefit they generate for
millions across ITC’s value chains, the
future-ready capabilities that support
them, and the value that they create for
the country, have made ITC’s brands
national assets, adding to India’s
competitiveness.

It is ITC’s aspiration to be the No 1
FMCG player in the country, driven by
its new FMCG businesses. A recent
Nielsen report has highlighted that ITC's
new FMCG businesses are the fastest
growing among the top consumer
goods companies operating in India.
ITC takes justifiable pride that, along
with generating economic value, these
celebrated Indian brands also drive the
creation of larger societal capital
through the virtuous cycle of
sustainable and inclusive growth.

 
 
 
 
 
 
 
 
  
 
 
 
 
 
 
 
 
 
 
 
 
 
  

DI WILLS

*
;

LOVE DELIGHTFULLY
SOFT SKIN?

  

aia Ans

Source: https://www.industrydocuments.ucsf.edu/docs/snbx0223
","| ITC Limited REPORT AND ACCOUNTS 2013

ITC’s Brands: An Asset for the Nation

 
 
 
 
 
 
 
 
 
  
 
 
 
 
 
 
 
 
 
 
 
 

The consumer needs and aspirations
they fulfil, the benefit they generate for
millions across ITC's value chains, the
future-ready capabilities that support
Latta CAML alc UMA) el s-| Cole V :
the country, have made ITC’s brands . : AT)
national assets, adding to India’s MULTIORRINS
competitiveness. ~~ one
It is ITC's aspiration to be the No 1
FMCG player in the country, driven by
its new FMCG businesses. A recent
Nielsen report has highlighted that ITC's
new FMCG businesses are the fastest
growing among the top consumer
goods companies operating in India.
ITC takes justifiable pride that, along
with generating economic value, these
celebrated Indian brands also drive the z ; ‘
creation of larger societal capital ren #BeYOUN
through the virtuous cycle of : cos
sustainable and inclusive growth.

Source: https:/Awww. industrydocuments.ucsf.edu/docs/snbx0223
",False,False,3.87,3.635
12,wills lifestyle,Image/Photo,simple,"7 ITC Limited REPORT AND ACCOUNTS 2013

ITC’s Brands: An Asset for the Nation

The consumer needs and aspirations
they fulfil, the benefit they generate for
millions across ITC’s value chains, the
future-ready capabilities that support
them, and the value that they create for
the country, have made ITC’s brands
national assets, adding to India’s
competitiveness.

It is ITC’s aspiration to be the No 1
FMCG player in the country, driven by
its new FMCG businesses. A recent
Nielsen report has highlighted that ITC's
new FMCG businesses are the fastest
growing among the top consumer
goods companies operating in India.
ITC takes justifiable pride that, along
with generating economic value, these
celebrated Indian brands also drive the
creation of larger societal capital
through the virtuous cycle of
sustainable and inclusive growth.

 
 
 
 
 
 
 
 
  
 
 
 
 
 
 
 
 
 
 
 
 
 
  

DI WILLS

*
;

LOVE DELIGHTFULLY
SOFT SKIN?

  

aia Ans

Source: https://www.industrydocuments.ucsf.edu/docs/snbx0223
","| ITC Limited REPORT AND ACCOUNTS 2013

ITC’s Brands: An Asset for the Nation

 
 
 
 
 
 
 
 
 
  
 
 
 
 
 
 
 
 
 
 
 
 

The consumer needs and aspirations
they fulfil, the benefit they generate for
millions across ITC's value chains, the
future-ready capabilities that support
Latta CAML alc UMA) el s-| Cole V :
the country, have made ITC’s brands . : AT)
national assets, adding to India’s MULTIORRINS
competitiveness. ~~ one
It is ITC's aspiration to be the No 1
FMCG player in the country, driven by
its new FMCG businesses. A recent
Nielsen report has highlighted that ITC's
new FMCG businesses are the fastest
growing among the top consumer
goods companies operating in India.
ITC takes justifiable pride that, along
with generating economic value, these
celebrated Indian brands also drive the z ; ‘
creation of larger societal capital ren #BeYOUN
through the virtuous cycle of : cos
sustainable and inclusive growth.

Source: https:/Awww. industrydocuments.ucsf.edu/docs/snbx0223
",False,False,6.124,3.644
13,2,table/list,simple,"MENA

Enduring Value

Report on Corporate Governance

Attendance at Nominations Committee Meetings
during the financial year

Ce AUT UTIL

Y.C. Deveshwar 2
A. Baijal 2
S. Banerjee 2
A.V. Girija Kumar 2
S.H. Khan 2
5. B. Mathur 1
D. K. Mehrotra Nil
P. B. Ramanujam 2
S.S.H. Rehman @ NA
M. Shankar ® NA
K. Vaidyanath 2

@ Appointed Member w.e.f. 18th January, 2013.

V. SUSTAINABILITY COMMITTEE

The role of the Sustainability Committee is to review,
monitor and provide strategic direction to the Company’s
sustainability practices towards fulfilling its triple bottom
line objectives. The Committee seeks to guide the
Company in integrating its social and environmental
objectives with its business strategies.

Composition

The Sustainability Committee presently comprises the
Chairman of the Company and six Non-Executive
Directors, four of whom are Independent Directors. The
Chairman of the Company is the Chairman of the
Committee.

The names of the members of the Sustainability
Committee, including its Chairman, are provided under
the section ‘Board of Directors and Committees’ in the
Report and Accounts.

 

Meetings and Attendance

During the financial year ended 31st March, 2013, three
meetings of the Sustainability Committee were held, as
follows:

Ce TUT) No. of
Strength aay

Aya

 

1 Sth April, 2012
2 24th May, 2012 6 6
3 28th March, 2013 7 7

Attendance at Sustainability Committee Meetings during
the financial year

Ce AUT Sea UCT

Y.C. Deveshwar 3
S. Banerjee s)
H. G. Powell 3
A. Ruys s)
B. Sen 3
M. Shankar @ 1
B. Vijayaraghavan 3

@ Appointed Member w.e.f. 18th January, 2013.
CORPORATE MANAGEMENT COMMITTEE

The primary role of the Corporate Management
Committee is strategic management of the Company’s
businesses within Board approved direction / framework.

Composition

The Corporate Management Committee presently
comprises all the Executive Directors and six senior
members of management. The Chairman of the Company
is the Chairman of the Committee. The composition of
the Corporate Management Committee is determined
by the Board based on the recommendation of the
Nominations Committee.

The structure, processes and practices of governance
are designed to support effective management
of multiple businesses while retaining focus
on each one of them.

EI ITC Report and Accounts 2013
","MEN

Enduring Value

Report on Corporate Governance

Attendance at Nominations Committee Meetings
during the financial year

Ce LU See

Y.C. Deveshwar 2
A. Bail 2
S. Banerjee 2
A.V. Girija Kumar 2
$.H. Khan 2
S. B. Mathur 1
D.K. Mehrotra Nil
P. B, Ramanujam 2
§.$.H. Rehman @ NA
M. Shankar ® NA
K. Vaidyanath 2

@ Appointed Member w.e.f. 18th January, 2013.

V. SUSTAINABILITY COMMITTEE

The role of the Sustainability Committee is to review,
monitor and provide strategic direction to the Company's
sustainability practices towards fulfilling its triple bottom
line objectives. The Committee seeks to guide the
Company in integrating its social and environmental
objectives with its business strategies.

Composition

The Sustainability Committee presently comprises the
Chairman of the Company and six Non-Executive
Directors, four of whom are Independent Directors. The
Chairman of the Company is the Chairman of the
Committee.

The names of the members of the Sustainability
Committee, including its Chairman, are provided under
the section ‘Board of Directors and Committees’ in the
Report and Accounts.

 

Meetings and Attendance

During the financial year ended 31st March, 2013, three
meetings of the Sustainability Committee were held, as
follows:

CO TUL ac
SU PCa

Meta

 

1 Sth April, 2012
2 ddth May, 2012 6 6
3 28th March, 2013 7 7

Attendance at Sustainability Committee Meetings during
the financial year

Ce CRU Se Ur

Y.C. Deveshwar 3
S. Banerjee 3
H. G. Powell 3
A. Ruys 3
B. Sen 3
M. Shankar @ 1
B. Vijayaraghavan 3

@ Appointed Member w.e.f 18th January. 2013.
CORPORATE MANAGEMENT COMMITTEE

The primary role of the Corporate Management
Committee is strategic management of the Company’s
businesses within Board approved direction / framework.

Composition

The Corporate Management Committee presently
comprises all the Executive Directors and six senior
members of management. The Chairman of the Company
is the Chairman of the Committee. The composition of
the Corporate Management Committee is determined
by the Board based on the recommendation of the
Nominations Committee.

The structure, processes and practices of governance
are designed to support effective management
of multiple businesses while retaining focus
on each one of them.

ITC Report and Accounts 2013
Source: https:/iwye..

 

 
",True,True,5.322,7.337
14,12:25 to 12:58 p.m.,table/list,medium,"11:14 to
11:39 a.m

11:39 to

11:44 a.m.

11:44 a.m.

to

12:25 p.m.

12:25 to

12:58 p.m.

12:58 to
4:00 p.m.

2:00 to
5:00 p.m.

Coffee Break
Coffee will be served for men and
women in the lobby adjacent to
exhibit area. Please move into
exhibit area. (Exhibits Open)

TRRF GENERAL SESSION (PART |)

Presiding: Lee A. Waller
TRRF Vice President

“Introductory Remarks”
Lee A. Waller, TRRF Vice Presi-
dent

Individual Interviews with TRRF
Public Board Members and Sci-
entific Advisory Council Mem-
bers
Conducted by TRRF Treasurer
Philip G. Kuehn to get answers
which the public refrigerated
warehousing industry is looking
for. Plus questions from the floor.
Dr. Emil M. Mrak, University of Cal-
ifornia, Chairman, TRRF Board;
Sam R. Cecil, University of Georgia
College of Agriculture; Dr. Stanley
Charm, Tufts University School of
Medicine; Dr. Robert H. Cotton, ITT
Continental Baking Company; Dr.
Owen Fennema, University of Wis-
consin; Dr. Robert E. Hardenburg,
USDA.

Questions and Answers

Exhibits Open
Capt. Jack Stoney Room

TRRF Scientific Advisory
Council Meeting

Ballroom Foyer

 
","11.14 to
11:39 a.m

11:39 to
11:44am

11:44 am
to
12:25 p.m

12:25 to
12:58 p.m

12:58 to
4:00 p.m

2:00 to
5:00 p.m

Coffee Break
Coffee will be served for men and
women in the lobby adjacent to
exhibit area. Please move into
exhibit area. (Exhibits Open)

TRRF GENERAL SESSION (PART 1)

Presiding: Lee A. Waller
TRRF Vice President

“Introductory Remarks”
Lee A. Waller, TRRF Vice Presi-
dent

Individual Interviews with TRRF
Public Board Members and Sci-
entific Advisory Council Mem-
bers
Conducted by TRRF Treasurer
Philip G. Kuehn to get answers
which the public refrigerated
warehousing industry is looking
for. Plus questions from the floor.
Dr. Emil M. Mrak. University of Cal-
ifornia, Chairman. TRRF Board,
Sam R. Cecil. University of Georgia
College of Agriculture: Dr. Stanley
Charm. Tufts University School of
Medicine: Dr. Robert H. Cotton. ITT
Continental Baking Company: Dr.
Owen Fennema. University of Wis-
consin; Dr. Robert E. Hardenburg,
USDA

Questions and Answers

Exhibits Open
Capt. Jack Stoney Room

TRRF Scientific Advisory
Council Meeting

Ballroom Foyer

 
",False,False,2.648,2.565
15,2,table/list,simple,"MENA

Enduring Value

Report on Corporate Governance

Attendance at Nominations Committee Meetings
during the financial year

Ce AUT UTIL

Y.C. Deveshwar 2
A. Baijal 2
S. Banerjee 2
A.V. Girija Kumar 2
S.H. Khan 2
5. B. Mathur 1
D. K. Mehrotra Nil
P. B. Ramanujam 2
S.S.H. Rehman @ NA
M. Shankar ® NA
K. Vaidyanath 2

@ Appointed Member w.e.f. 18th January, 2013.

V. SUSTAINABILITY COMMITTEE

The role of the Sustainability Committee is to review,
monitor and provide strategic direction to the Company’s
sustainability practices towards fulfilling its triple bottom
line objectives. The Committee seeks to guide the
Company in integrating its social and environmental
objectives with its business strategies.

Composition

The Sustainability Committee presently comprises the
Chairman of the Company and six Non-Executive
Directors, four of whom are Independent Directors. The
Chairman of the Company is the Chairman of the
Committee.

The names of the members of the Sustainability
Committee, including its Chairman, are provided under
the section ‘Board of Directors and Committees’ in the
Report and Accounts.

 

Meetings and Attendance

During the financial year ended 31st March, 2013, three
meetings of the Sustainability Committee were held, as
follows:

Ce TUT) No. of
Strength aay

Aya

 

1 Sth April, 2012
2 24th May, 2012 6 6
3 28th March, 2013 7 7

Attendance at Sustainability Committee Meetings during
the financial year

Ce AUT Sea UCT

Y.C. Deveshwar 3
S. Banerjee s)
H. G. Powell 3
A. Ruys s)
B. Sen 3
M. Shankar @ 1
B. Vijayaraghavan 3

@ Appointed Member w.e.f. 18th January, 2013.
CORPORATE MANAGEMENT COMMITTEE

The primary role of the Corporate Management
Committee is strategic management of the Company’s
businesses within Board approved direction / framework.

Composition

The Corporate Management Committee presently
comprises all the Executive Directors and six senior
members of management. The Chairman of the Company
is the Chairman of the Committee. The composition of
the Corporate Management Committee is determined
by the Board based on the recommendation of the
Nominations Committee.

The structure, processes and practices of governance
are designed to support effective management
of multiple businesses while retaining focus
on each one of them.

EI ITC Report and Accounts 2013
","MEN

Enduring Value

Report on Corporate Governance

Attendance at Nominations Committee Meetings
during the financial year

Ce LU See

Y.C. Deveshwar 2
A. Bail 2
S. Banerjee 2
A.V. Girija Kumar 2
$.H. Khan 2
S. B. Mathur 1
D.K. Mehrotra Nil
P. B, Ramanujam 2
§.$.H. Rehman @ NA
M. Shankar ® NA
K. Vaidyanath 2

@ Appointed Member w.e.f. 18th January, 2013.

V. SUSTAINABILITY COMMITTEE

The role of the Sustainability Committee is to review,
monitor and provide strategic direction to the Company's
sustainability practices towards fulfilling its triple bottom
line objectives. The Committee seeks to guide the
Company in integrating its social and environmental
objectives with its business strategies.

Composition

The Sustainability Committee presently comprises the
Chairman of the Company and six Non-Executive
Directors, four of whom are Independent Directors. The
Chairman of the Company is the Chairman of the
Committee.

The names of the members of the Sustainability
Committee, including its Chairman, are provided under
the section ‘Board of Directors and Committees’ in the
Report and Accounts.

 

Meetings and Attendance

During the financial year ended 31st March, 2013, three
meetings of the Sustainability Committee were held, as
follows:

CO TUL ac
SU PCa

Meta

 

1 Sth April, 2012
2 ddth May, 2012 6 6
3 28th March, 2013 7 7

Attendance at Sustainability Committee Meetings during
the financial year

Ce CRU Se Ur

Y.C. Deveshwar 3
S. Banerjee 3
H. G. Powell 3
A. Ruys 3
B. Sen 3
M. Shankar @ 1
B. Vijayaraghavan 3

@ Appointed Member w.e.f 18th January. 2013.
CORPORATE MANAGEMENT COMMITTEE

The primary role of the Corporate Management
Committee is strategic management of the Company’s
businesses within Board approved direction / framework.

Composition

The Corporate Management Committee presently
comprises all the Executive Directors and six senior
members of management. The Chairman of the Company
is the Chairman of the Committee. The composition of
the Corporate Management Committee is determined
by the Board based on the recommendation of the
Nominations Committee.

The structure, processes and practices of governance
are designed to support effective management
of multiple businesses while retaining focus
on each one of them.

ITC Report and Accounts 2013
Source: https:/iwye..

 

 
",True,True,7.381,5.359
16,6,table/list,simple,"MENA

Enduring Value

Report on Corporate Governance

Attendance at Nominations Committee Meetings
during the financial year

Ce AUT UTIL

Y.C. Deveshwar 2
A. Baijal 2
S. Banerjee 2
A.V. Girija Kumar 2
S.H. Khan 2
5. B. Mathur 1
D. K. Mehrotra Nil
P. B. Ramanujam 2
S.S.H. Rehman @ NA
M. Shankar ® NA
K. Vaidyanath 2

@ Appointed Member w.e.f. 18th January, 2013.

V. SUSTAINABILITY COMMITTEE

The role of the Sustainability Committee is to review,
monitor and provide strategic direction to the Company’s
sustainability practices towards fulfilling its triple bottom
line objectives. The Committee seeks to guide the
Company in integrating its social and environmental
objectives with its business strategies.

Composition

The Sustainability Committee presently comprises the
Chairman of the Company and six Non-Executive
Directors, four of whom are Independent Directors. The
Chairman of the Company is the Chairman of the
Committee.

The names of the members of the Sustainability
Committee, including its Chairman, are provided under
the section ‘Board of Directors and Committees’ in the
Report and Accounts.

 

Meetings and Attendance

During the financial year ended 31st March, 2013, three
meetings of the Sustainability Committee were held, as
follows:

Ce TUT) No. of
Strength aay

Aya

 

1 Sth April, 2012
2 24th May, 2012 6 6
3 28th March, 2013 7 7

Attendance at Sustainability Committee Meetings during
the financial year

Ce AUT Sea UCT

Y.C. Deveshwar 3
S. Banerjee s)
H. G. Powell 3
A. Ruys s)
B. Sen 3
M. Shankar @ 1
B. Vijayaraghavan 3

@ Appointed Member w.e.f. 18th January, 2013.
CORPORATE MANAGEMENT COMMITTEE

The primary role of the Corporate Management
Committee is strategic management of the Company’s
businesses within Board approved direction / framework.

Composition

The Corporate Management Committee presently
comprises all the Executive Directors and six senior
members of management. The Chairman of the Company
is the Chairman of the Committee. The composition of
the Corporate Management Committee is determined
by the Board based on the recommendation of the
Nominations Committee.

The structure, processes and practices of governance
are designed to support effective management
of multiple businesses while retaining focus
on each one of them.

EI ITC Report and Accounts 2013
","MEN

Enduring Value

Report on Corporate Governance

Attendance at Nominations Committee Meetings
during the financial year

Ce LU See

Y.C. Deveshwar 2
A. Bail 2
S. Banerjee 2
A.V. Girija Kumar 2
$.H. Khan 2
S. B. Mathur 1
D.K. Mehrotra Nil
P. B, Ramanujam 2
§.$.H. Rehman @ NA
M. Shankar ® NA
K. Vaidyanath 2

@ Appointed Member w.e.f. 18th January, 2013.

V. SUSTAINABILITY COMMITTEE

The role of the Sustainability Committee is to review,
monitor and provide strategic direction to the Company's
sustainability practices towards fulfilling its triple bottom
line objectives. The Committee seeks to guide the
Company in integrating its social and environmental
objectives with its business strategies.

Composition

The Sustainability Committee presently comprises the
Chairman of the Company and six Non-Executive
Directors, four of whom are Independent Directors. The
Chairman of the Company is the Chairman of the
Committee.

The names of the members of the Sustainability
Committee, including its Chairman, are provided under
the section ‘Board of Directors and Committees’ in the
Report and Accounts.

 

Meetings and Attendance

During the financial year ended 31st March, 2013, three
meetings of the Sustainability Committee were held, as
follows:

CO TUL ac
SU PCa

Meta

 

1 Sth April, 2012
2 ddth May, 2012 6 6
3 28th March, 2013 7 7

Attendance at Sustainability Committee Meetings during
the financial year

Ce CRU Se Ur

Y.C. Deveshwar 3
S. Banerjee 3
H. G. Powell 3
A. Ruys 3
B. Sen 3
M. Shankar @ 1
B. Vijayaraghavan 3

@ Appointed Member w.e.f 18th January. 2013.
CORPORATE MANAGEMENT COMMITTEE

The primary role of the Corporate Management
Committee is strategic management of the Company’s
businesses within Board approved direction / framework.

Composition

The Corporate Management Committee presently
comprises all the Executive Directors and six senior
members of management. The Chairman of the Company
is the Chairman of the Committee. The composition of
the Corporate Management Committee is determined
by the Board based on the recommendation of the
Nominations Committee.

The structure, processes and practices of governance
are designed to support effective management
of multiple businesses while retaining focus
on each one of them.

ITC Report and Accounts 2013
Source: https:/iwye..

 

 
",True,True,6.308,6.569
17,6,table/list,simple,"MENA

Enduring Value

Report on Corporate Governance

Attendance at Nominations Committee Meetings
during the financial year

Ce AUT UTIL

Y.C. Deveshwar 2
A. Baijal 2
S. Banerjee 2
A.V. Girija Kumar 2
S.H. Khan 2
5. B. Mathur 1
D. K. Mehrotra Nil
P. B. Ramanujam 2
S.S.H. Rehman @ NA
M. Shankar ® NA
K. Vaidyanath 2

@ Appointed Member w.e.f. 18th January, 2013.

V. SUSTAINABILITY COMMITTEE

The role of the Sustainability Committee is to review,
monitor and provide strategic direction to the Company’s
sustainability practices towards fulfilling its triple bottom
line objectives. The Committee seeks to guide the
Company in integrating its social and environmental
objectives with its business strategies.

Composition

The Sustainability Committee presently comprises the
Chairman of the Company and six Non-Executive
Directors, four of whom are Independent Directors. The
Chairman of the Company is the Chairman of the
Committee.

The names of the members of the Sustainability
Committee, including its Chairman, are provided under
the section ‘Board of Directors and Committees’ in the
Report and Accounts.

 

Meetings and Attendance

During the financial year ended 31st March, 2013, three
meetings of the Sustainability Committee were held, as
follows:

Ce TUT) No. of
Strength aay

Aya

 

1 Sth April, 2012
2 24th May, 2012 6 6
3 28th March, 2013 7 7

Attendance at Sustainability Committee Meetings during
the financial year

Ce AUT Sea UCT

Y.C. Deveshwar 3
S. Banerjee s)
H. G. Powell 3
A. Ruys s)
B. Sen 3
M. Shankar @ 1
B. Vijayaraghavan 3

@ Appointed Member w.e.f. 18th January, 2013.
CORPORATE MANAGEMENT COMMITTEE

The primary role of the Corporate Management
Committee is strategic management of the Company’s
businesses within Board approved direction / framework.

Composition

The Corporate Management Committee presently
comprises all the Executive Directors and six senior
members of management. The Chairman of the Company
is the Chairman of the Committee. The composition of
the Corporate Management Committee is determined
by the Board based on the recommendation of the
Nominations Committee.

The structure, processes and practices of governance
are designed to support effective management
of multiple businesses while retaining focus
on each one of them.

EI ITC Report and Accounts 2013
","MEN

Enduring Value

Report on Corporate Governance

Attendance at Nominations Committee Meetings
during the financial year

Ce LU See

Y.C. Deveshwar 2
A. Bail 2
S. Banerjee 2
A.V. Girija Kumar 2
$.H. Khan 2
S. B. Mathur 1
D.K. Mehrotra Nil
P. B, Ramanujam 2
§.$.H. Rehman @ NA
M. Shankar ® NA
K. Vaidyanath 2

@ Appointed Member w.e.f. 18th January, 2013.

V. SUSTAINABILITY COMMITTEE

The role of the Sustainability Committee is to review,
monitor and provide strategic direction to the Company's
sustainability practices towards fulfilling its triple bottom
line objectives. The Committee seeks to guide the
Company in integrating its social and environmental
objectives with its business strategies.

Composition

The Sustainability Committee presently comprises the
Chairman of the Company and six Non-Executive
Directors, four of whom are Independent Directors. The
Chairman of the Company is the Chairman of the
Committee.

The names of the members of the Sustainability
Committee, including its Chairman, are provided under
the section ‘Board of Directors and Committees’ in the
Report and Accounts.

 

Meetings and Attendance

During the financial year ended 31st March, 2013, three
meetings of the Sustainability Committee were held, as
follows:

CO TUL ac
SU PCa

Meta

 

1 Sth April, 2012
2 ddth May, 2012 6 6
3 28th March, 2013 7 7

Attendance at Sustainability Committee Meetings during
the financial year

Ce CRU Se Ur

Y.C. Deveshwar 3
S. Banerjee 3
H. G. Powell 3
A. Ruys 3
B. Sen 3
M. Shankar @ 1
B. Vijayaraghavan 3

@ Appointed Member w.e.f 18th January. 2013.
CORPORATE MANAGEMENT COMMITTEE

The primary role of the Corporate Management
Committee is strategic management of the Company’s
businesses within Board approved direction / framework.

Composition

The Corporate Management Committee presently
comprises all the Executive Directors and six senior
members of management. The Chairman of the Company
is the Chairman of the Committee. The composition of
the Corporate Management Committee is determined
by the Board based on the recommendation of the
Nominations Committee.

The structure, processes and practices of governance
are designed to support effective management
of multiple businesses while retaining focus
on each one of them.

ITC Report and Accounts 2013
Source: https:/iwye..

 

 
",True,True,5.362,7.433
18,trrf scientific advisory council meeting,table/list,medium,"11:14 to
11:39 a.m

11:39 to

11:44 a.m.

11:44 a.m.

to

12:25 p.m.

12:25 to

12:58 p.m.

12:58 to
4:00 p.m.

2:00 to
5:00 p.m.

Coffee Break
Coffee will be served for men and
women in the lobby adjacent to
exhibit area. Please move into
exhibit area. (Exhibits Open)

TRRF GENERAL SESSION (PART |)

Presiding: Lee A. Waller
TRRF Vice President

“Introductory Remarks”
Lee A. Waller, TRRF Vice Presi-
dent

Individual Interviews with TRRF
Public Board Members and Sci-
entific Advisory Council Mem-
bers
Conducted by TRRF Treasurer
Philip G. Kuehn to get answers
which the public refrigerated
warehousing industry is looking
for. Plus questions from the floor.
Dr. Emil M. Mrak, University of Cal-
ifornia, Chairman, TRRF Board;
Sam R. Cecil, University of Georgia
College of Agriculture; Dr. Stanley
Charm, Tufts University School of
Medicine; Dr. Robert H. Cotton, ITT
Continental Baking Company; Dr.
Owen Fennema, University of Wis-
consin; Dr. Robert E. Hardenburg,
USDA.

Questions and Answers

Exhibits Open
Capt. Jack Stoney Room

TRRF Scientific Advisory
Council Meeting

Ballroom Foyer

 
","11.14 to
11:39 a.m

11:39 to
11:44am

11:44 am
to
12:25 p.m

12:25 to
12:58 p.m

12:58 to
4:00 p.m

2:00 to
5:00 p.m

Coffee Break
Coffee will be served for men and
women in the lobby adjacent to
exhibit area. Please move into
exhibit area. (Exhibits Open)

TRRF GENERAL SESSION (PART 1)

Presiding: Lee A. Waller
TRRF Vice President

“Introductory Remarks”
Lee A. Waller, TRRF Vice Presi-
dent

Individual Interviews with TRRF
Public Board Members and Sci-
entific Advisory Council Mem-
bers
Conducted by TRRF Treasurer
Philip G. Kuehn to get answers
which the public refrigerated
warehousing industry is looking
for. Plus questions from the floor.
Dr. Emil M. Mrak. University of Cal-
ifornia, Chairman. TRRF Board,
Sam R. Cecil. University of Georgia
College of Agriculture: Dr. Stanley
Charm. Tufts University School of
Medicine: Dr. Robert H. Cotton. ITT
Continental Baking Company: Dr.
Owen Fennema. University of Wis-
consin; Dr. Robert E. Hardenburg,
USDA

Questions and Answers

Exhibits Open
Capt. Jack Stoney Room

TRRF Scientific Advisory
Council Meeting

Ballroom Foyer

 
",False,False,2.716,2.523
19,3,table/list,simple,"MENA

Enduring Value

Report on Corporate Governance

Attendance at Nominations Committee Meetings
during the financial year

Ce AUT UTIL

Y.C. Deveshwar 2
A. Baijal 2
S. Banerjee 2
A.V. Girija Kumar 2
S.H. Khan 2
5. B. Mathur 1
D. K. Mehrotra Nil
P. B. Ramanujam 2
S.S.H. Rehman @ NA
M. Shankar ® NA
K. Vaidyanath 2

@ Appointed Member w.e.f. 18th January, 2013.

V. SUSTAINABILITY COMMITTEE

The role of the Sustainability Committee is to review,
monitor and provide strategic direction to the Company’s
sustainability practices towards fulfilling its triple bottom
line objectives. The Committee seeks to guide the
Company in integrating its social and environmental
objectives with its business strategies.

Composition

The Sustainability Committee presently comprises the
Chairman of the Company and six Non-Executive
Directors, four of whom are Independent Directors. The
Chairman of the Company is the Chairman of the
Committee.

The names of the members of the Sustainability
Committee, including its Chairman, are provided under
the section ‘Board of Directors and Committees’ in the
Report and Accounts.

 

Meetings and Attendance

During the financial year ended 31st March, 2013, three
meetings of the Sustainability Committee were held, as
follows:

Ce TUT) No. of
Strength aay

Aya

 

1 Sth April, 2012
2 24th May, 2012 6 6
3 28th March, 2013 7 7

Attendance at Sustainability Committee Meetings during
the financial year

Ce AUT Sea UCT

Y.C. Deveshwar 3
S. Banerjee s)
H. G. Powell 3
A. Ruys s)
B. Sen 3
M. Shankar @ 1
B. Vijayaraghavan 3

@ Appointed Member w.e.f. 18th January, 2013.
CORPORATE MANAGEMENT COMMITTEE

The primary role of the Corporate Management
Committee is strategic management of the Company’s
businesses within Board approved direction / framework.

Composition

The Corporate Management Committee presently
comprises all the Executive Directors and six senior
members of management. The Chairman of the Company
is the Chairman of the Committee. The composition of
the Corporate Management Committee is determined
by the Board based on the recommendation of the
Nominations Committee.

The structure, processes and practices of governance
are designed to support effective management
of multiple businesses while retaining focus
on each one of them.

EI ITC Report and Accounts 2013
","MEN

Enduring Value

Report on Corporate Governance

Attendance at Nominations Committee Meetings
during the financial year

Ce LU See

Y.C. Deveshwar 2
A. Bail 2
S. Banerjee 2
A.V. Girija Kumar 2
$.H. Khan 2
S. B. Mathur 1
D.K. Mehrotra Nil
P. B, Ramanujam 2
§.$.H. Rehman @ NA
M. Shankar ® NA
K. Vaidyanath 2

@ Appointed Member w.e.f. 18th January, 2013.

V. SUSTAINABILITY COMMITTEE

The role of the Sustainability Committee is to review,
monitor and provide strategic direction to the Company's
sustainability practices towards fulfilling its triple bottom
line objectives. The Committee seeks to guide the
Company in integrating its social and environmental
objectives with its business strategies.

Composition

The Sustainability Committee presently comprises the
Chairman of the Company and six Non-Executive
Directors, four of whom are Independent Directors. The
Chairman of the Company is the Chairman of the
Committee.

The names of the members of the Sustainability
Committee, including its Chairman, are provided under
the section ‘Board of Directors and Committees’ in the
Report and Accounts.

 

Meetings and Attendance

During the financial year ended 31st March, 2013, three
meetings of the Sustainability Committee were held, as
follows:

CO TUL ac
SU PCa

Meta

 

1 Sth April, 2012
2 ddth May, 2012 6 6
3 28th March, 2013 7 7

Attendance at Sustainability Committee Meetings during
the financial year

Ce CRU Se Ur

Y.C. Deveshwar 3
S. Banerjee 3
H. G. Powell 3
A. Ruys 3
B. Sen 3
M. Shankar @ 1
B. Vijayaraghavan 3

@ Appointed Member w.e.f 18th January. 2013.
CORPORATE MANAGEMENT COMMITTEE

The primary role of the Corporate Management
Committee is strategic management of the Company’s
businesses within Board approved direction / framework.

Composition

The Corporate Management Committee presently
comprises all the Executive Directors and six senior
members of management. The Chairman of the Company
is the Chairman of the Committee. The composition of
the Corporate Management Committee is determined
by the Board based on the recommendation of the
Nominations Committee.

The structure, processes and practices of governance
are designed to support effective management
of multiple businesses while retaining focus
on each one of them.

ITC Report and Accounts 2013
Source: https:/iwye..

 

 
",True,True,7.423,5.261
20,cigfil limited,layout,simple," 

.

“CIGFIL LIMITED, CHENNAI

Schedules annexed to and forming part of Balance Sheet as at 31.03.2004

3) Acetate Filament Yarn/Fibre
Current Year
Previous year

4) Acetate Tow
Current Year
Previous year

5) Poly Propelene
Current Year
Previous year

D) Opening and Closing Stock of goods produced :

1) Opening Stock :
a) Cigarette Filter Rods
Current Year
Previous year

b) Poly Propelene Woven Fabrics/Sacks
Current Year
Previous year

2) Closing Stock :
a) Cigarette Filter Rods
Current Year
Previous year

b) Poly Propelene Woven Fabrics/Sacks.
Current Year
Previous year

Kgs Rs. In lakhs
25,471 | 37.35
(12,431) (27.67)

Kgs Rs. In lakhs
661,328 | 1,262.58
(725,722) (1519.97)

MTs Rs. Inlakhs
102.550 | 46.88
(235.949) (106.84)
inMNR___Rs. In lakhs

64.232
(18.7652) (13.56)
in Kgs Rs. In lakhs
. NIL

NIL NIL
inMNR__Rs. In lakhs
31.5594 23.97
(64.232) (51.46)

in Kgs __Rs. In lakhs
| 3220 S| 3.23
2863.5 [| 2.87,

E) Value of imported/indigenous raw materials, stores & spare parts and components

consumed :

1) Raw Materials :
Imported :
Current Year
Previous year

Indigenous :
Current Year
Previous year

Percentage

79.23% |
(82.85%)

20.77%
(17.15%)

Rs. In lakhs

1,304.95
(1596.85)

342.04
(330.44)
"," 

“CIGFIL LIMITED, CHENNAI

Schedules annexed to and forming part of Balance Sheet as at 31.03.2004

3) Acetate Filament Yarn/Fibre Kgs Rs. In lakhs
Current Year 25,471 37.85
Previous year (12,431) (27.67)

4) Acetate Tow Kgs Rs. In lakhs
Current Year 661,328 | 1,262.58
Previous year (725,722) (1519.97)

5) Poly Propelene MTs Rs. In lakhs
Current Year 102.550 46.88
Previous year (235.949) (106.84)

D) Opening and Closing Stock of goods produced :

1) Opening Stock :

a) Cigarette Filter Rods in MNR Rs. In lakhs
Current Year
Previous year (18.7652) (13.56)

b) Poly Propelene Woven Fabrics/Sacks in Kgs Rs. In lakhs
Current Year NIL
Previous year NIL NIL

2) Closing Stock :

a) Cigarette Filter Rods in MNR Rs. In lakhs
Current Year 31.5594 23.97
Previous year (64.232) (51.46)
b) Poly Propelene Woven Fabrics/Sacks in Kgs Rs. In lakhs
Current Year 3220, | 3.23
Previous year 2863.5 2.87
E) Value of imported/indigenous raw materials, stores & spare parts and components
consumed :
1) Raw Materials : Percentage Rs. In lakhs
Imported : /
Current Year 79.23% 1,304.95
Previous year (82.85%) (1596.85)
Indigenous :
Current Year 20.77% 342.04

Previous year (17.15%) (330.44)
",True,True,3.131,4.462
21,chennai,layout,simple," 

.

“CIGFIL LIMITED, CHENNAI

Schedules annexed to and forming part of Balance Sheet as at 31.03.2004

3) Acetate Filament Yarn/Fibre
Current Year
Previous year

4) Acetate Tow
Current Year
Previous year

5) Poly Propelene
Current Year
Previous year

D) Opening and Closing Stock of goods produced :

1) Opening Stock :
a) Cigarette Filter Rods
Current Year
Previous year

b) Poly Propelene Woven Fabrics/Sacks
Current Year
Previous year

2) Closing Stock :
a) Cigarette Filter Rods
Current Year
Previous year

b) Poly Propelene Woven Fabrics/Sacks.
Current Year
Previous year

Kgs Rs. In lakhs
25,471 | 37.35
(12,431) (27.67)

Kgs Rs. In lakhs
661,328 | 1,262.58
(725,722) (1519.97)

MTs Rs. Inlakhs
102.550 | 46.88
(235.949) (106.84)
inMNR___Rs. In lakhs

64.232
(18.7652) (13.56)
in Kgs Rs. In lakhs
. NIL

NIL NIL
inMNR__Rs. In lakhs
31.5594 23.97
(64.232) (51.46)

in Kgs __Rs. In lakhs
| 3220 S| 3.23
2863.5 [| 2.87,

E) Value of imported/indigenous raw materials, stores & spare parts and components

consumed :

1) Raw Materials :
Imported :
Current Year
Previous year

Indigenous :
Current Year
Previous year

Percentage

79.23% |
(82.85%)

20.77%
(17.15%)

Rs. In lakhs

1,304.95
(1596.85)

342.04
(330.44)
"," 

“CIGFIL LIMITED, CHENNAI

Schedules annexed to and forming part of Balance Sheet as at 31.03.2004

3) Acetate Filament Yarn/Fibre Kgs Rs. In lakhs
Current Year 25,471 37.85
Previous year (12,431) (27.67)

4) Acetate Tow Kgs Rs. In lakhs
Current Year 661,328 | 1,262.58
Previous year (725,722) (1519.97)

5) Poly Propelene MTs Rs. In lakhs
Current Year 102.550 46.88
Previous year (235.949) (106.84)

D) Opening and Closing Stock of goods produced :

1) Opening Stock :

a) Cigarette Filter Rods in MNR Rs. In lakhs
Current Year
Previous year (18.7652) (13.56)

b) Poly Propelene Woven Fabrics/Sacks in Kgs Rs. In lakhs
Current Year NIL
Previous year NIL NIL

2) Closing Stock :

a) Cigarette Filter Rods in MNR Rs. In lakhs
Current Year 31.5594 23.97
Previous year (64.232) (51.46)
b) Poly Propelene Woven Fabrics/Sacks in Kgs Rs. In lakhs
Current Year 3220, | 3.23
Previous year 2863.5 2.87
E) Value of imported/indigenous raw materials, stores & spare parts and components
consumed :
1) Raw Materials : Percentage Rs. In lakhs
Imported : /
Current Year 79.23% 1,304.95
Previous year (82.85%) (1596.85)
Indigenous :
Current Year 20.77% 342.04

Previous year (17.15%) (330.44)
",True,True,3.806,3.149
22,(79.23%),form,simple," 

.

“CIGFIL LIMITED, CHENNAI

Schedules annexed to and forming part of Balance Sheet as at 31.03.2004

3) Acetate Filament Yarn/Fibre
Current Year
Previous year

4) Acetate Tow
Current Year
Previous year

5) Poly Propelene
Current Year
Previous year

D) Opening and Closing Stock of goods produced :

1) Opening Stock :
a) Cigarette Filter Rods
Current Year
Previous year

b) Poly Propelene Woven Fabrics/Sacks
Current Year
Previous year

2) Closing Stock :
a) Cigarette Filter Rods
Current Year
Previous year

b) Poly Propelene Woven Fabrics/Sacks.
Current Year
Previous year

Kgs Rs. In lakhs
25,471 | 37.35
(12,431) (27.67)

Kgs Rs. In lakhs
661,328 | 1,262.58
(725,722) (1519.97)

MTs Rs. Inlakhs
102.550 | 46.88
(235.949) (106.84)
inMNR___Rs. In lakhs

64.232
(18.7652) (13.56)
in Kgs Rs. In lakhs
. NIL

NIL NIL
inMNR__Rs. In lakhs
31.5594 23.97
(64.232) (51.46)

in Kgs __Rs. In lakhs
| 3220 S| 3.23
2863.5 [| 2.87,

E) Value of imported/indigenous raw materials, stores & spare parts and components

consumed :

1) Raw Materials :
Imported :
Current Year
Previous year

Indigenous :
Current Year
Previous year

Percentage

79.23% |
(82.85%)

20.77%
(17.15%)

Rs. In lakhs

1,304.95
(1596.85)

342.04
(330.44)
"," 

“CIGFIL LIMITED, CHENNAI

Schedules annexed to and forming part of Balance Sheet as at 31.03.2004

3) Acetate Filament Yarn/Fibre Kgs Rs. In lakhs
Current Year 25,471 37.85
Previous year (12,431) (27.67)

4) Acetate Tow Kgs Rs. In lakhs
Current Year 661,328 | 1,262.58
Previous year (725,722) (1519.97)

5) Poly Propelene MTs Rs. In lakhs
Current Year 102.550 46.88
Previous year (235.949) (106.84)

D) Opening and Closing Stock of goods produced :

1) Opening Stock :

a) Cigarette Filter Rods in MNR Rs. In lakhs
Current Year
Previous year (18.7652) (13.56)

b) Poly Propelene Woven Fabrics/Sacks in Kgs Rs. In lakhs
Current Year NIL
Previous year NIL NIL

2) Closing Stock :

a) Cigarette Filter Rods in MNR Rs. In lakhs
Current Year 31.5594 23.97
Previous year (64.232) (51.46)
b) Poly Propelene Woven Fabrics/Sacks in Kgs Rs. In lakhs
Current Year 3220, | 3.23
Previous year 2863.5 2.87
E) Value of imported/indigenous raw materials, stores & spare parts and components
consumed :
1) Raw Materials : Percentage Rs. In lakhs
Imported : /
Current Year 79.23% 1,304.95
Previous year (82.85%) (1596.85)
Indigenous :
Current Year 20.77% 342.04

Previous year (17.15%) (330.44)
",False,False,3.184,4.427
23,11:39 to 11:44 a.m.,table/list,medium,"11:14 to
11:39 a.m

11:39 to

11:44 a.m.

11:44 a.m.

to

12:25 p.m.

12:25 to

12:58 p.m.

12:58 to
4:00 p.m.

2:00 to
5:00 p.m.

Coffee Break
Coffee will be served for men and
women in the lobby adjacent to
exhibit area. Please move into
exhibit area. (Exhibits Open)

TRRF GENERAL SESSION (PART |)

Presiding: Lee A. Waller
TRRF Vice President

“Introductory Remarks”
Lee A. Waller, TRRF Vice Presi-
dent

Individual Interviews with TRRF
Public Board Members and Sci-
entific Advisory Council Mem-
bers
Conducted by TRRF Treasurer
Philip G. Kuehn to get answers
which the public refrigerated
warehousing industry is looking
for. Plus questions from the floor.
Dr. Emil M. Mrak, University of Cal-
ifornia, Chairman, TRRF Board;
Sam R. Cecil, University of Georgia
College of Agriculture; Dr. Stanley
Charm, Tufts University School of
Medicine; Dr. Robert H. Cotton, ITT
Continental Baking Company; Dr.
Owen Fennema, University of Wis-
consin; Dr. Robert E. Hardenburg,
USDA.

Questions and Answers

Exhibits Open
Capt. Jack Stoney Room

TRRF Scientific Advisory
Council Meeting

Ballroom Foyer

 
","11.14 to
11:39 a.m

11:39 to
11:44am

11:44 am
to
12:25 p.m

12:25 to
12:58 p.m

12:58 to
4:00 p.m

2:00 to
5:00 p.m

Coffee Break
Coffee will be served for men and
women in the lobby adjacent to
exhibit area. Please move into
exhibit area. (Exhibits Open)

TRRF GENERAL SESSION (PART 1)

Presiding: Lee A. Waller
TRRF Vice President

“Introductory Remarks”
Lee A. Waller, TRRF Vice Presi-
dent

Individual Interviews with TRRF
Public Board Members and Sci-
entific Advisory Council Mem-
bers
Conducted by TRRF Treasurer
Philip G. Kuehn to get answers
which the public refrigerated
warehousing industry is looking
for. Plus questions from the floor.
Dr. Emil M. Mrak. University of Cal-
ifornia, Chairman. TRRF Board,
Sam R. Cecil. University of Georgia
College of Agriculture: Dr. Stanley
Charm. Tufts University School of
Medicine: Dr. Robert H. Cotton. ITT
Continental Baking Company: Dr.
Owen Fennema. University of Wis-
consin; Dr. Robert E. Hardenburg,
USDA

Questions and Answers

Exhibits Open
Capt. Jack Stoney Room

TRRF Scientific Advisory
Council Meeting

Ballroom Foyer

 
",False,False,3.25,2.598
24,As competitor's joined the price war,free_text,medium," 

“bY Tey eS Segre rr rm rr gy

TACO BELL
4. 1993 FORECAST:
¢ Analysts forecast significantly reduced growth
¢ Slowed Expansion

* Leveled off automation efficiencies

 

¢ As competitor's joined the price war, Taco Bell’s strong consumer base
decreased.

Source: Investor's Business Daily

THS6 9EETS 31

 
"," 

ee @ we Ne NaS a @ ~~ oe Ye Oe ee ~ - - - : @

TACO BELL
4. 1993 FORECAST:
¢ Analysts forecast significantly reduced growth
¢ Slowed Expansion

* Leveled off automation efficiencies

 

¢ As competitor's joined the price war, Taco Bell’s strong consumer base
decreased.

Source: Investor's Business Daily

THS6 YEETS 3]

 
",True,True,1.073,1.158
25,82.85,form,simple," 

.

“CIGFIL LIMITED, CHENNAI

Schedules annexed to and forming part of Balance Sheet as at 31.03.2004

3) Acetate Filament Yarn/Fibre
Current Year
Previous year

4) Acetate Tow
Current Year
Previous year

5) Poly Propelene
Current Year
Previous year

D) Opening and Closing Stock of goods produced :

1) Opening Stock :
a) Cigarette Filter Rods
Current Year
Previous year

b) Poly Propelene Woven Fabrics/Sacks
Current Year
Previous year

2) Closing Stock :
a) Cigarette Filter Rods
Current Year
Previous year

b) Poly Propelene Woven Fabrics/Sacks.
Current Year
Previous year

Kgs Rs. In lakhs
25,471 | 37.35
(12,431) (27.67)

Kgs Rs. In lakhs
661,328 | 1,262.58
(725,722) (1519.97)

MTs Rs. Inlakhs
102.550 | 46.88
(235.949) (106.84)
inMNR___Rs. In lakhs

64.232
(18.7652) (13.56)
in Kgs Rs. In lakhs
. NIL

NIL NIL
inMNR__Rs. In lakhs
31.5594 23.97
(64.232) (51.46)

in Kgs __Rs. In lakhs
| 3220 S| 3.23
2863.5 [| 2.87,

E) Value of imported/indigenous raw materials, stores & spare parts and components

consumed :

1) Raw Materials :
Imported :
Current Year
Previous year

Indigenous :
Current Year
Previous year

Percentage

79.23% |
(82.85%)

20.77%
(17.15%)

Rs. In lakhs

1,304.95
(1596.85)

342.04
(330.44)
"," 

“CIGFIL LIMITED, CHENNAI

Schedules annexed to and forming part of Balance Sheet as at 31.03.2004

3) Acetate Filament Yarn/Fibre Kgs Rs. In lakhs
Current Year 25,471 37.85
Previous year (12,431) (27.67)

4) Acetate Tow Kgs Rs. In lakhs
Current Year 661,328 | 1,262.58
Previous year (725,722) (1519.97)

5) Poly Propelene MTs Rs. In lakhs
Current Year 102.550 46.88
Previous year (235.949) (106.84)

D) Opening and Closing Stock of goods produced :

1) Opening Stock :

a) Cigarette Filter Rods in MNR Rs. In lakhs
Current Year
Previous year (18.7652) (13.56)

b) Poly Propelene Woven Fabrics/Sacks in Kgs Rs. In lakhs
Current Year NIL
Previous year NIL NIL

2) Closing Stock :

a) Cigarette Filter Rods in MNR Rs. In lakhs
Current Year 31.5594 23.97
Previous year (64.232) (51.46)
b) Poly Propelene Woven Fabrics/Sacks in Kgs Rs. In lakhs
Current Year 3220, | 3.23
Previous year 2863.5 2.87
E) Value of imported/indigenous raw materials, stores & spare parts and components
consumed :
1) Raw Materials : Percentage Rs. In lakhs
Imported : /
Current Year 79.23% 1,304.95
Previous year (82.85%) (1596.85)
Indigenous :
Current Year 20.77% 342.04

Previous year (17.15%) (330.44)
",True,True,3.24,5.186
26,20.77%,form,simple," 

.

“CIGFIL LIMITED, CHENNAI

Schedules annexed to and forming part of Balance Sheet as at 31.03.2004

3) Acetate Filament Yarn/Fibre
Current Year
Previous year

4) Acetate Tow
Current Year
Previous year

5) Poly Propelene
Current Year
Previous year

D) Opening and Closing Stock of goods produced :

1) Opening Stock :
a) Cigarette Filter Rods
Current Year
Previous year

b) Poly Propelene Woven Fabrics/Sacks
Current Year
Previous year

2) Closing Stock :
a) Cigarette Filter Rods
Current Year
Previous year

b) Poly Propelene Woven Fabrics/Sacks.
Current Year
Previous year

Kgs Rs. In lakhs
25,471 | 37.35
(12,431) (27.67)

Kgs Rs. In lakhs
661,328 | 1,262.58
(725,722) (1519.97)

MTs Rs. Inlakhs
102.550 | 46.88
(235.949) (106.84)
inMNR___Rs. In lakhs

64.232
(18.7652) (13.56)
in Kgs Rs. In lakhs
. NIL

NIL NIL
inMNR__Rs. In lakhs
31.5594 23.97
(64.232) (51.46)

in Kgs __Rs. In lakhs
| 3220 S| 3.23
2863.5 [| 2.87,

E) Value of imported/indigenous raw materials, stores & spare parts and components

consumed :

1) Raw Materials :
Imported :
Current Year
Previous year

Indigenous :
Current Year
Previous year

Percentage

79.23% |
(82.85%)

20.77%
(17.15%)

Rs. In lakhs

1,304.95
(1596.85)

342.04
(330.44)
"," 

“CIGFIL LIMITED, CHENNAI

Schedules annexed to and forming part of Balance Sheet as at 31.03.2004

3) Acetate Filament Yarn/Fibre Kgs Rs. In lakhs
Current Year 25,471 37.85
Previous year (12,431) (27.67)

4) Acetate Tow Kgs Rs. In lakhs
Current Year 661,328 | 1,262.58
Previous year (725,722) (1519.97)

5) Poly Propelene MTs Rs. In lakhs
Current Year 102.550 46.88
Previous year (235.949) (106.84)

D) Opening and Closing Stock of goods produced :

1) Opening Stock :

a) Cigarette Filter Rods in MNR Rs. In lakhs
Current Year
Previous year (18.7652) (13.56)

b) Poly Propelene Woven Fabrics/Sacks in Kgs Rs. In lakhs
Current Year NIL
Previous year NIL NIL

2) Closing Stock :

a) Cigarette Filter Rods in MNR Rs. In lakhs
Current Year 31.5594 23.97
Previous year (64.232) (51.46)
b) Poly Propelene Woven Fabrics/Sacks in Kgs Rs. In lakhs
Current Year 3220, | 3.23
Previous year 2863.5 2.87
E) Value of imported/indigenous raw materials, stores & spare parts and components
consumed :
1) Raw Materials : Percentage Rs. In lakhs
Imported : /
Current Year 79.23% 1,304.95
Previous year (82.85%) (1596.85)
Indigenous :
Current Year 20.77% 342.04

Previous year (17.15%) (330.44)
",True,True,3.174,3.147
27,17.15,form,simple," 

.

“CIGFIL LIMITED, CHENNAI

Schedules annexed to and forming part of Balance Sheet as at 31.03.2004

3) Acetate Filament Yarn/Fibre
Current Year
Previous year

4) Acetate Tow
Current Year
Previous year

5) Poly Propelene
Current Year
Previous year

D) Opening and Closing Stock of goods produced :

1) Opening Stock :
a) Cigarette Filter Rods
Current Year
Previous year

b) Poly Propelene Woven Fabrics/Sacks
Current Year
Previous year

2) Closing Stock :
a) Cigarette Filter Rods
Current Year
Previous year

b) Poly Propelene Woven Fabrics/Sacks.
Current Year
Previous year

Kgs Rs. In lakhs
25,471 | 37.35
(12,431) (27.67)

Kgs Rs. In lakhs
661,328 | 1,262.58
(725,722) (1519.97)

MTs Rs. Inlakhs
102.550 | 46.88
(235.949) (106.84)
inMNR___Rs. In lakhs

64.232
(18.7652) (13.56)
in Kgs Rs. In lakhs
. NIL

NIL NIL
inMNR__Rs. In lakhs
31.5594 23.97
(64.232) (51.46)

in Kgs __Rs. In lakhs
| 3220 S| 3.23
2863.5 [| 2.87,

E) Value of imported/indigenous raw materials, stores & spare parts and components

consumed :

1) Raw Materials :
Imported :
Current Year
Previous year

Indigenous :
Current Year
Previous year

Percentage

79.23% |
(82.85%)

20.77%
(17.15%)

Rs. In lakhs

1,304.95
(1596.85)

342.04
(330.44)
"," 

“CIGFIL LIMITED, CHENNAI

Schedules annexed to and forming part of Balance Sheet as at 31.03.2004

3) Acetate Filament Yarn/Fibre Kgs Rs. In lakhs
Current Year 25,471 37.85
Previous year (12,431) (27.67)

4) Acetate Tow Kgs Rs. In lakhs
Current Year 661,328 | 1,262.58
Previous year (725,722) (1519.97)

5) Poly Propelene MTs Rs. In lakhs
Current Year 102.550 46.88
Previous year (235.949) (106.84)

D) Opening and Closing Stock of goods produced :

1) Opening Stock :

a) Cigarette Filter Rods in MNR Rs. In lakhs
Current Year
Previous year (18.7652) (13.56)

b) Poly Propelene Woven Fabrics/Sacks in Kgs Rs. In lakhs
Current Year NIL
Previous year NIL NIL

2) Closing Stock :

a) Cigarette Filter Rods in MNR Rs. In lakhs
Current Year 31.5594 23.97
Previous year (64.232) (51.46)
b) Poly Propelene Woven Fabrics/Sacks in Kgs Rs. In lakhs
Current Year 3220, | 3.23
Previous year 2863.5 2.87
E) Value of imported/indigenous raw materials, stores & spare parts and components
consumed :
1) Raw Materials : Percentage Rs. In lakhs
Imported : /
Current Year 79.23% 1,304.95
Previous year (82.85%) (1596.85)
Indigenous :
Current Year 20.77% 342.04

Previous year (17.15%) (330.44)
",True,True,3.17,5.223
28,A. C. Monk,table/list,medium,"nn —————eeVVwe re rs

DATE: March 22, 1991

4 "" COUNTRY _- U.S.

 

 

 

GRADE - CGl 1989 Chinese Flue Cured
Dealer Lbs. Strips Packed % Packed No. Rejects/Reruns - Reason
A. CG. Monk 597,472 100.0 1_stem
Total 597,472 100.0 i

Foreign Matter Found In Core Samples

E
a
bl
Fs

On

lo. of Pieces

el
tad
ro
(sa)

 

ic
IND

rass/Straw

nt/Strin:

 

 

'

>

in
Ino
i jt

 

Plastic

Feathers

2
BE
a. if

 

8
EE
be
nm

otal Pieces

PUTT TT

E

Lbs. Core
Sample

No. Pieces
Lb.

PIT LLEP PET
PIT TIT
MIT PEELE
PIT LTPP EEET
PIT TTT
MIT PT ELEET
PTT PEELE TTT

[uo
id
=

re]

 

680@ 9¢¢Ts

 
","ee ww

DATE: _March 22, 1991
, ‘ COUNTRY - U.S. _
GRADE - CG] 1989 Chinese Flue Cured

 

 

 

Dealer Lbs. Strips Packed % Packed No. Rejects/Reruns - Reason
A. ¢C. Monk 597,472 100.0 1_stem
Total 597,472 100.0 i

Foreign Matter Found In Core Samples

 

 

 

A. CG.
DEALER Monk —— —— ——. ——— ——_ ——_ ——_
TYPE: CN. OF Pleces 0
Grass/Straw 2 ——_ —_ ——_ —_ ——_
Lint/String 22 —_—— —_— ——_. — —_——_ —_— ——
Paper 4 ——_ —_—_. —. —_—_ —_—— —_— —
Plastic —_——_—. —__ — —_—. —_——.
Feathers — —_ ——_ —_— —— ——_
Foam —_—_- —_—_ — ——_. — ——. ——_ ——
Wood —— —_— —— ——_ —— —— ——_ ——
Foil ——_ —— —_—— —— — — —_—_— —_—_
Other ——. —— —_—- —_——- — —— —— —_——
Total Pieces
F. 4. 28 —_——_ —_— —__ —_—_ —_— —_—- ——
Lbs. Core
Sample 332 —— —_—— — —__ —— —_— ——
No. Pieces
FLM, / Lb. 1 __. —__ —_—— —_ ——_ —_—_— —

 

6800 9¢¢T5

 
",False,False,2.54,3.952
29,31,layout,simple," 

“bY Tey eS Segre rr rm rr gy

TACO BELL
4. 1993 FORECAST:
¢ Analysts forecast significantly reduced growth
¢ Slowed Expansion

* Leveled off automation efficiencies

 

¢ As competitor's joined the price war, Taco Bell’s strong consumer base
decreased.

Source: Investor's Business Daily

THS6 9EETS 31

 
"," 

ee @ we Ne NaS a @ ~~ oe Ye Oe ee ~ - - - : @

TACO BELL
4. 1993 FORECAST:
¢ Analysts forecast significantly reduced growth
¢ Slowed Expansion

* Leveled off automation efficiencies

 

¢ As competitor's joined the price war, Taco Bell’s strong consumer base
decreased.

Source: Investor's Business Daily

THS6 YEETS 3]

 
",True,False,1.083,1.153
30,ITC Limited,layout,simple,"7 ITC Limited REPORT AND ACCOUNTS 2013

ITC’s Brands:
Innovating for India

ITC’s strong portfolio of brands and products are
supported by well-defined research and development
strategies executed by the dedicated state-of-the-art ‘ITC
Life Sciences and Technology Centre’ in Bengaluru. This
Centre, an integral part of ITC's future-ready capabilities,
is set to drive game-changing innovations for its
businesses of tomorrow. The core of this strategy is to
design and provide customised superior solutions that
address the unique needs of the Indian c
pool of highly qualified scien

(cc (eraliesst=)\Vaxe ANA
winning branc

  
 
 
 
 
 
 
 
 
 
   
  

 

    
 

ai’

Meet ete Cte ney” - a, =

  

  

=
ttps://Miww.indus
","7 ITC Limited REPORT AND ACCOUNTS 2013

ITC’s Brands:
Innovating for India

ITC's strong portfolio of brands and products are
supported by well-defined research and development
strategies executed by the dedicated state-of-the-art ‘ITC
Life Sciences and Technology Centre’ in Bengaluru. This
Centre, an integral part of ITC's future-ready capabilities,
is set to drive game-changing innovations for its
businesses of tomorrow. The core of this strategy is to
design and provide customised superior solutions that
address the unique needs of the Indiag

pool of highly qualified scien

relentlessly d
winning

 
  
 
 
 
 
  
  
 
 
   
  

ae
omc.
a oo a

~ bo =, ;
Iprettes arececetthh. Memo Reet (eee ec . od Ya

  

[Ua ene

 
",True,True,4.409,3.09
31,bengaluru,free_text,simple,"7 ITC Limited REPORT AND ACCOUNTS 2013

ITC’s Brands:
Innovating for India

ITC’s strong portfolio of brands and products are
supported by well-defined research and development
strategies executed by the dedicated state-of-the-art ‘ITC
Life Sciences and Technology Centre’ in Bengaluru. This
Centre, an integral part of ITC's future-ready capabilities,
is set to drive game-changing innovations for its
businesses of tomorrow. The core of this strategy is to
design and provide customised superior solutions that
address the unique needs of the Indian c
pool of highly qualified scien

(cc (eraliesst=)\Vaxe ANA
winning branc

  
 
 
 
 
 
 
 
 
 
   
  

 

    
 

ai’

Meet ete Cte ney” - a, =

  

  

=
ttps://Miww.indus
","7 ITC Limited REPORT AND ACCOUNTS 2013

ITC’s Brands:
Innovating for India

ITC's strong portfolio of brands and products are
supported by well-defined research and development
strategies executed by the dedicated state-of-the-art ‘ITC
Life Sciences and Technology Centre’ in Bengaluru. This
Centre, an integral part of ITC's future-ready capabilities,
is set to drive game-changing innovations for its
businesses of tomorrow. The core of this strategy is to
design and provide customised superior solutions that
address the unique needs of the Indiag

pool of highly qualified scien

relentlessly d
winning

 
  
 
 
 
 
  
  
 
 
   
  

ae
omc.
a oo a

~ bo =, ;
Iprettes arececetthh. Memo Reet (eee ec . od Ya

  

[Ua ene

 
",True,True,2.785,2.662
32,2,table/list,simple,"nn —————eeVVwe re rs

DATE: March 22, 1991

4 "" COUNTRY _- U.S.

 

 

 

GRADE - CGl 1989 Chinese Flue Cured
Dealer Lbs. Strips Packed % Packed No. Rejects/Reruns - Reason
A. CG. Monk 597,472 100.0 1_stem
Total 597,472 100.0 i

Foreign Matter Found In Core Samples

E
a
bl
Fs

On

lo. of Pieces

el
tad
ro
(sa)

 

ic
IND

rass/Straw

nt/Strin:

 

 

'

>

in
Ino
i jt

 

Plastic

Feathers

2
BE
a. if

 

8
EE
be
nm

otal Pieces

PUTT TT

E

Lbs. Core
Sample

No. Pieces
Lb.

PIT LLEP PET
PIT TIT
MIT PEELE
PIT LTPP EEET
PIT TTT
MIT PT ELEET
PTT PEELE TTT

[uo
id
=

re]

 

680@ 9¢¢Ts

 
","ee ww

DATE: _March 22, 1991
, ‘ COUNTRY - U.S. _
GRADE - CG] 1989 Chinese Flue Cured

 

 

 

Dealer Lbs. Strips Packed % Packed No. Rejects/Reruns - Reason
A. ¢C. Monk 597,472 100.0 1_stem
Total 597,472 100.0 i

Foreign Matter Found In Core Samples

 

 

 

A. CG.
DEALER Monk —— —— ——. ——— ——_ ——_ ——_
TYPE: CN. OF Pleces 0
Grass/Straw 2 ——_ —_ ——_ —_ ——_
Lint/String 22 —_—— —_— ——_. — —_——_ —_— ——
Paper 4 ——_ —_—_. —. —_—_ —_—— —_— —
Plastic —_——_—. —__ — —_—. —_——.
Feathers — —_ ——_ —_— —— ——_
Foam —_—_- —_—_ — ——_. — ——. ——_ ——
Wood —— —_— —— ——_ —— —— ——_ ——
Foil ——_ —— —_—— —— — — —_—_— —_—_
Other ——. —— —_—- —_——- — —— —— —_——
Total Pieces
F. 4. 28 —_——_ —_— —__ —_—_ —_— —_—- ——
Lbs. Core
Sample 332 —— —_—— — —__ —— —_— ——
No. Pieces
FLM, / Lb. 1 __. —__ —_—— —_ ——_ —_—_— —

 

6800 9¢¢T5

 
",True,True,2.695,5.892
33,22,table/list,simple,"nn —————eeVVwe re rs

DATE: March 22, 1991

4 "" COUNTRY _- U.S.

 

 

 

GRADE - CGl 1989 Chinese Flue Cured
Dealer Lbs. Strips Packed % Packed No. Rejects/Reruns - Reason
A. CG. Monk 597,472 100.0 1_stem
Total 597,472 100.0 i

Foreign Matter Found In Core Samples

E
a
bl
Fs

On

lo. of Pieces

el
tad
ro
(sa)

 

ic
IND

rass/Straw

nt/Strin:

 

 

'

>

in
Ino
i jt

 

Plastic

Feathers

2
BE
a. if

 

8
EE
be
nm

otal Pieces

PUTT TT

E

Lbs. Core
Sample

No. Pieces
Lb.

PIT LLEP PET
PIT TIT
MIT PEELE
PIT LTPP EEET
PIT TTT
MIT PT ELEET
PTT PEELE TTT

[uo
id
=

re]

 

680@ 9¢¢Ts

 
","ee ww

DATE: _March 22, 1991
, ‘ COUNTRY - U.S. _
GRADE - CG] 1989 Chinese Flue Cured

 

 

 

Dealer Lbs. Strips Packed % Packed No. Rejects/Reruns - Reason
A. ¢C. Monk 597,472 100.0 1_stem
Total 597,472 100.0 i

Foreign Matter Found In Core Samples

 

 

 

A. CG.
DEALER Monk —— —— ——. ——— ——_ ——_ ——_
TYPE: CN. OF Pleces 0
Grass/Straw 2 ——_ —_ ——_ —_ ——_
Lint/String 22 —_—— —_— ——_. — —_——_ —_— ——
Paper 4 ——_ —_—_. —. —_—_ —_—— —_— —
Plastic —_——_—. —__ — —_—. —_——.
Feathers — —_ ——_ —_— —— ——_
Foam —_—_- —_—_ — ——_. — ——. ——_ ——
Wood —— —_— —— ——_ —— —— ——_ ——
Foil ——_ —— —_—— —— — — —_—_— —_—_
Other ——. —— —_—- —_——- — —— —— —_——
Total Pieces
F. 4. 28 —_——_ —_— —__ —_—_ —_— —_—- ——
Lbs. Core
Sample 332 —— —_—— — —__ —— —_— ——
No. Pieces
FLM, / Lb. 1 __. —__ —_—— —_ ——_ —_—_— —

 

6800 9¢¢T5

 
",True,True,2.522,3.962
34,y. c. deveshwar,table/list,medium,"MENA

Enduring Value

Report on Corporate Governance

the date of vesting of the Options and expires at the end
of five years from the date of such vesting.

The vesting period for conversion of Options is as follows:

On completion of 12 months from

the date of grant of the Options 30% vests

On completion of 24 months from
the date of grant of the Options 30% vests
On completion of 36 months from

the date of grant of the Options 40% vests

Shares and Options of Directors

ORCI T SEL
Ke lec

RA Tera
CTT RUT

 

 

 

(singly / jointly) EEA Le
as on 31st March, 2013
Y. C. Deveshwar 24,26,435 2,70,00
N. Anand 14,00 1,35,00
P.V. Dhobale 231,93 1,35,00
K.N. Grant 3,03,23 1,35,00
A. Baijal 1,20,00 10,00
S. Banerjee Ni Ni
A.V. Girija Kumar Ni Ni
S.H. Khan 3,58,00 10,00
S.B. Mathur 2,91,00 10,00
D.K. Mehrotra Ni Ni
H. G. Powell Ni 10,00
P. B. Ramanujam 2,62,856 10,00
5. S. H. Rehman 1,67,751 NA
A. Ruys Nil 10,00
B. Sen 530,540 Ni
M. Shankar Nil NA
K. Vaidyanath 23,93,480 10,00
B. Vijayaraghavan 492.520 Ni

 

Note: The Options were granted at the ‘market price’ as defined under the Securities
and Exchange Board of India (Employee Stock Option Scheme and Employee
Stock Purchase Scheme) Guidelines, 1999.

EJ ITC Report and Accounts 2013

 

Service Contracts, Severance Fee and Notice Period

The appointment of the Executive Directors is governed
by resolutions passed by the Board and the Shareholders
of the Company, which cover the terms and conditions
of such appointment read with the service rules of the
Company. A separate Service Contract is not entered
into by the Company with those elevated to the Board
from the management cadre, since they already have
a Service Contract with the Company.

There is no separate provision for payment of severance
fee under the resolutions governing the appointment of
Executive Directors who have all been drawn from
amongst the management cadre. The statutory provisions
will however apply. In terms of the Articles of Association
of the Company, a notice of one month is required to be
given by a Director seeking to vacate office and the
resignation takes effect upon the expiration of such
notice or its earlier acceptance by the Board.

Ill. INVESTORS GRIEVANCE COMMITTEE

The Investors Grievance Committee of the Board, under
the nomenclature ‘Investor Services Committee’,
oversees redressal of shareholder and investor
grievances, and, inter alia, approves sub-division /
consolidation / issue of duplicate share certificates,
transmission of shares and issue & allotment of shares
upon exercise of Options by employees under the
Company’s Employee Stock Option Schemes.

Composition

The Investor Services Committee presently comprises
five Directors, four of whom are Independent Directors.
The Chairman of the Committee is an Independent
Director.

The names of the members of the Investor Services
Committee, including its Chairman, are provided under
the section ‘Board of Directors and Committees’ in the
Report and Accounts.

Meetings and Attendance

Details of Investor Services Committee Meetings
during the financial year

During the financial year ended 31st March, 2013,
forty meetings of the Investor Services Committee
","MIN

Enduring Value

Report on Corporate Governance

the date of vesting of the Options and expires at the end
of five years from the date of such vesting.

The vesting period for conversion of Options is as follows:

On completion of 12 months from

the date of grant of the Options 30% vests

On completion of 24 months from
the date of grant of the Options 30% vests
On completion of 36 months from

the date of grant of the Options 40% vests

Shares and Options of Directors

CCE SIE LCS

mC U eect

 

ke re Uy
{singly / jointly) tinancial year
as on 31st March, 2013

Y.C. Deveshwar 24,26,435 2,70,000
N. Anand 14,000 1,385,000
P.V. Ohobale 231,930 1,35,000
K.N. Grant 3,03,230 1,35,000
A. Baijal 1,20,000 10,000
§. Banerjee hil Nil
A.V. Girija Kumar Nil Nil
8. H. Khan 358,000 10,000
S.B. Mathur 2,91,000 10,000
D. K. Mehrotra Nil Nil
H. G. Powell Nil 10,000
P.B. Ramanujam 2,62,856 10,000
S.$.H. Rehman 167,751 NA
A. Ruys hil 10,000
B. Sen 5,30,540 Nil
M. Shankar Nil NA
K. Vaidyanath 23,93,480 10,000
B. Vijayaraghavan 4,92,520 Nil

Note : The Options were granted at the ‘market price’ as defined under the Securities
and Exchange Board of india (Employee Stock Option Scheme and Employee
Stock Purchase Scheme) Guidelines, 1999.

Ey ITC Report and Accounts 2013

 

Service Contracts, Severance Fee and Notice Period

The appointment of the Executive Directors is governed
by resolutions passed by the Board and the Shareholders
of the Company, which cover the terms and conditions
of such appointment read with the service rules of the
Company. A separate Service Contract is not entered
into by the Company with those elevated to the Board
from the management cadre, since they already have
a Service Contract with the Company.

There is no separate provision for payment of severance
fee under the resolutions governing the appointment of
Executive Directors who have all been drawn from
amongst the management cadre. The statutory provisions
will however apply. In terms of the Articles of Association
of the Company, a notice of one month is required to be
given by a Director seeking to vacate office and the
resignation takes effect upon the expiration of such
notice or its earlier acceptance by the Board.

lll. INVESTORS GRIEVANCE COMMITTEE

The Investors Grievance Committee of the Board, under
the nomenclature ‘Investor Services Committee’,
oversees redressal of shareholder and investor
grievances, and, inter alia, approves sub-division /
consolidation / issue of duplicate share certificates,
transmission of shares and issue & allotment of shares
upon exercise of Options by employees under the
Company's Employee Stock Option Schemes.

Composition

The Investor Services Committee presently comprises
five Directors, four of whom are Independent Directors.
The Chairman of the Committee is an Independent
Director.

The names of the members of the Investor Services
Committee, including its Chairman, are provided under
the section ‘Board of Directors and Committees’ in the
Report and Accounts.

Meetings and Attendance

Details of Investor Services Committee Meetings
during the financial year

During the financial year ended 31st March, 2013,
forty meetings of the Investor Services Committee

Source: https:/Awews industrydocuments. ucsfedu/docs/snbxo0223
",True,False,8.888,6.916
35,"10,000",table/list,simple,"MENA

Enduring Value

Report on Corporate Governance

the date of vesting of the Options and expires at the end
of five years from the date of such vesting.

The vesting period for conversion of Options is as follows:

On completion of 12 months from

the date of grant of the Options 30% vests

On completion of 24 months from
the date of grant of the Options 30% vests
On completion of 36 months from

the date of grant of the Options 40% vests

Shares and Options of Directors

ORCI T SEL
Ke lec

RA Tera
CTT RUT

 

 

 

(singly / jointly) EEA Le
as on 31st March, 2013
Y. C. Deveshwar 24,26,435 2,70,00
N. Anand 14,00 1,35,00
P.V. Dhobale 231,93 1,35,00
K.N. Grant 3,03,23 1,35,00
A. Baijal 1,20,00 10,00
S. Banerjee Ni Ni
A.V. Girija Kumar Ni Ni
S.H. Khan 3,58,00 10,00
S.B. Mathur 2,91,00 10,00
D.K. Mehrotra Ni Ni
H. G. Powell Ni 10,00
P. B. Ramanujam 2,62,856 10,00
5. S. H. Rehman 1,67,751 NA
A. Ruys Nil 10,00
B. Sen 530,540 Ni
M. Shankar Nil NA
K. Vaidyanath 23,93,480 10,00
B. Vijayaraghavan 492.520 Ni

 

Note: The Options were granted at the ‘market price’ as defined under the Securities
and Exchange Board of India (Employee Stock Option Scheme and Employee
Stock Purchase Scheme) Guidelines, 1999.

EJ ITC Report and Accounts 2013

 

Service Contracts, Severance Fee and Notice Period

The appointment of the Executive Directors is governed
by resolutions passed by the Board and the Shareholders
of the Company, which cover the terms and conditions
of such appointment read with the service rules of the
Company. A separate Service Contract is not entered
into by the Company with those elevated to the Board
from the management cadre, since they already have
a Service Contract with the Company.

There is no separate provision for payment of severance
fee under the resolutions governing the appointment of
Executive Directors who have all been drawn from
amongst the management cadre. The statutory provisions
will however apply. In terms of the Articles of Association
of the Company, a notice of one month is required to be
given by a Director seeking to vacate office and the
resignation takes effect upon the expiration of such
notice or its earlier acceptance by the Board.

Ill. INVESTORS GRIEVANCE COMMITTEE

The Investors Grievance Committee of the Board, under
the nomenclature ‘Investor Services Committee’,
oversees redressal of shareholder and investor
grievances, and, inter alia, approves sub-division /
consolidation / issue of duplicate share certificates,
transmission of shares and issue & allotment of shares
upon exercise of Options by employees under the
Company’s Employee Stock Option Schemes.

Composition

The Investor Services Committee presently comprises
five Directors, four of whom are Independent Directors.
The Chairman of the Committee is an Independent
Director.

The names of the members of the Investor Services
Committee, including its Chairman, are provided under
the section ‘Board of Directors and Committees’ in the
Report and Accounts.

Meetings and Attendance

Details of Investor Services Committee Meetings
during the financial year

During the financial year ended 31st March, 2013,
forty meetings of the Investor Services Committee
","MIN

Enduring Value

Report on Corporate Governance

the date of vesting of the Options and expires at the end
of five years from the date of such vesting.

The vesting period for conversion of Options is as follows:

On completion of 12 months from

the date of grant of the Options 30% vests

On completion of 24 months from
the date of grant of the Options 30% vests
On completion of 36 months from

the date of grant of the Options 40% vests

Shares and Options of Directors

CCE SIE LCS

mC U eect

 

ke re Uy
{singly / jointly) tinancial year
as on 31st March, 2013

Y.C. Deveshwar 24,26,435 2,70,000
N. Anand 14,000 1,385,000
P.V. Ohobale 231,930 1,35,000
K.N. Grant 3,03,230 1,35,000
A. Baijal 1,20,000 10,000
§. Banerjee hil Nil
A.V. Girija Kumar Nil Nil
8. H. Khan 358,000 10,000
S.B. Mathur 2,91,000 10,000
D. K. Mehrotra Nil Nil
H. G. Powell Nil 10,000
P.B. Ramanujam 2,62,856 10,000
S.$.H. Rehman 167,751 NA
A. Ruys hil 10,000
B. Sen 5,30,540 Nil
M. Shankar Nil NA
K. Vaidyanath 23,93,480 10,000
B. Vijayaraghavan 4,92,520 Nil

Note : The Options were granted at the ‘market price’ as defined under the Securities
and Exchange Board of india (Employee Stock Option Scheme and Employee
Stock Purchase Scheme) Guidelines, 1999.

Ey ITC Report and Accounts 2013

 

Service Contracts, Severance Fee and Notice Period

The appointment of the Executive Directors is governed
by resolutions passed by the Board and the Shareholders
of the Company, which cover the terms and conditions
of such appointment read with the service rules of the
Company. A separate Service Contract is not entered
into by the Company with those elevated to the Board
from the management cadre, since they already have
a Service Contract with the Company.

There is no separate provision for payment of severance
fee under the resolutions governing the appointment of
Executive Directors who have all been drawn from
amongst the management cadre. The statutory provisions
will however apply. In terms of the Articles of Association
of the Company, a notice of one month is required to be
given by a Director seeking to vacate office and the
resignation takes effect upon the expiration of such
notice or its earlier acceptance by the Board.

lll. INVESTORS GRIEVANCE COMMITTEE

The Investors Grievance Committee of the Board, under
the nomenclature ‘Investor Services Committee’,
oversees redressal of shareholder and investor
grievances, and, inter alia, approves sub-division /
consolidation / issue of duplicate share certificates,
transmission of shares and issue & allotment of shares
upon exercise of Options by employees under the
Company's Employee Stock Option Schemes.

Composition

The Investor Services Committee presently comprises
five Directors, four of whom are Independent Directors.
The Chairman of the Committee is an Independent
Director.

The names of the members of the Investor Services
Committee, including its Chairman, are provided under
the section ‘Board of Directors and Committees’ in the
Report and Accounts.

Meetings and Attendance

Details of Investor Services Committee Meetings
during the financial year

During the financial year ended 31st March, 2013,
forty meetings of the Investor Services Committee

Source: https:/Awews industrydocuments. ucsfedu/docs/snbxo0223
",False,True,8.974,7.426
36,"24,26,435",table/list,simple,"MENA

Enduring Value

Report on Corporate Governance

the date of vesting of the Options and expires at the end
of five years from the date of such vesting.

The vesting period for conversion of Options is as follows:

On completion of 12 months from

the date of grant of the Options 30% vests

On completion of 24 months from
the date of grant of the Options 30% vests
On completion of 36 months from

the date of grant of the Options 40% vests

Shares and Options of Directors

ORCI T SEL
Ke lec

RA Tera
CTT RUT

 

 

 

(singly / jointly) EEA Le
as on 31st March, 2013
Y. C. Deveshwar 24,26,435 2,70,00
N. Anand 14,00 1,35,00
P.V. Dhobale 231,93 1,35,00
K.N. Grant 3,03,23 1,35,00
A. Baijal 1,20,00 10,00
S. Banerjee Ni Ni
A.V. Girija Kumar Ni Ni
S.H. Khan 3,58,00 10,00
S.B. Mathur 2,91,00 10,00
D.K. Mehrotra Ni Ni
H. G. Powell Ni 10,00
P. B. Ramanujam 2,62,856 10,00
5. S. H. Rehman 1,67,751 NA
A. Ruys Nil 10,00
B. Sen 530,540 Ni
M. Shankar Nil NA
K. Vaidyanath 23,93,480 10,00
B. Vijayaraghavan 492.520 Ni

 

Note: The Options were granted at the ‘market price’ as defined under the Securities
and Exchange Board of India (Employee Stock Option Scheme and Employee
Stock Purchase Scheme) Guidelines, 1999.

EJ ITC Report and Accounts 2013

 

Service Contracts, Severance Fee and Notice Period

The appointment of the Executive Directors is governed
by resolutions passed by the Board and the Shareholders
of the Company, which cover the terms and conditions
of such appointment read with the service rules of the
Company. A separate Service Contract is not entered
into by the Company with those elevated to the Board
from the management cadre, since they already have
a Service Contract with the Company.

There is no separate provision for payment of severance
fee under the resolutions governing the appointment of
Executive Directors who have all been drawn from
amongst the management cadre. The statutory provisions
will however apply. In terms of the Articles of Association
of the Company, a notice of one month is required to be
given by a Director seeking to vacate office and the
resignation takes effect upon the expiration of such
notice or its earlier acceptance by the Board.

Ill. INVESTORS GRIEVANCE COMMITTEE

The Investors Grievance Committee of the Board, under
the nomenclature ‘Investor Services Committee’,
oversees redressal of shareholder and investor
grievances, and, inter alia, approves sub-division /
consolidation / issue of duplicate share certificates,
transmission of shares and issue & allotment of shares
upon exercise of Options by employees under the
Company’s Employee Stock Option Schemes.

Composition

The Investor Services Committee presently comprises
five Directors, four of whom are Independent Directors.
The Chairman of the Committee is an Independent
Director.

The names of the members of the Investor Services
Committee, including its Chairman, are provided under
the section ‘Board of Directors and Committees’ in the
Report and Accounts.

Meetings and Attendance

Details of Investor Services Committee Meetings
during the financial year

During the financial year ended 31st March, 2013,
forty meetings of the Investor Services Committee
","MIN

Enduring Value

Report on Corporate Governance

the date of vesting of the Options and expires at the end
of five years from the date of such vesting.

The vesting period for conversion of Options is as follows:

On completion of 12 months from

the date of grant of the Options 30% vests

On completion of 24 months from
the date of grant of the Options 30% vests
On completion of 36 months from

the date of grant of the Options 40% vests

Shares and Options of Directors

CCE SIE LCS

mC U eect

 

ke re Uy
{singly / jointly) tinancial year
as on 31st March, 2013

Y.C. Deveshwar 24,26,435 2,70,000
N. Anand 14,000 1,385,000
P.V. Ohobale 231,930 1,35,000
K.N. Grant 3,03,230 1,35,000
A. Baijal 1,20,000 10,000
§. Banerjee hil Nil
A.V. Girija Kumar Nil Nil
8. H. Khan 358,000 10,000
S.B. Mathur 2,91,000 10,000
D. K. Mehrotra Nil Nil
H. G. Powell Nil 10,000
P.B. Ramanujam 2,62,856 10,000
S.$.H. Rehman 167,751 NA
A. Ruys hil 10,000
B. Sen 5,30,540 Nil
M. Shankar Nil NA
K. Vaidyanath 23,93,480 10,000
B. Vijayaraghavan 4,92,520 Nil

Note : The Options were granted at the ‘market price’ as defined under the Securities
and Exchange Board of india (Employee Stock Option Scheme and Employee
Stock Purchase Scheme) Guidelines, 1999.

Ey ITC Report and Accounts 2013

 

Service Contracts, Severance Fee and Notice Period

The appointment of the Executive Directors is governed
by resolutions passed by the Board and the Shareholders
of the Company, which cover the terms and conditions
of such appointment read with the service rules of the
Company. A separate Service Contract is not entered
into by the Company with those elevated to the Board
from the management cadre, since they already have
a Service Contract with the Company.

There is no separate provision for payment of severance
fee under the resolutions governing the appointment of
Executive Directors who have all been drawn from
amongst the management cadre. The statutory provisions
will however apply. In terms of the Articles of Association
of the Company, a notice of one month is required to be
given by a Director seeking to vacate office and the
resignation takes effect upon the expiration of such
notice or its earlier acceptance by the Board.

lll. INVESTORS GRIEVANCE COMMITTEE

The Investors Grievance Committee of the Board, under
the nomenclature ‘Investor Services Committee’,
oversees redressal of shareholder and investor
grievances, and, inter alia, approves sub-division /
consolidation / issue of duplicate share certificates,
transmission of shares and issue & allotment of shares
upon exercise of Options by employees under the
Company's Employee Stock Option Schemes.

Composition

The Investor Services Committee presently comprises
five Directors, four of whom are Independent Directors.
The Chairman of the Committee is an Independent
Director.

The names of the members of the Investor Services
Committee, including its Chairman, are provided under
the section ‘Board of Directors and Committees’ in the
Report and Accounts.

Meetings and Attendance

Details of Investor Services Committee Meetings
during the financial year

During the financial year ended 31st March, 2013,
forty meetings of the Investor Services Committee

Source: https:/Awews industrydocuments. ucsfedu/docs/snbxo0223
",True,True,8.361,8.513
37,70%,table/list,simple,"Emotional Enhancement

Smokers show above average
interest in romance and excitement

Feel the need to find more excitement and
sensation in life

Feel the need to restore romance and mystery
to modern life

But are more materialistic than non-smokers

Doing enjoyable things means more to me than
having a lot of prized possessions

There should be less emphasis on money
in our society

The only meaningful measure of success
is money

RYA712/MONITOR/mg/pt 7886 9EETS

Yankelovich MONITOR 1990

Non-
Smokers Smokers
% %

 
","Emotional Enhancement

Smokers show above average
interest in romance and excitement

Feel the need to find more excitement and
sensation in life

Feel the need to restore romance and mystery
to modern life

But are more materialistic than non-smokers

Doing enjoyable things means more to me than
having a lot of prized possessions

There should be less emphasis on money
in our society

The only meaningful measure of success
is money

FUR? 12/MONITOR img/pt Z886 9EETS

Yankelovich MONITOR 1990

Non-
Smokers Smokers
% %

 
",False,False,2.086,1.601
38,"14,000",table/list,simple,"MENA

Enduring Value

Report on Corporate Governance

the date of vesting of the Options and expires at the end
of five years from the date of such vesting.

The vesting period for conversion of Options is as follows:

On completion of 12 months from

the date of grant of the Options 30% vests

On completion of 24 months from
the date of grant of the Options 30% vests
On completion of 36 months from

the date of grant of the Options 40% vests

Shares and Options of Directors

ORCI T SEL
Ke lec

RA Tera
CTT RUT

 

 

 

(singly / jointly) EEA Le
as on 31st March, 2013
Y. C. Deveshwar 24,26,435 2,70,00
N. Anand 14,00 1,35,00
P.V. Dhobale 231,93 1,35,00
K.N. Grant 3,03,23 1,35,00
A. Baijal 1,20,00 10,00
S. Banerjee Ni Ni
A.V. Girija Kumar Ni Ni
S.H. Khan 3,58,00 10,00
S.B. Mathur 2,91,00 10,00
D.K. Mehrotra Ni Ni
H. G. Powell Ni 10,00
P. B. Ramanujam 2,62,856 10,00
5. S. H. Rehman 1,67,751 NA
A. Ruys Nil 10,00
B. Sen 530,540 Ni
M. Shankar Nil NA
K. Vaidyanath 23,93,480 10,00
B. Vijayaraghavan 492.520 Ni

 

Note: The Options were granted at the ‘market price’ as defined under the Securities
and Exchange Board of India (Employee Stock Option Scheme and Employee
Stock Purchase Scheme) Guidelines, 1999.

EJ ITC Report and Accounts 2013

 

Service Contracts, Severance Fee and Notice Period

The appointment of the Executive Directors is governed
by resolutions passed by the Board and the Shareholders
of the Company, which cover the terms and conditions
of such appointment read with the service rules of the
Company. A separate Service Contract is not entered
into by the Company with those elevated to the Board
from the management cadre, since they already have
a Service Contract with the Company.

There is no separate provision for payment of severance
fee under the resolutions governing the appointment of
Executive Directors who have all been drawn from
amongst the management cadre. The statutory provisions
will however apply. In terms of the Articles of Association
of the Company, a notice of one month is required to be
given by a Director seeking to vacate office and the
resignation takes effect upon the expiration of such
notice or its earlier acceptance by the Board.

Ill. INVESTORS GRIEVANCE COMMITTEE

The Investors Grievance Committee of the Board, under
the nomenclature ‘Investor Services Committee’,
oversees redressal of shareholder and investor
grievances, and, inter alia, approves sub-division /
consolidation / issue of duplicate share certificates,
transmission of shares and issue & allotment of shares
upon exercise of Options by employees under the
Company’s Employee Stock Option Schemes.

Composition

The Investor Services Committee presently comprises
five Directors, four of whom are Independent Directors.
The Chairman of the Committee is an Independent
Director.

The names of the members of the Investor Services
Committee, including its Chairman, are provided under
the section ‘Board of Directors and Committees’ in the
Report and Accounts.

Meetings and Attendance

Details of Investor Services Committee Meetings
during the financial year

During the financial year ended 31st March, 2013,
forty meetings of the Investor Services Committee
","MIN

Enduring Value

Report on Corporate Governance

the date of vesting of the Options and expires at the end
of five years from the date of such vesting.

The vesting period for conversion of Options is as follows:

On completion of 12 months from

the date of grant of the Options 30% vests

On completion of 24 months from
the date of grant of the Options 30% vests
On completion of 36 months from

the date of grant of the Options 40% vests

Shares and Options of Directors

CCE SIE LCS

mC U eect

 

ke re Uy
{singly / jointly) tinancial year
as on 31st March, 2013

Y.C. Deveshwar 24,26,435 2,70,000
N. Anand 14,000 1,385,000
P.V. Ohobale 231,930 1,35,000
K.N. Grant 3,03,230 1,35,000
A. Baijal 1,20,000 10,000
§. Banerjee hil Nil
A.V. Girija Kumar Nil Nil
8. H. Khan 358,000 10,000
S.B. Mathur 2,91,000 10,000
D. K. Mehrotra Nil Nil
H. G. Powell Nil 10,000
P.B. Ramanujam 2,62,856 10,000
S.$.H. Rehman 167,751 NA
A. Ruys hil 10,000
B. Sen 5,30,540 Nil
M. Shankar Nil NA
K. Vaidyanath 23,93,480 10,000
B. Vijayaraghavan 4,92,520 Nil

Note : The Options were granted at the ‘market price’ as defined under the Securities
and Exchange Board of india (Employee Stock Option Scheme and Employee
Stock Purchase Scheme) Guidelines, 1999.

Ey ITC Report and Accounts 2013

 

Service Contracts, Severance Fee and Notice Period

The appointment of the Executive Directors is governed
by resolutions passed by the Board and the Shareholders
of the Company, which cover the terms and conditions
of such appointment read with the service rules of the
Company. A separate Service Contract is not entered
into by the Company with those elevated to the Board
from the management cadre, since they already have
a Service Contract with the Company.

There is no separate provision for payment of severance
fee under the resolutions governing the appointment of
Executive Directors who have all been drawn from
amongst the management cadre. The statutory provisions
will however apply. In terms of the Articles of Association
of the Company, a notice of one month is required to be
given by a Director seeking to vacate office and the
resignation takes effect upon the expiration of such
notice or its earlier acceptance by the Board.

lll. INVESTORS GRIEVANCE COMMITTEE

The Investors Grievance Committee of the Board, under
the nomenclature ‘Investor Services Committee’,
oversees redressal of shareholder and investor
grievances, and, inter alia, approves sub-division /
consolidation / issue of duplicate share certificates,
transmission of shares and issue & allotment of shares
upon exercise of Options by employees under the
Company's Employee Stock Option Schemes.

Composition

The Investor Services Committee presently comprises
five Directors, four of whom are Independent Directors.
The Chairman of the Committee is an Independent
Director.

The names of the members of the Investor Services
Committee, including its Chairman, are provided under
the section ‘Board of Directors and Committees’ in the
Report and Accounts.

Meetings and Attendance

Details of Investor Services Committee Meetings
during the financial year

During the financial year ended 31st March, 2013,
forty meetings of the Investor Services Committee

Source: https:/Awews industrydocuments. ucsfedu/docs/snbxo0223
",False,True,6.922,8.955
39,57,table/list,simple,"Emotional Enhancement

Smokers show above average
interest in romance and excitement

Feel the need to find more excitement and
sensation in life

Feel the need to restore romance and mystery
to modern life

But are more materialistic than non-smokers

Doing enjoyable things means more to me than
having a lot of prized possessions

There should be less emphasis on money
in our society

The only meaningful measure of success
is money

RYA712/MONITOR/mg/pt 7886 9EETS

Yankelovich MONITOR 1990

Non-
Smokers Smokers
% %

 
","Emotional Enhancement

Smokers show above average
interest in romance and excitement

Feel the need to find more excitement and
sensation in life

Feel the need to restore romance and mystery
to modern life

But are more materialistic than non-smokers

Doing enjoyable things means more to me than
having a lot of prized possessions

There should be less emphasis on money
in our society

The only meaningful measure of success
is money

FUR? 12/MONITOR img/pt Z886 9EETS

Yankelovich MONITOR 1990

Non-
Smokers Smokers
% %

 
",False,False,1.58,1.616
40,ITC LIMITED,layout,simple," 

ITC Limited
REPORT AND ACCOUNTS 2013

ITC’s Brands:
Powering Economic Growth

Great brands are not just about delighting the consumer, they are also about
powering national economic growth. Brands capture value for the nation in
numerous ways — creating intellectual capital, boosting R&D and innovation, and
creating large-scale livelinoods by empowering value chains, investing in physical
infrastructure and expanding markets.

Brands are the badge of a country’s competitiveness. Powerful domestic brands
compete effectively with international brands within the country and outside. They
create such a popular franchise that some nations are identified with the attributes of
great brands that they have produced.

TC is today proud to have created over 50 energetic and popular brands across
categories that delight nearly 140 million households. Within a relatively short
span of time, ITC has established vital brands with significant salience among
consumers like Aashirvaad, Sunfeast, Bingo!, Yippee!, Candyman, mint-o and
itchens of India in the Branded Foods space and Essenza Di Wills, Fiama Di
Wills, Vivel and Superia in the Personal Care products segment. In addition,
brands like Classmate and Paperkraft in Education & Stationery products; Wills
Lifestyle and John Players in the Lifestyle Apparel business; Mangaldeep in
Agarbattis as well as Aim in Matches have established significant market standing
and continue to delight consumers with superior offerings.

TC Hotels, with its credo of “Responsible Luxury’, stands apart not only for its
exquisite signature properties, cuisine and service excellence but also for being
he greenest luxury hotel chain in the world. ITC's hotels business also contributes
‘0 the country's tourism landscape and livelihood creation through its other high
quality offerings embodied in the WelcomHotels, Fortune and WelcomHeritage
brands. ITC’s hotels have pioneered the concept of branded cuisine in India with
globally acclaimed restaurants including Bukhara, Dum Pukht and Dakshin. ITC
has also set new benchmarks in wellness with its Kaya Kalp Spa brand that offers
a new dimension in luxury and an enriching experience.

 

 
"," 

ITC Limited
REPORT AND ACCOUNTS 2013

ITC’s Brands:
Powering Economic Growth

Great brands are not just about delighting the consumer, they are also about
powering national economic growth. Brands capture value for the nation in
numerous ways - creating intellectual capital, boosting R&D and innovation, and
creating large-scale livelinoods by empowering value chains, investing in physical
infrastructure and expanding markets.

Brands are the badge of a country’s competitiveness. Powerful domestic brands
compete effectively with international brands within the country and outside. They
create such a popular franchise that some nations are identified with the attributes of
great brands that they have produced.

ITC is today proud to have created over 50 energetic and popular brands across
categories that delight nearly 140 million households. Within a relatively short
span of time, ITC has established vital brands with significant salience among
consumers like Aashirvaad, Sunfeast, Bingo!, Yippee!, Candyman, mint-o and
Kitchens of India in the Branded Foods space and Essenza Di Wills, Fiama Di
Wills, Vivel and Superia in the Personal Care products segment. In addition,
brands like Classmate and Paperkraft in Education & Stationery products; Wills
Lifestyle and John Players in the Lifestyle Apparel business; Mangaldeep in
Agarbattis as well as Aim in Matches have established significant market standing
and continue to delight consumers with superior offerings.

ITC Hotels, with its credo of “Responsible Luxury”, stands apart not only for its
exquisite signature properties, cuisine and service excellence but also for being
the greenest luxury hotel chain in the world. ITC's hotels business also contributes
to the country's tourism landscape and livelinood creation through its other high
quality offerings embodied in the WelcomHotels, Fortune and WelcomHeritage
brands. ITC’s hotels have pioneered the concept of branded cuisine in India with
globally acclaimed restaurants including Bukhara, Dum Pukht and Dakshin. ITC
has also set new benchmarks in wellness with its Kaya Kalp Spa brand that offers
a new dimension in luxury and an enriching experience.

 
",True,True,7.745,5.13
41,The Environment,layout,simple,"The Environment

= Willingness to take consumer action remains strong

Yankelovich MONITOR 1990

Non-
Smokers Smokers
% %

Would be willing to:

Spend a few hours a week of my own
time to reduce the pollution problem

Give up convenience products | now enjoy
if it meant helping preserve our natural
resources

Pay as much as 10% more for groceries
if | could be sure they would not harm
the environment

Boycott manufacturers whose products
contribute to pollution

* Not asked in 1987 and 1988.

AUR712/MONITOR/mo/pt

 

L686 9CETS
","The Environment
ne

& Willingness to take consumer action remains strong

Yankelovich MONITOR 1990

Non-
Smokers Smokers
% %

Would be willing to:

Spend a few hours a week of my own
time to reduce the pollution problem

Give up convenience products | now enjoy
if it meant helping preserve our natural
resources

Pay as much as 10% more for groceries
if | could be sure they would not harm
the environment

Boycott manufacturers whose products
contribute to pollution

* Not asked in 1987 and 1988.

AUR 12 AAONITOR img/pt

 

L686 9CETS
",True,True,1.605,2.031
42,2013,layout,simple," 

ITC Limited
REPORT AND ACCOUNTS 2013

ITC’s Brands:
Powering Economic Growth

Great brands are not just about delighting the consumer, they are also about
powering national economic growth. Brands capture value for the nation in
numerous ways — creating intellectual capital, boosting R&D and innovation, and
creating large-scale livelinoods by empowering value chains, investing in physical
infrastructure and expanding markets.

Brands are the badge of a country’s competitiveness. Powerful domestic brands
compete effectively with international brands within the country and outside. They
create such a popular franchise that some nations are identified with the attributes of
great brands that they have produced.

TC is today proud to have created over 50 energetic and popular brands across
categories that delight nearly 140 million households. Within a relatively short
span of time, ITC has established vital brands with significant salience among
consumers like Aashirvaad, Sunfeast, Bingo!, Yippee!, Candyman, mint-o and
itchens of India in the Branded Foods space and Essenza Di Wills, Fiama Di
Wills, Vivel and Superia in the Personal Care products segment. In addition,
brands like Classmate and Paperkraft in Education & Stationery products; Wills
Lifestyle and John Players in the Lifestyle Apparel business; Mangaldeep in
Agarbattis as well as Aim in Matches have established significant market standing
and continue to delight consumers with superior offerings.

TC Hotels, with its credo of “Responsible Luxury’, stands apart not only for its
exquisite signature properties, cuisine and service excellence but also for being
he greenest luxury hotel chain in the world. ITC's hotels business also contributes
‘0 the country's tourism landscape and livelihood creation through its other high
quality offerings embodied in the WelcomHotels, Fortune and WelcomHeritage
brands. ITC’s hotels have pioneered the concept of branded cuisine in India with
globally acclaimed restaurants including Bukhara, Dum Pukht and Dakshin. ITC
has also set new benchmarks in wellness with its Kaya Kalp Spa brand that offers
a new dimension in luxury and an enriching experience.

 

 
"," 

ITC Limited
REPORT AND ACCOUNTS 2013

ITC’s Brands:
Powering Economic Growth

Great brands are not just about delighting the consumer, they are also about
powering national economic growth. Brands capture value for the nation in
numerous ways - creating intellectual capital, boosting R&D and innovation, and
creating large-scale livelinoods by empowering value chains, investing in physical
infrastructure and expanding markets.

Brands are the badge of a country’s competitiveness. Powerful domestic brands
compete effectively with international brands within the country and outside. They
create such a popular franchise that some nations are identified with the attributes of
great brands that they have produced.

ITC is today proud to have created over 50 energetic and popular brands across
categories that delight nearly 140 million households. Within a relatively short
span of time, ITC has established vital brands with significant salience among
consumers like Aashirvaad, Sunfeast, Bingo!, Yippee!, Candyman, mint-o and
Kitchens of India in the Branded Foods space and Essenza Di Wills, Fiama Di
Wills, Vivel and Superia in the Personal Care products segment. In addition,
brands like Classmate and Paperkraft in Education & Stationery products; Wills
Lifestyle and John Players in the Lifestyle Apparel business; Mangaldeep in
Agarbattis as well as Aim in Matches have established significant market standing
and continue to delight consumers with superior offerings.

ITC Hotels, with its credo of “Responsible Luxury”, stands apart not only for its
exquisite signature properties, cuisine and service excellence but also for being
the greenest luxury hotel chain in the world. ITC's hotels business also contributes
to the country's tourism landscape and livelinood creation through its other high
quality offerings embodied in the WelcomHotels, Fortune and WelcomHeritage
brands. ITC’s hotels have pioneered the concept of branded cuisine in India with
globally acclaimed restaurants including Bukhara, Dum Pukht and Dakshin. ITC
has also set new benchmarks in wellness with its Kaya Kalp Spa brand that offers
a new dimension in luxury and an enriching experience.

 
",True,True,7.769,5.015
43,50,free_text,simple," 

ITC Limited
REPORT AND ACCOUNTS 2013

ITC’s Brands:
Powering Economic Growth

Great brands are not just about delighting the consumer, they are also about
powering national economic growth. Brands capture value for the nation in
numerous ways — creating intellectual capital, boosting R&D and innovation, and
creating large-scale livelinoods by empowering value chains, investing in physical
infrastructure and expanding markets.

Brands are the badge of a country’s competitiveness. Powerful domestic brands
compete effectively with international brands within the country and outside. They
create such a popular franchise that some nations are identified with the attributes of
great brands that they have produced.

TC is today proud to have created over 50 energetic and popular brands across
categories that delight nearly 140 million households. Within a relatively short
span of time, ITC has established vital brands with significant salience among
consumers like Aashirvaad, Sunfeast, Bingo!, Yippee!, Candyman, mint-o and
itchens of India in the Branded Foods space and Essenza Di Wills, Fiama Di
Wills, Vivel and Superia in the Personal Care products segment. In addition,
brands like Classmate and Paperkraft in Education & Stationery products; Wills
Lifestyle and John Players in the Lifestyle Apparel business; Mangaldeep in
Agarbattis as well as Aim in Matches have established significant market standing
and continue to delight consumers with superior offerings.

TC Hotels, with its credo of “Responsible Luxury’, stands apart not only for its
exquisite signature properties, cuisine and service excellence but also for being
he greenest luxury hotel chain in the world. ITC's hotels business also contributes
‘0 the country's tourism landscape and livelihood creation through its other high
quality offerings embodied in the WelcomHotels, Fortune and WelcomHeritage
brands. ITC’s hotels have pioneered the concept of branded cuisine in India with
globally acclaimed restaurants including Bukhara, Dum Pukht and Dakshin. ITC
has also set new benchmarks in wellness with its Kaya Kalp Spa brand that offers
a new dimension in luxury and an enriching experience.

 

 
"," 

ITC Limited
REPORT AND ACCOUNTS 2013

ITC’s Brands:
Powering Economic Growth

Great brands are not just about delighting the consumer, they are also about
powering national economic growth. Brands capture value for the nation in
numerous ways - creating intellectual capital, boosting R&D and innovation, and
creating large-scale livelinoods by empowering value chains, investing in physical
infrastructure and expanding markets.

Brands are the badge of a country’s competitiveness. Powerful domestic brands
compete effectively with international brands within the country and outside. They
create such a popular franchise that some nations are identified with the attributes of
great brands that they have produced.

ITC is today proud to have created over 50 energetic and popular brands across
categories that delight nearly 140 million households. Within a relatively short
span of time, ITC has established vital brands with significant salience among
consumers like Aashirvaad, Sunfeast, Bingo!, Yippee!, Candyman, mint-o and
Kitchens of India in the Branded Foods space and Essenza Di Wills, Fiama Di
Wills, Vivel and Superia in the Personal Care products segment. In addition,
brands like Classmate and Paperkraft in Education & Stationery products; Wills
Lifestyle and John Players in the Lifestyle Apparel business; Mangaldeep in
Agarbattis as well as Aim in Matches have established significant market standing
and continue to delight consumers with superior offerings.

ITC Hotels, with its credo of “Responsible Luxury”, stands apart not only for its
exquisite signature properties, cuisine and service excellence but also for being
the greenest luxury hotel chain in the world. ITC's hotels business also contributes
to the country's tourism landscape and livelinood creation through its other high
quality offerings embodied in the WelcomHotels, Fortune and WelcomHeritage
brands. ITC’s hotels have pioneered the concept of branded cuisine in India with
globally acclaimed restaurants including Bukhara, Dum Pukht and Dakshin. ITC
has also set new benchmarks in wellness with its Kaya Kalp Spa brand that offers
a new dimension in luxury and an enriching experience.

 
",True,True,7.795,5.071
44,"Essenza Di Wills, Fiama Di Wills, Vivel and Superia",free_text,complex," 

ITC Limited
REPORT AND ACCOUNTS 2013

ITC’s Brands:
Powering Economic Growth

Great brands are not just about delighting the consumer, they are also about
powering national economic growth. Brands capture value for the nation in
numerous ways — creating intellectual capital, boosting R&D and innovation, and
creating large-scale livelinoods by empowering value chains, investing in physical
infrastructure and expanding markets.

Brands are the badge of a country’s competitiveness. Powerful domestic brands
compete effectively with international brands within the country and outside. They
create such a popular franchise that some nations are identified with the attributes of
great brands that they have produced.

TC is today proud to have created over 50 energetic and popular brands across
categories that delight nearly 140 million households. Within a relatively short
span of time, ITC has established vital brands with significant salience among
consumers like Aashirvaad, Sunfeast, Bingo!, Yippee!, Candyman, mint-o and
itchens of India in the Branded Foods space and Essenza Di Wills, Fiama Di
Wills, Vivel and Superia in the Personal Care products segment. In addition,
brands like Classmate and Paperkraft in Education & Stationery products; Wills
Lifestyle and John Players in the Lifestyle Apparel business; Mangaldeep in
Agarbattis as well as Aim in Matches have established significant market standing
and continue to delight consumers with superior offerings.

TC Hotels, with its credo of “Responsible Luxury’, stands apart not only for its
exquisite signature properties, cuisine and service excellence but also for being
he greenest luxury hotel chain in the world. ITC's hotels business also contributes
‘0 the country's tourism landscape and livelihood creation through its other high
quality offerings embodied in the WelcomHotels, Fortune and WelcomHeritage
brands. ITC’s hotels have pioneered the concept of branded cuisine in India with
globally acclaimed restaurants including Bukhara, Dum Pukht and Dakshin. ITC
has also set new benchmarks in wellness with its Kaya Kalp Spa brand that offers
a new dimension in luxury and an enriching experience.

 

 
"," 

ITC Limited
REPORT AND ACCOUNTS 2013

ITC’s Brands:
Powering Economic Growth

Great brands are not just about delighting the consumer, they are also about
powering national economic growth. Brands capture value for the nation in
numerous ways - creating intellectual capital, boosting R&D and innovation, and
creating large-scale livelinoods by empowering value chains, investing in physical
infrastructure and expanding markets.

Brands are the badge of a country’s competitiveness. Powerful domestic brands
compete effectively with international brands within the country and outside. They
create such a popular franchise that some nations are identified with the attributes of
great brands that they have produced.

ITC is today proud to have created over 50 energetic and popular brands across
categories that delight nearly 140 million households. Within a relatively short
span of time, ITC has established vital brands with significant salience among
consumers like Aashirvaad, Sunfeast, Bingo!, Yippee!, Candyman, mint-o and
Kitchens of India in the Branded Foods space and Essenza Di Wills, Fiama Di
Wills, Vivel and Superia in the Personal Care products segment. In addition,
brands like Classmate and Paperkraft in Education & Stationery products; Wills
Lifestyle and John Players in the Lifestyle Apparel business; Mangaldeep in
Agarbattis as well as Aim in Matches have established significant market standing
and continue to delight consumers with superior offerings.

ITC Hotels, with its credo of “Responsible Luxury”, stands apart not only for its
exquisite signature properties, cuisine and service excellence but also for being
the greenest luxury hotel chain in the world. ITC's hotels business also contributes
to the country's tourism landscape and livelinood creation through its other high
quality offerings embodied in the WelcomHotels, Fortune and WelcomHeritage
brands. ITC’s hotels have pioneered the concept of branded cuisine in India with
globally acclaimed restaurants including Bukhara, Dum Pukht and Dakshin. ITC
has also set new benchmarks in wellness with its Kaya Kalp Spa brand that offers
a new dimension in luxury and an enriching experience.

 
",False,False,6.634,6.145
45,Classmate and Paperkraft,free_text,medium," 

ITC Limited
REPORT AND ACCOUNTS 2013

ITC’s Brands:
Powering Economic Growth

Great brands are not just about delighting the consumer, they are also about
powering national economic growth. Brands capture value for the nation in
numerous ways — creating intellectual capital, boosting R&D and innovation, and
creating large-scale livelinoods by empowering value chains, investing in physical
infrastructure and expanding markets.

Brands are the badge of a country’s competitiveness. Powerful domestic brands
compete effectively with international brands within the country and outside. They
create such a popular franchise that some nations are identified with the attributes of
great brands that they have produced.

TC is today proud to have created over 50 energetic and popular brands across
categories that delight nearly 140 million households. Within a relatively short
span of time, ITC has established vital brands with significant salience among
consumers like Aashirvaad, Sunfeast, Bingo!, Yippee!, Candyman, mint-o and
itchens of India in the Branded Foods space and Essenza Di Wills, Fiama Di
Wills, Vivel and Superia in the Personal Care products segment. In addition,
brands like Classmate and Paperkraft in Education & Stationery products; Wills
Lifestyle and John Players in the Lifestyle Apparel business; Mangaldeep in
Agarbattis as well as Aim in Matches have established significant market standing
and continue to delight consumers with superior offerings.

TC Hotels, with its credo of “Responsible Luxury’, stands apart not only for its
exquisite signature properties, cuisine and service excellence but also for being
he greenest luxury hotel chain in the world. ITC's hotels business also contributes
‘0 the country's tourism landscape and livelihood creation through its other high
quality offerings embodied in the WelcomHotels, Fortune and WelcomHeritage
brands. ITC’s hotels have pioneered the concept of branded cuisine in India with
globally acclaimed restaurants including Bukhara, Dum Pukht and Dakshin. ITC
has also set new benchmarks in wellness with its Kaya Kalp Spa brand that offers
a new dimension in luxury and an enriching experience.

 

 
"," 

ITC Limited
REPORT AND ACCOUNTS 2013

ITC’s Brands:
Powering Economic Growth

Great brands are not just about delighting the consumer, they are also about
powering national economic growth. Brands capture value for the nation in
numerous ways - creating intellectual capital, boosting R&D and innovation, and
creating large-scale livelinoods by empowering value chains, investing in physical
infrastructure and expanding markets.

Brands are the badge of a country’s competitiveness. Powerful domestic brands
compete effectively with international brands within the country and outside. They
create such a popular franchise that some nations are identified with the attributes of
great brands that they have produced.

ITC is today proud to have created over 50 energetic and popular brands across
categories that delight nearly 140 million households. Within a relatively short
span of time, ITC has established vital brands with significant salience among
consumers like Aashirvaad, Sunfeast, Bingo!, Yippee!, Candyman, mint-o and
Kitchens of India in the Branded Foods space and Essenza Di Wills, Fiama Di
Wills, Vivel and Superia in the Personal Care products segment. In addition,
brands like Classmate and Paperkraft in Education & Stationery products; Wills
Lifestyle and John Players in the Lifestyle Apparel business; Mangaldeep in
Agarbattis as well as Aim in Matches have established significant market standing
and continue to delight consumers with superior offerings.

ITC Hotels, with its credo of “Responsible Luxury”, stands apart not only for its
exquisite signature properties, cuisine and service excellence but also for being
the greenest luxury hotel chain in the world. ITC's hotels business also contributes
to the country's tourism landscape and livelinood creation through its other high
quality offerings embodied in the WelcomHotels, Fortune and WelcomHeritage
brands. ITC’s hotels have pioneered the concept of branded cuisine in India with
globally acclaimed restaurants including Bukhara, Dum Pukht and Dakshin. ITC
has also set new benchmarks in wellness with its Kaya Kalp Spa brand that offers
a new dimension in luxury and an enriching experience.

 
",True,True,5.724,7.108
46,Wills Lifestyle and John Players,free_text,medium," 

ITC Limited
REPORT AND ACCOUNTS 2013

ITC’s Brands:
Powering Economic Growth

Great brands are not just about delighting the consumer, they are also about
powering national economic growth. Brands capture value for the nation in
numerous ways — creating intellectual capital, boosting R&D and innovation, and
creating large-scale livelinoods by empowering value chains, investing in physical
infrastructure and expanding markets.

Brands are the badge of a country’s competitiveness. Powerful domestic brands
compete effectively with international brands within the country and outside. They
create such a popular franchise that some nations are identified with the attributes of
great brands that they have produced.

TC is today proud to have created over 50 energetic and popular brands across
categories that delight nearly 140 million households. Within a relatively short
span of time, ITC has established vital brands with significant salience among
consumers like Aashirvaad, Sunfeast, Bingo!, Yippee!, Candyman, mint-o and
itchens of India in the Branded Foods space and Essenza Di Wills, Fiama Di
Wills, Vivel and Superia in the Personal Care products segment. In addition,
brands like Classmate and Paperkraft in Education & Stationery products; Wills
Lifestyle and John Players in the Lifestyle Apparel business; Mangaldeep in
Agarbattis as well as Aim in Matches have established significant market standing
and continue to delight consumers with superior offerings.

TC Hotels, with its credo of “Responsible Luxury’, stands apart not only for its
exquisite signature properties, cuisine and service excellence but also for being
he greenest luxury hotel chain in the world. ITC's hotels business also contributes
‘0 the country's tourism landscape and livelihood creation through its other high
quality offerings embodied in the WelcomHotels, Fortune and WelcomHeritage
brands. ITC’s hotels have pioneered the concept of branded cuisine in India with
globally acclaimed restaurants including Bukhara, Dum Pukht and Dakshin. ITC
has also set new benchmarks in wellness with its Kaya Kalp Spa brand that offers
a new dimension in luxury and an enriching experience.

 

 
"," 

ITC Limited
REPORT AND ACCOUNTS 2013

ITC’s Brands:
Powering Economic Growth

Great brands are not just about delighting the consumer, they are also about
powering national economic growth. Brands capture value for the nation in
numerous ways - creating intellectual capital, boosting R&D and innovation, and
creating large-scale livelinoods by empowering value chains, investing in physical
infrastructure and expanding markets.

Brands are the badge of a country’s competitiveness. Powerful domestic brands
compete effectively with international brands within the country and outside. They
create such a popular franchise that some nations are identified with the attributes of
great brands that they have produced.

ITC is today proud to have created over 50 energetic and popular brands across
categories that delight nearly 140 million households. Within a relatively short
span of time, ITC has established vital brands with significant salience among
consumers like Aashirvaad, Sunfeast, Bingo!, Yippee!, Candyman, mint-o and
Kitchens of India in the Branded Foods space and Essenza Di Wills, Fiama Di
Wills, Vivel and Superia in the Personal Care products segment. In addition,
brands like Classmate and Paperkraft in Education & Stationery products; Wills
Lifestyle and John Players in the Lifestyle Apparel business; Mangaldeep in
Agarbattis as well as Aim in Matches have established significant market standing
and continue to delight consumers with superior offerings.

ITC Hotels, with its credo of “Responsible Luxury”, stands apart not only for its
exquisite signature properties, cuisine and service excellence but also for being
the greenest luxury hotel chain in the world. ITC's hotels business also contributes
to the country's tourism landscape and livelinood creation through its other high
quality offerings embodied in the WelcomHotels, Fortune and WelcomHeritage
brands. ITC’s hotels have pioneered the concept of branded cuisine in India with
globally acclaimed restaurants including Bukhara, Dum Pukht and Dakshin. ITC
has also set new benchmarks in wellness with its Kaya Kalp Spa brand that offers
a new dimension in luxury and an enriching experience.

 
",False,False,5.796,7.064
47,Mangaldeep,free_text,simple," 

ITC Limited
REPORT AND ACCOUNTS 2013

ITC’s Brands:
Powering Economic Growth

Great brands are not just about delighting the consumer, they are also about
powering national economic growth. Brands capture value for the nation in
numerous ways — creating intellectual capital, boosting R&D and innovation, and
creating large-scale livelinoods by empowering value chains, investing in physical
infrastructure and expanding markets.

Brands are the badge of a country’s competitiveness. Powerful domestic brands
compete effectively with international brands within the country and outside. They
create such a popular franchise that some nations are identified with the attributes of
great brands that they have produced.

TC is today proud to have created over 50 energetic and popular brands across
categories that delight nearly 140 million households. Within a relatively short
span of time, ITC has established vital brands with significant salience among
consumers like Aashirvaad, Sunfeast, Bingo!, Yippee!, Candyman, mint-o and
itchens of India in the Branded Foods space and Essenza Di Wills, Fiama Di
Wills, Vivel and Superia in the Personal Care products segment. In addition,
brands like Classmate and Paperkraft in Education & Stationery products; Wills
Lifestyle and John Players in the Lifestyle Apparel business; Mangaldeep in
Agarbattis as well as Aim in Matches have established significant market standing
and continue to delight consumers with superior offerings.

TC Hotels, with its credo of “Responsible Luxury’, stands apart not only for its
exquisite signature properties, cuisine and service excellence but also for being
he greenest luxury hotel chain in the world. ITC's hotels business also contributes
‘0 the country's tourism landscape and livelihood creation through its other high
quality offerings embodied in the WelcomHotels, Fortune and WelcomHeritage
brands. ITC’s hotels have pioneered the concept of branded cuisine in India with
globally acclaimed restaurants including Bukhara, Dum Pukht and Dakshin. ITC
has also set new benchmarks in wellness with its Kaya Kalp Spa brand that offers
a new dimension in luxury and an enriching experience.

 

 
"," 

ITC Limited
REPORT AND ACCOUNTS 2013

ITC’s Brands:
Powering Economic Growth

Great brands are not just about delighting the consumer, they are also about
powering national economic growth. Brands capture value for the nation in
numerous ways - creating intellectual capital, boosting R&D and innovation, and
creating large-scale livelinoods by empowering value chains, investing in physical
infrastructure and expanding markets.

Brands are the badge of a country’s competitiveness. Powerful domestic brands
compete effectively with international brands within the country and outside. They
create such a popular franchise that some nations are identified with the attributes of
great brands that they have produced.

ITC is today proud to have created over 50 energetic and popular brands across
categories that delight nearly 140 million households. Within a relatively short
span of time, ITC has established vital brands with significant salience among
consumers like Aashirvaad, Sunfeast, Bingo!, Yippee!, Candyman, mint-o and
Kitchens of India in the Branded Foods space and Essenza Di Wills, Fiama Di
Wills, Vivel and Superia in the Personal Care products segment. In addition,
brands like Classmate and Paperkraft in Education & Stationery products; Wills
Lifestyle and John Players in the Lifestyle Apparel business; Mangaldeep in
Agarbattis as well as Aim in Matches have established significant market standing
and continue to delight consumers with superior offerings.

ITC Hotels, with its credo of “Responsible Luxury”, stands apart not only for its
exquisite signature properties, cuisine and service excellence but also for being
the greenest luxury hotel chain in the world. ITC's hotels business also contributes
to the country's tourism landscape and livelinood creation through its other high
quality offerings embodied in the WelcomHotels, Fortune and WelcomHeritage
brands. ITC’s hotels have pioneered the concept of branded cuisine in India with
globally acclaimed restaurants including Bukhara, Dum Pukht and Dakshin. ITC
has also set new benchmarks in wellness with its Kaya Kalp Spa brand that offers
a new dimension in luxury and an enriching experience.

 
",True,True,5.721,5.836
48,Aim,free_text,simple," 

ITC Limited
REPORT AND ACCOUNTS 2013

ITC’s Brands:
Powering Economic Growth

Great brands are not just about delighting the consumer, they are also about
powering national economic growth. Brands capture value for the nation in
numerous ways — creating intellectual capital, boosting R&D and innovation, and
creating large-scale livelinoods by empowering value chains, investing in physical
infrastructure and expanding markets.

Brands are the badge of a country’s competitiveness. Powerful domestic brands
compete effectively with international brands within the country and outside. They
create such a popular franchise that some nations are identified with the attributes of
great brands that they have produced.

TC is today proud to have created over 50 energetic and popular brands across
categories that delight nearly 140 million households. Within a relatively short
span of time, ITC has established vital brands with significant salience among
consumers like Aashirvaad, Sunfeast, Bingo!, Yippee!, Candyman, mint-o and
itchens of India in the Branded Foods space and Essenza Di Wills, Fiama Di
Wills, Vivel and Superia in the Personal Care products segment. In addition,
brands like Classmate and Paperkraft in Education & Stationery products; Wills
Lifestyle and John Players in the Lifestyle Apparel business; Mangaldeep in
Agarbattis as well as Aim in Matches have established significant market standing
and continue to delight consumers with superior offerings.

TC Hotels, with its credo of “Responsible Luxury’, stands apart not only for its
exquisite signature properties, cuisine and service excellence but also for being
he greenest luxury hotel chain in the world. ITC's hotels business also contributes
‘0 the country's tourism landscape and livelihood creation through its other high
quality offerings embodied in the WelcomHotels, Fortune and WelcomHeritage
brands. ITC’s hotels have pioneered the concept of branded cuisine in India with
globally acclaimed restaurants including Bukhara, Dum Pukht and Dakshin. ITC
has also set new benchmarks in wellness with its Kaya Kalp Spa brand that offers
a new dimension in luxury and an enriching experience.

 

 
"," 

ITC Limited
REPORT AND ACCOUNTS 2013

ITC’s Brands:
Powering Economic Growth

Great brands are not just about delighting the consumer, they are also about
powering national economic growth. Brands capture value for the nation in
numerous ways - creating intellectual capital, boosting R&D and innovation, and
creating large-scale livelinoods by empowering value chains, investing in physical
infrastructure and expanding markets.

Brands are the badge of a country’s competitiveness. Powerful domestic brands
compete effectively with international brands within the country and outside. They
create such a popular franchise that some nations are identified with the attributes of
great brands that they have produced.

ITC is today proud to have created over 50 energetic and popular brands across
categories that delight nearly 140 million households. Within a relatively short
span of time, ITC has established vital brands with significant salience among
consumers like Aashirvaad, Sunfeast, Bingo!, Yippee!, Candyman, mint-o and
Kitchens of India in the Branded Foods space and Essenza Di Wills, Fiama Di
Wills, Vivel and Superia in the Personal Care products segment. In addition,
brands like Classmate and Paperkraft in Education & Stationery products; Wills
Lifestyle and John Players in the Lifestyle Apparel business; Mangaldeep in
Agarbattis as well as Aim in Matches have established significant market standing
and continue to delight consumers with superior offerings.

ITC Hotels, with its credo of “Responsible Luxury”, stands apart not only for its
exquisite signature properties, cuisine and service excellence but also for being
the greenest luxury hotel chain in the world. ITC's hotels business also contributes
to the country's tourism landscape and livelinood creation through its other high
quality offerings embodied in the WelcomHotels, Fortune and WelcomHeritage
brands. ITC’s hotels have pioneered the concept of branded cuisine in India with
globally acclaimed restaurants including Bukhara, Dum Pukht and Dakshin. ITC
has also set new benchmarks in wellness with its Kaya Kalp Spa brand that offers
a new dimension in luxury and an enriching experience.

 
",True,True,6.846,4.975
49,Responsible Luxury,free_text,simple," 

ITC Limited
REPORT AND ACCOUNTS 2013

ITC’s Brands:
Powering Economic Growth

Great brands are not just about delighting the consumer, they are also about
powering national economic growth. Brands capture value for the nation in
numerous ways — creating intellectual capital, boosting R&D and innovation, and
creating large-scale livelinoods by empowering value chains, investing in physical
infrastructure and expanding markets.

Brands are the badge of a country’s competitiveness. Powerful domestic brands
compete effectively with international brands within the country and outside. They
create such a popular franchise that some nations are identified with the attributes of
great brands that they have produced.

TC is today proud to have created over 50 energetic and popular brands across
categories that delight nearly 140 million households. Within a relatively short
span of time, ITC has established vital brands with significant salience among
consumers like Aashirvaad, Sunfeast, Bingo!, Yippee!, Candyman, mint-o and
itchens of India in the Branded Foods space and Essenza Di Wills, Fiama Di
Wills, Vivel and Superia in the Personal Care products segment. In addition,
brands like Classmate and Paperkraft in Education & Stationery products; Wills
Lifestyle and John Players in the Lifestyle Apparel business; Mangaldeep in
Agarbattis as well as Aim in Matches have established significant market standing
and continue to delight consumers with superior offerings.

TC Hotels, with its credo of “Responsible Luxury’, stands apart not only for its
exquisite signature properties, cuisine and service excellence but also for being
he greenest luxury hotel chain in the world. ITC's hotels business also contributes
‘0 the country's tourism landscape and livelihood creation through its other high
quality offerings embodied in the WelcomHotels, Fortune and WelcomHeritage
brands. ITC’s hotels have pioneered the concept of branded cuisine in India with
globally acclaimed restaurants including Bukhara, Dum Pukht and Dakshin. ITC
has also set new benchmarks in wellness with its Kaya Kalp Spa brand that offers
a new dimension in luxury and an enriching experience.

 

 
"," 

ITC Limited
REPORT AND ACCOUNTS 2013

ITC’s Brands:
Powering Economic Growth

Great brands are not just about delighting the consumer, they are also about
powering national economic growth. Brands capture value for the nation in
numerous ways - creating intellectual capital, boosting R&D and innovation, and
creating large-scale livelinoods by empowering value chains, investing in physical
infrastructure and expanding markets.

Brands are the badge of a country’s competitiveness. Powerful domestic brands
compete effectively with international brands within the country and outside. They
create such a popular franchise that some nations are identified with the attributes of
great brands that they have produced.

ITC is today proud to have created over 50 energetic and popular brands across
categories that delight nearly 140 million households. Within a relatively short
span of time, ITC has established vital brands with significant salience among
consumers like Aashirvaad, Sunfeast, Bingo!, Yippee!, Candyman, mint-o and
Kitchens of India in the Branded Foods space and Essenza Di Wills, Fiama Di
Wills, Vivel and Superia in the Personal Care products segment. In addition,
brands like Classmate and Paperkraft in Education & Stationery products; Wills
Lifestyle and John Players in the Lifestyle Apparel business; Mangaldeep in
Agarbattis as well as Aim in Matches have established significant market standing
and continue to delight consumers with superior offerings.

ITC Hotels, with its credo of “Responsible Luxury”, stands apart not only for its
exquisite signature properties, cuisine and service excellence but also for being
the greenest luxury hotel chain in the world. ITC's hotels business also contributes
to the country's tourism landscape and livelinood creation through its other high
quality offerings embodied in the WelcomHotels, Fortune and WelcomHeritage
brands. ITC’s hotels have pioneered the concept of branded cuisine in India with
globally acclaimed restaurants including Bukhara, Dum Pukht and Dakshin. ITC
has also set new benchmarks in wellness with its Kaya Kalp Spa brand that offers
a new dimension in luxury and an enriching experience.

 
",True,True,7.695,5.079
50,$200,form,simple," 

sO te

tn &.  g B200
EXPENGASLE SCIENTIFIC ITEMS AND SERVICES (List major tema.
List miscellaneons items in groups up to amounts not exceeding $500.)

Liquid Nitrogen -

3

 

 

 
  

 

   

 

 

 

 

   

 

 

   

a. §

b. Chemicals and Sypplies oo 3

Oe cnnnnnneennnnnnnennnennessennnnnenneneeet s

ay &

& $§ seeneemnneennnenennnee

f. ee $e

Be kc cseeteenne eee tennant Sachn nnn nnennnnnennnnnnnnnnnnssnnnnnnnnnsnnnnnnnna § ¥ 685

§, OTHER EXPENSE

a. Travel te scientific meetings in excess of normal institutional policy ...

 

b. Raprinta and publication charges of scientific articles arising from grant... $100 $_.

 

5. TOTAL, exclusive of averhead .

 

& OVERHEAD, if applicable, 15% of item 5 (not more than 19%) oo ccacnnrn ncn §

P. TETAL AMGUNT of proposed budget (item 8 plug ite 6) oc ecresessnucsearensauesesesacnemensnuaneusonssenensnne

  

 

 

 

 

 

e
€ 5 ©
Sieh heat < eS
a prlicant _
. . Southern Methadist Oniversity
Apolcsnt, Institution
Copies: The Robert A. Welch Foundation (123 Date February 24 ,19 88

 

Applicant {1}
President or Chancellor (1)

 

Source: https://www.industrydocuments.ucsf:edu/does/hjfk0226
"," 

 

$2200

3, EXPENDABLE SCIENTIFIC ITEMS AND SERVICES (List major items,

List piscellgneous items in groups ap to amounts not exceeding $500.)
a, Laquid Nitroge 200

b. Chemicals ané Supplies —

 

 

 

 

 

c
d.
a cee gene renerrrerrreeeerrineereereeerrnnnrnerrrrrnrenrrnre—e—rsnnnunaaanaannnaannenaner SY
Ce
he 685
§, OTHER EXPENSE
a. Travel to scientific meetings in excess of normal institutional policy ..0000..5 150
b. Reprints and publication charges of scientific articles arising from grant ........ $109 ss. 250
5. TOTAL, exclusive of Overhead oe cccesssssssesssnssassnssseesssensnssersestessenesstessssneanenensseresserntenetnecetessssanesatersseeas
6. OVERHEAD, if applicable, 15% of item 5 (not more than 15%) ....
7. TOTAL AMOUNT of proposed budget (item § plas ie) 6) oc cssssseusssessnenesssscrsctsnenseeansesenseenesen

  

ewicz . aids 3 SM

Applicant President or Chancellor

fore Dyin my Tae

Southern Methodist University

 

Apglicant Institution
Copies: The Robert A. Welch Foundation (12) Date Febr 24 ,19 66.

Applicant (1}
President or Chancellor (1)

Source: https:/Awww.industrydocuments.ucsf.edu/docs/hjfk0226
",False,False,4.891,4.408
51,$485,form,simple," 

sO te

tn &.  g B200
EXPENGASLE SCIENTIFIC ITEMS AND SERVICES (List major tema.
List miscellaneons items in groups up to amounts not exceeding $500.)

Liquid Nitrogen -

3

 

 

 
  

 

   

 

 

 

 

   

 

 

   

a. §

b. Chemicals and Sypplies oo 3

Oe cnnnnnneennnnnnnennnennessennnnnenneneeet s

ay &

& $§ seeneemnneennnenennnee

f. ee $e

Be kc cseeteenne eee tennant Sachn nnn nnennnnnennnnnnnnnnnnssnnnnnnnnnsnnnnnnnna § ¥ 685

§, OTHER EXPENSE

a. Travel te scientific meetings in excess of normal institutional policy ...

 

b. Raprinta and publication charges of scientific articles arising from grant... $100 $_.

 

5. TOTAL, exclusive of averhead .

 

& OVERHEAD, if applicable, 15% of item 5 (not more than 19%) oo ccacnnrn ncn §

P. TETAL AMGUNT of proposed budget (item 8 plug ite 6) oc ecresessnucsearensauesesesacnemensnuaneusonssenensnne

  

 

 

 

 

 

e
€ 5 ©
Sieh heat < eS
a prlicant _
. . Southern Methadist Oniversity
Apolcsnt, Institution
Copies: The Robert A. Welch Foundation (123 Date February 24 ,19 88

 

Applicant {1}
President or Chancellor (1)

 

Source: https://www.industrydocuments.ucsf:edu/does/hjfk0226
"," 

 

$2200

3, EXPENDABLE SCIENTIFIC ITEMS AND SERVICES (List major items,

List piscellgneous items in groups ap to amounts not exceeding $500.)
a, Laquid Nitroge 200

b. Chemicals ané Supplies —

 

 

 

 

 

c
d.
a cee gene renerrrerrreeeerrineereereeerrnnnrnerrrrrnrenrrnre—e—rsnnnunaaanaannnaannenaner SY
Ce
he 685
§, OTHER EXPENSE
a. Travel to scientific meetings in excess of normal institutional policy ..0000..5 150
b. Reprints and publication charges of scientific articles arising from grant ........ $109 ss. 250
5. TOTAL, exclusive of Overhead oe cccesssssssesssnssassnssseesssensnssersestessenesstessssneanenensseresserntenetnecetessssanesatersseeas
6. OVERHEAD, if applicable, 15% of item 5 (not more than 15%) ....
7. TOTAL AMOUNT of proposed budget (item § plas ie) 6) oc cssssseusssessnenesssscrsctsnenseeansesenseenesen

  

ewicz . aids 3 SM

Applicant President or Chancellor

fore Dyin my Tae

Southern Methodist University

 

Apglicant Institution
Copies: The Robert A. Welch Foundation (12) Date Febr 24 ,19 66.

Applicant (1}
President or Chancellor (1)

Source: https:/Awww.industrydocuments.ucsf.edu/docs/hjfk0226
",False,False,3.918,3.517
52,82%,table/list,simple,"Emotional Enhancement

Smokers show above average
interest in romance and excitement

Feel the need to find more excitement and
sensation in life

Feel the need to restore romance and mystery
to modern life

But are more materialistic than non-smokers

Doing enjoyable things means more to me than
having a lot of prized possessions

There should be less emphasis on money
in our society

The only meaningful measure of success
is money

RYA712/MONITOR/mg/pt 7886 9EETS

Yankelovich MONITOR 1990

Non-
Smokers Smokers
% %

 
","Emotional Enhancement

Smokers show above average
interest in romance and excitement

Feel the need to find more excitement and
sensation in life

Feel the need to restore romance and mystery
to modern life

But are more materialistic than non-smokers

Doing enjoyable things means more to me than
having a lot of prized possessions

There should be less emphasis on money
in our society

The only meaningful measure of success
is money

FUR? 12/MONITOR img/pt Z886 9EETS

Yankelovich MONITOR 1990

Non-
Smokers Smokers
% %

 
",False,False,2.625,2.553
53,Emotional Enhancement,layout,simple,"Emotional Enhancement

Smokers show above average
interest in romance and excitement

Feel the need to find more excitement and
sensation in life

Feel the need to restore romance and mystery
to modern life

But are more materialistic than non-smokers

Doing enjoyable things means more to me than
having a lot of prized possessions

There should be less emphasis on money
in our society

The only meaningful measure of success
is money

RYA712/MONITOR/mg/pt 7886 9EETS

Yankelovich MONITOR 1990

Non-
Smokers Smokers
% %

 
","Emotional Enhancement

Smokers show above average
interest in romance and excitement

Feel the need to find more excitement and
sensation in life

Feel the need to restore romance and mystery
to modern life

But are more materialistic than non-smokers

Doing enjoyable things means more to me than
having a lot of prized possessions

There should be less emphasis on money
in our society

The only meaningful measure of success
is money

FUR? 12/MONITOR img/pt Z886 9EETS

Yankelovich MONITOR 1990

Non-
Smokers Smokers
% %

 
",True,True,1.609,1.598
54,29,layout,simple,"Emotional Enhancement

Smokers show above average
interest in romance and excitement

Feel the need to find more excitement and
sensation in life

Feel the need to restore romance and mystery
to modern life

But are more materialistic than non-smokers

Doing enjoyable things means more to me than
having a lot of prized possessions

There should be less emphasis on money
in our society

The only meaningful measure of success
is money

RYA712/MONITOR/mg/pt 7886 9EETS

Yankelovich MONITOR 1990

Non-
Smokers Smokers
% %

 
","Emotional Enhancement

Smokers show above average
interest in romance and excitement

Feel the need to find more excitement and
sensation in life

Feel the need to restore romance and mystery
to modern life

But are more materialistic than non-smokers

Doing enjoyable things means more to me than
having a lot of prized possessions

There should be less emphasis on money
in our society

The only meaningful measure of success
is money

FUR? 12/MONITOR img/pt Z886 9EETS

Yankelovich MONITOR 1990

Non-
Smokers Smokers
% %

 
",False,False,1.648,1.586
55,meharry medical college,layout,medium,"MEHARRY MEDICAL COLLEGE
~ CENTER FOR NUTRITION

FIRST NUTRITION WORKSHOP

“THE IMPACT OF NUTRITION ON HEALTH AND
DISEASE IN BLACKS AND OTHER MINORITIES”

OCTOBER 28-30, 1987

LECTURE HALL #3
S.S. KRESGE LEARNING RESOURCES CENTER

SUPPORTED BY: GENERAL FOODS FUND, INC.

 
","MEHARRY MEDICAL COLLEGE
CENTER FOR NUTRITION

FIRST NUTRITION WORKSHOP

“THE IMPACT OF NUTRITION ON HEALTH AND
DISEASE IN BLACKS AND OTHER MINORITIES”

OCTOBER 28-30, 1987

LECTURE HALL #3
S.S. KRESGE LEARNING RESOURCES CENTER

SUPPORTED BY: GENERAL FOODS FUND, INC.

 
",True,True,1.306,1.117
56,Scissors Menthol Fresh,Image/Photo,medium,"\

| Gold | gs

ccs ce Royal Special

be iikcy

Se

Se
on

 
"," 

    
 

CU OE tee cee cgsiscs egg

Royal Special Scissors
Filter liars: |g ccre)

  
   

    
  

   
  

  

GOLD FLAKE “ISSOR

© MENTHOL
FRESH

&
BS

 

ee
",False,False,1.162,1.627
57,February 24,form,simple," 

sO te

tn &.  g B200
EXPENGASLE SCIENTIFIC ITEMS AND SERVICES (List major tema.
List miscellaneons items in groups up to amounts not exceeding $500.)

Liquid Nitrogen -

3

 

 

 
  

 

   

 

 

 

 

   

 

 

   

a. §

b. Chemicals and Sypplies oo 3

Oe cnnnnnneennnnnnnennnennessennnnnenneneeet s

ay &

& $§ seeneemnneennnenennnee

f. ee $e

Be kc cseeteenne eee tennant Sachn nnn nnennnnnennnnnnnnnnnnssnnnnnnnnnsnnnnnnnna § ¥ 685

§, OTHER EXPENSE

a. Travel te scientific meetings in excess of normal institutional policy ...

 

b. Raprinta and publication charges of scientific articles arising from grant... $100 $_.

 

5. TOTAL, exclusive of averhead .

 

& OVERHEAD, if applicable, 15% of item 5 (not more than 19%) oo ccacnnrn ncn §

P. TETAL AMGUNT of proposed budget (item 8 plug ite 6) oc ecresessnucsearensauesesesacnemensnuaneusonssenensnne

  

 

 

 

 

 

e
€ 5 ©
Sieh heat < eS
a prlicant _
. . Southern Methadist Oniversity
Apolcsnt, Institution
Copies: The Robert A. Welch Foundation (123 Date February 24 ,19 88

 

Applicant {1}
President or Chancellor (1)

 

Source: https://www.industrydocuments.ucsf:edu/does/hjfk0226
"," 

 

$2200

3, EXPENDABLE SCIENTIFIC ITEMS AND SERVICES (List major items,

List piscellgneous items in groups ap to amounts not exceeding $500.)
a, Laquid Nitroge 200

b. Chemicals ané Supplies —

 

 

 

 

 

c
d.
a cee gene renerrrerrreeeerrineereereeerrnnnrnerrrrrnrenrrnre—e—rsnnnunaaanaannnaannenaner SY
Ce
he 685
§, OTHER EXPENSE
a. Travel to scientific meetings in excess of normal institutional policy ..0000..5 150
b. Reprints and publication charges of scientific articles arising from grant ........ $109 ss. 250
5. TOTAL, exclusive of Overhead oe cccesssssssesssnssassnssseesssensnssersestessenesstessssneanenensseresserntenetnecetessssanesatersseeas
6. OVERHEAD, if applicable, 15% of item 5 (not more than 15%) ....
7. TOTAL AMOUNT of proposed budget (item § plas ie) 6) oc cssssseusssessnenesssscrsctsnenseeansesenseenesen

  

ewicz . aids 3 SM

Applicant President or Chancellor

fore Dyin my Tae

Southern Methodist University

 

Apglicant Institution
Copies: The Robert A. Welch Foundation (12) Date Febr 24 ,19 66.

Applicant (1}
President or Chancellor (1)

Source: https:/Awww.industrydocuments.ucsf.edu/docs/hjfk0226
",True,False,4.994,3.521
58,64%,table/list,simple,"Emotional Enhancement

Smokers show above average
interest in romance and excitement

Feel the need to find more excitement and
sensation in life

Feel the need to restore romance and mystery
to modern life

But are more materialistic than non-smokers

Doing enjoyable things means more to me than
having a lot of prized possessions

There should be less emphasis on money
in our society

The only meaningful measure of success
is money

RYA712/MONITOR/mg/pt 7886 9EETS

Yankelovich MONITOR 1990

Non-
Smokers Smokers
% %

 
","Emotional Enhancement

Smokers show above average
interest in romance and excitement

Feel the need to find more excitement and
sensation in life

Feel the need to restore romance and mystery
to modern life

But are more materialistic than non-smokers

Doing enjoyable things means more to me than
having a lot of prized possessions

There should be less emphasis on money
in our society

The only meaningful measure of success
is money

FUR? 12/MONITOR img/pt Z886 9EETS

Yankelovich MONITOR 1990

Non-
Smokers Smokers
% %

 
",False,False,1.568,1.571
59,Wendell Rodricks Now At Wills Lifestyle,Image/Photo,medium,"\

| Gold | gs

ccs ce Royal Special

be iikcy

Se

Se
on

 
"," 

    
 

CU OE tee cee cgsiscs egg

Royal Special Scissors
Filter liars: |g ccre)

  
   

    
  

   
  

  

GOLD FLAKE “ISSOR

© MENTHOL
FRESH

&
BS

 

ee
",False,False,1.022,1.638
60,16,layout,simple," 

i“ ~ © we ee Ye VY Ye Ye Ye eoLu @ ~~ Ye we ee
Procter & Gamble: Diapers

In an effort to regain branded market share, Procter & Gamble is returning
to a brand equity strategy.

1993 Initiatives
Increase advertising

-Performance, Value Positionings
-Major TV Campaign

¢Roll-out disposable training pants

°Test 50% thinner diapers (same as KC new product)

92S6 9EETS

16
"," 

id e~ we eR ke ewe Yee Ye De Ye oo r ) Soe ee eae 8
Procter & Gamble: Diapers

In an effort to regain branded market share, Procter & Gamble is returning
to a brand equity strategy.

1993 Initiatives
Increase advertising

-Performance, Value Positionings
-Major TV Campaign

*Roll-out disposable training pants

*Test 50% thinner diapers (same as KC new product)

9€S6 SECTS

16
",True,True,2.402,1.649
61,"GENERAL FOOD FUND, INC",form,medium,"MEHARRY MEDICAL COLLEGE
~ CENTER FOR NUTRITION

FIRST NUTRITION WORKSHOP

“THE IMPACT OF NUTRITION ON HEALTH AND
DISEASE IN BLACKS AND OTHER MINORITIES”

OCTOBER 28-30, 1987

LECTURE HALL #3
S.S. KRESGE LEARNING RESOURCES CENTER

SUPPORTED BY: GENERAL FOODS FUND, INC.

 
","MEHARRY MEDICAL COLLEGE
CENTER FOR NUTRITION

FIRST NUTRITION WORKSHOP

“THE IMPACT OF NUTRITION ON HEALTH AND
DISEASE IN BLACKS AND OTHER MINORITIES”

OCTOBER 28-30, 1987

LECTURE HALL #3
S.S. KRESGE LEARNING RESOURCES CENTER

SUPPORTED BY: GENERAL FOODS FUND, INC.

 
",False,False,1.273,1.141
62,johnplayers jeans,Image/Photo,simple,"\

| Gold | gs

ccs ce Royal Special

be iikcy

Se

Se
on

 
"," 

    
 

CU OE tee cee cgsiscs egg

Royal Special Scissors
Filter liars: |g ccre)

  
   

    
  

   
  

  

GOLD FLAKE “ISSOR

© MENTHOL
FRESH

&
BS

 

ee
",False,False,1.012,0.982
63,Uttar Pradesh and Kerala,Image/Photo,medium,"\

| Gold | gs

ccs ce Royal Special

be iikcy

Se

Se
on

 
"," 

    
 

CU OE tee cee cgsiscs egg

Royal Special Scissors
Filter liars: |g ccre)

  
   

    
  

   
  

  

GOLD FLAKE “ISSOR

© MENTHOL
FRESH

&
BS

 

ee
",False,False,1.017,0.974
64,seven,free_text,simple,"SECTION 1

STUDIES ON THE EFFECT OF MILK PROTEIN

DILUTION IN CHILDREN AT M.I.T.

Studies on the effect of dilution of skim milk protein were

commenced on fourteen mentally retarded children. Of these fourteen

children, seven were found to bé unsatisfactory for study and returned,

=

_within two weeks of admission to the M.I. T.,Clinical Center, to their

respective State schools,

Details of experimental design, diet, and analytical procedures

were previously described in the 1967 Annual Progress Report and are.

farther described in Section 3 of this report.

‘Details are given in Table 2 for the seven children who were

studied during the entire experimental period. ~
Table 2

Age and weight of children and experimental design used for
studies of milk protein dilution!

amber ganar

e096

Subject Age Initial Wt. Final Wt. Dayson | Days on
(yrs.} (Ib. ) (Ib.) Baseline Diet Dilution

61.5 _ 58.5 18 ean
50, 36.0 26 83
33.0 35.0 25 32
34.0 36.0 33 32
41.0 43.0 29 40
35.0 37.0 25° set Eee
22.0 23.5 40 30

 

Dilution at 20% level.

 

Source: https:/Awww.industrydocuments.ucsf.edu/ ocs/hidg0227
","SECTION 1

STUDIES ON THE EFFECT OF MILK PROTEIN

DILUTION IN CHILDREN AT M.L.T.

Studies on the effect of dilution of skim milk protein were

commenced on fourteen mentally retarded children. Of these fourteen

children, seven were found to bé unsatisfactory for study and returned,

t

within two weeks of admission to the M.I. T.. Clinical Center, to their

respective State schools. -
Details of experimental design, diet, and analytical procedures

were previously described in the 1967 Annual Progress Report and are

t

further described in Section 3 of this report. BO i
. . ~ ‘
Details are given in Table 2 for the seven children who were
° i
studied during the entire experimental period.

Table 2
Age and weight of children and experimental design used for
studies of milk protein dilution!

.

Subject Age Initial Wt. Final Wt. Days on Days on
(yrs.)} (Ib. ) (Ib.) Baseline Dict Dilution

61.5 58.5 18 7 20
33.0. 36.0 26 83
33.0 35.0 25 32
34.0 36.0 33 32
41.0 43.0 29 40
35.0 37.0 25° 42
22.0 23.5 40 30

Dilution at 20% level.

 
",True,True,5.319,3.66
65,58.5,table/list,simple,"SECTION 1

STUDIES ON THE EFFECT OF MILK PROTEIN

DILUTION IN CHILDREN AT M.I.T.

Studies on the effect of dilution of skim milk protein were

commenced on fourteen mentally retarded children. Of these fourteen

children, seven were found to bé unsatisfactory for study and returned,

=

_within two weeks of admission to the M.I. T.,Clinical Center, to their

respective State schools,

Details of experimental design, diet, and analytical procedures

were previously described in the 1967 Annual Progress Report and are.

farther described in Section 3 of this report.

‘Details are given in Table 2 for the seven children who were

studied during the entire experimental period. ~
Table 2

Age and weight of children and experimental design used for
studies of milk protein dilution!

amber ganar

e096

Subject Age Initial Wt. Final Wt. Dayson | Days on
(yrs.} (Ib. ) (Ib.) Baseline Diet Dilution

61.5 _ 58.5 18 ean
50, 36.0 26 83
33.0 35.0 25 32
34.0 36.0 33 32
41.0 43.0 29 40
35.0 37.0 25° set Eee
22.0 23.5 40 30

 

Dilution at 20% level.

 

Source: https:/Awww.industrydocuments.ucsf.edu/ ocs/hidg0227
","SECTION 1

STUDIES ON THE EFFECT OF MILK PROTEIN

DILUTION IN CHILDREN AT M.L.T.

Studies on the effect of dilution of skim milk protein were

commenced on fourteen mentally retarded children. Of these fourteen

children, seven were found to bé unsatisfactory for study and returned,

t

within two weeks of admission to the M.I. T.. Clinical Center, to their

respective State schools. -
Details of experimental design, diet, and analytical procedures

were previously described in the 1967 Annual Progress Report and are

t

further described in Section 3 of this report. BO i
. . ~ ‘
Details are given in Table 2 for the seven children who were
° i
studied during the entire experimental period.

Table 2
Age and weight of children and experimental design used for
studies of milk protein dilution!

.

Subject Age Initial Wt. Final Wt. Days on Days on
(yrs.)} (Ib. ) (Ib.) Baseline Dict Dilution

61.5 58.5 18 7 20
33.0. 36.0 26 83
33.0 35.0 25 32
34.0 36.0 33 32
41.0 43.0 29 40
35.0 37.0 25° 42
22.0 23.5 40 30

Dilution at 20% level.

 
",True,True,4.046,3.064
66,40,table/list,simple,"SECTION 1

STUDIES ON THE EFFECT OF MILK PROTEIN

DILUTION IN CHILDREN AT M.I.T.

Studies on the effect of dilution of skim milk protein were

commenced on fourteen mentally retarded children. Of these fourteen

children, seven were found to bé unsatisfactory for study and returned,

=

_within two weeks of admission to the M.I. T.,Clinical Center, to their

respective State schools,

Details of experimental design, diet, and analytical procedures

were previously described in the 1967 Annual Progress Report and are.

farther described in Section 3 of this report.

‘Details are given in Table 2 for the seven children who were

studied during the entire experimental period. ~
Table 2

Age and weight of children and experimental design used for
studies of milk protein dilution!

amber ganar

e096

Subject Age Initial Wt. Final Wt. Dayson | Days on
(yrs.} (Ib. ) (Ib.) Baseline Diet Dilution

61.5 _ 58.5 18 ean
50, 36.0 26 83
33.0 35.0 25 32
34.0 36.0 33 32
41.0 43.0 29 40
35.0 37.0 25° set Eee
22.0 23.5 40 30

 

Dilution at 20% level.

 

Source: https:/Awww.industrydocuments.ucsf.edu/ ocs/hidg0227
","SECTION 1

STUDIES ON THE EFFECT OF MILK PROTEIN

DILUTION IN CHILDREN AT M.L.T.

Studies on the effect of dilution of skim milk protein were

commenced on fourteen mentally retarded children. Of these fourteen

children, seven were found to bé unsatisfactory for study and returned,

t

within two weeks of admission to the M.I. T.. Clinical Center, to their

respective State schools. -
Details of experimental design, diet, and analytical procedures

were previously described in the 1967 Annual Progress Report and are

t

further described in Section 3 of this report. BO i
. . ~ ‘
Details are given in Table 2 for the seven children who were
° i
studied during the entire experimental period.

Table 2
Age and weight of children and experimental design used for
studies of milk protein dilution!

.

Subject Age Initial Wt. Final Wt. Days on Days on
(yrs.)} (Ib. ) (Ib.) Baseline Dict Dilution

61.5 58.5 18 7 20
33.0. 36.0 26 83
33.0 35.0 25 32
34.0 36.0 33 32
41.0 43.0 29 40
35.0 37.0 25° 42
22.0 23.5 40 30

Dilution at 20% level.

 
",True,True,6.033,3.018
67,30,table/list,simple,"SECTION 1

STUDIES ON THE EFFECT OF MILK PROTEIN

DILUTION IN CHILDREN AT M.I.T.

Studies on the effect of dilution of skim milk protein were

commenced on fourteen mentally retarded children. Of these fourteen

children, seven were found to bé unsatisfactory for study and returned,

=

_within two weeks of admission to the M.I. T.,Clinical Center, to their

respective State schools,

Details of experimental design, diet, and analytical procedures

were previously described in the 1967 Annual Progress Report and are.

farther described in Section 3 of this report.

‘Details are given in Table 2 for the seven children who were

studied during the entire experimental period. ~
Table 2

Age and weight of children and experimental design used for
studies of milk protein dilution!

amber ganar

e096

Subject Age Initial Wt. Final Wt. Dayson | Days on
(yrs.} (Ib. ) (Ib.) Baseline Diet Dilution

61.5 _ 58.5 18 ean
50, 36.0 26 83
33.0 35.0 25 32
34.0 36.0 33 32
41.0 43.0 29 40
35.0 37.0 25° set Eee
22.0 23.5 40 30

 

Dilution at 20% level.

 

Source: https:/Awww.industrydocuments.ucsf.edu/ ocs/hidg0227
","SECTION 1

STUDIES ON THE EFFECT OF MILK PROTEIN

DILUTION IN CHILDREN AT M.L.T.

Studies on the effect of dilution of skim milk protein were

commenced on fourteen mentally retarded children. Of these fourteen

children, seven were found to bé unsatisfactory for study and returned,

t

within two weeks of admission to the M.I. T.. Clinical Center, to their

respective State schools. -
Details of experimental design, diet, and analytical procedures

were previously described in the 1967 Annual Progress Report and are

t

further described in Section 3 of this report. BO i
. . ~ ‘
Details are given in Table 2 for the seven children who were
° i
studied during the entire experimental period.

Table 2
Age and weight of children and experimental design used for
studies of milk protein dilution!

.

Subject Age Initial Wt. Final Wt. Days on Days on
(yrs.)} (Ib. ) (Ib.) Baseline Dict Dilution

61.5 58.5 18 7 20
33.0. 36.0 26 83
33.0 35.0 25 32
34.0 36.0 33 32
41.0 43.0 29 40
35.0 37.0 25° 42
22.0 23.5 40 30

Dilution at 20% level.

 
",True,True,4.055,3.686
68,5,table/list,simple,"SECTION 1

STUDIES ON THE EFFECT OF MILK PROTEIN

DILUTION IN CHILDREN AT M.I.T.

Studies on the effect of dilution of skim milk protein were

commenced on fourteen mentally retarded children. Of these fourteen

children, seven were found to bé unsatisfactory for study and returned,

=

_within two weeks of admission to the M.I. T.,Clinical Center, to their

respective State schools,

Details of experimental design, diet, and analytical procedures

were previously described in the 1967 Annual Progress Report and are.

farther described in Section 3 of this report.

‘Details are given in Table 2 for the seven children who were

studied during the entire experimental period. ~
Table 2

Age and weight of children and experimental design used for
studies of milk protein dilution!

amber ganar

e096

Subject Age Initial Wt. Final Wt. Dayson | Days on
(yrs.} (Ib. ) (Ib.) Baseline Diet Dilution

61.5 _ 58.5 18 ean
50, 36.0 26 83
33.0 35.0 25 32
34.0 36.0 33 32
41.0 43.0 29 40
35.0 37.0 25° set Eee
22.0 23.5 40 30

 

Dilution at 20% level.

 

Source: https:/Awww.industrydocuments.ucsf.edu/ ocs/hidg0227
","SECTION 1

STUDIES ON THE EFFECT OF MILK PROTEIN

DILUTION IN CHILDREN AT M.L.T.

Studies on the effect of dilution of skim milk protein were

commenced on fourteen mentally retarded children. Of these fourteen

children, seven were found to bé unsatisfactory for study and returned,

t

within two weeks of admission to the M.I. T.. Clinical Center, to their

respective State schools. -
Details of experimental design, diet, and analytical procedures

were previously described in the 1967 Annual Progress Report and are

t

further described in Section 3 of this report. BO i
. . ~ ‘
Details are given in Table 2 for the seven children who were
° i
studied during the entire experimental period.

Table 2
Age and weight of children and experimental design used for
studies of milk protein dilution!

.

Subject Age Initial Wt. Final Wt. Days on Days on
(yrs.)} (Ib. ) (Ib.) Baseline Dict Dilution

61.5 58.5 18 7 20
33.0. 36.0 26 83
33.0 35.0 25 32
34.0 36.0 33 32
41.0 43.0 29 40
35.0 37.0 25° 42
22.0 23.5 40 30

Dilution at 20% level.

 
",True,True,5.046,3.009
69,33.0,table/list,simple,"SECTION 1

STUDIES ON THE EFFECT OF MILK PROTEIN

DILUTION IN CHILDREN AT M.I.T.

Studies on the effect of dilution of skim milk protein were

commenced on fourteen mentally retarded children. Of these fourteen

children, seven were found to bé unsatisfactory for study and returned,

=

_within two weeks of admission to the M.I. T.,Clinical Center, to their

respective State schools,

Details of experimental design, diet, and analytical procedures

were previously described in the 1967 Annual Progress Report and are.

farther described in Section 3 of this report.

‘Details are given in Table 2 for the seven children who were

studied during the entire experimental period. ~
Table 2

Age and weight of children and experimental design used for
studies of milk protein dilution!

amber ganar

e096

Subject Age Initial Wt. Final Wt. Dayson | Days on
(yrs.} (Ib. ) (Ib.) Baseline Diet Dilution

61.5 _ 58.5 18 ean
50, 36.0 26 83
33.0 35.0 25 32
34.0 36.0 33 32
41.0 43.0 29 40
35.0 37.0 25° set Eee
22.0 23.5 40 30

 

Dilution at 20% level.

 

Source: https:/Awww.industrydocuments.ucsf.edu/ ocs/hidg0227
","SECTION 1

STUDIES ON THE EFFECT OF MILK PROTEIN

DILUTION IN CHILDREN AT M.L.T.

Studies on the effect of dilution of skim milk protein were

commenced on fourteen mentally retarded children. Of these fourteen

children, seven were found to bé unsatisfactory for study and returned,

t

within two weeks of admission to the M.I. T.. Clinical Center, to their

respective State schools. -
Details of experimental design, diet, and analytical procedures

were previously described in the 1967 Annual Progress Report and are

t

further described in Section 3 of this report. BO i
. . ~ ‘
Details are given in Table 2 for the seven children who were
° i
studied during the entire experimental period.

Table 2
Age and weight of children and experimental design used for
studies of milk protein dilution!

.

Subject Age Initial Wt. Final Wt. Days on Days on
(yrs.)} (Ib. ) (Ib.) Baseline Dict Dilution

61.5 58.5 18 7 20
33.0. 36.0 26 83
33.0 35.0 25 32
34.0 36.0 33 32
41.0 43.0 29 40
35.0 37.0 25° 42
22.0 23.5 40 30

Dilution at 20% level.

 
",True,True,4.09,4.826
70,37.0,table/list,simple,"SECTION 1

STUDIES ON THE EFFECT OF MILK PROTEIN

DILUTION IN CHILDREN AT M.I.T.

Studies on the effect of dilution of skim milk protein were

commenced on fourteen mentally retarded children. Of these fourteen

children, seven were found to bé unsatisfactory for study and returned,

=

_within two weeks of admission to the M.I. T.,Clinical Center, to their

respective State schools,

Details of experimental design, diet, and analytical procedures

were previously described in the 1967 Annual Progress Report and are.

farther described in Section 3 of this report.

‘Details are given in Table 2 for the seven children who were

studied during the entire experimental period. ~
Table 2

Age and weight of children and experimental design used for
studies of milk protein dilution!

amber ganar

e096

Subject Age Initial Wt. Final Wt. Dayson | Days on
(yrs.} (Ib. ) (Ib.) Baseline Diet Dilution

61.5 _ 58.5 18 ean
50, 36.0 26 83
33.0 35.0 25 32
34.0 36.0 33 32
41.0 43.0 29 40
35.0 37.0 25° set Eee
22.0 23.5 40 30

 

Dilution at 20% level.

 

Source: https:/Awww.industrydocuments.ucsf.edu/ ocs/hidg0227
","SECTION 1

STUDIES ON THE EFFECT OF MILK PROTEIN

DILUTION IN CHILDREN AT M.L.T.

Studies on the effect of dilution of skim milk protein were

commenced on fourteen mentally retarded children. Of these fourteen

children, seven were found to bé unsatisfactory for study and returned,

t

within two weeks of admission to the M.I. T.. Clinical Center, to their

respective State schools. -
Details of experimental design, diet, and analytical procedures

were previously described in the 1967 Annual Progress Report and are

t

further described in Section 3 of this report. BO i
. . ~ ‘
Details are given in Table 2 for the seven children who were
° i
studied during the entire experimental period.

Table 2
Age and weight of children and experimental design used for
studies of milk protein dilution!

.

Subject Age Initial Wt. Final Wt. Days on Days on
(yrs.)} (Ib. ) (Ib.) Baseline Dict Dilution

61.5 58.5 18 7 20
33.0. 36.0 26 83
33.0 35.0 25 32
34.0 36.0 33 32
41.0 43.0 29 40
35.0 37.0 25° 42
22.0 23.5 40 30

Dilution at 20% level.

 
",True,True,4.173,2.902
71,TEN,free_text,simple,"June 18, 1975

The Ability of Dietary Glycan to Lower Elevated
Blood Cholesterol and Triglycerides in Rats.

Ten male rats were fed the control diet (basal + cholesterol and
cholic acid) for four weeks and divided into two groups. One group (2A)
continued to receive the control diet. The second group (2B) received a
test diet of the same composition as the control diet except that 15 parts
of Glycan replaced 15 parts of sucrose. Another group (#1) of ten male rats
were fed the basal diet for four weeks and then continued on the basal diet.
At weekly intervals, whole blood was drawn from the caudal vein for the
determination of serum cholesterol. At the end of four weeks, whole blood

was drawn by heart puncture.

Blood Analysis

Group #1 #3 L—

Cholesterol mg % 0 Wk. 96
i 96
2 96
3 96
i

Triglyceride mg % 4 Wk.

 
","June 18, 1975

The Ability of Dietary Glycan to Lower Elevated
Blood Cholesterol and Triglycerides in Rats.

Ten male rats were fed the control diet (basal + cholesterol and
cholic acid) for four weeks and divided into two groups. One group (2A)
continued to receive the control diet. The second group (223) received a
test diet of the same composition as the control diet except that 15 parts
of Glycan renlaced 15 narts of sucrose. Another sroun (/1) of ten male rats
were fed the basal diet for four weeks and then continued on the basal diet.
At weekly intervals, whole blood was drawn from the caudal vein for the
determination of serum cholesterol. At the end of four weeks, whole blood

was drawn by heart puncture.

Blood Analysis

Group #1

Cholesterol mg % 96

3
4

Triglyceride mg % 4 Wk.

 
",True,True,4.191,5.054
72,FOUR WEEKS,free_text,simple,"June 18, 1975

The Ability of Dietary Glycan to Lower Elevated
Blood Cholesterol and Triglycerides in Rats.

Ten male rats were fed the control diet (basal + cholesterol and
cholic acid) for four weeks and divided into two groups. One group (2A)
continued to receive the control diet. The second group (2B) received a
test diet of the same composition as the control diet except that 15 parts
of Glycan replaced 15 parts of sucrose. Another group (#1) of ten male rats
were fed the basal diet for four weeks and then continued on the basal diet.
At weekly intervals, whole blood was drawn from the caudal vein for the
determination of serum cholesterol. At the end of four weeks, whole blood

was drawn by heart puncture.

Blood Analysis

Group #1 #3 L—

Cholesterol mg % 0 Wk. 96
i 96
2 96
3 96
i

Triglyceride mg % 4 Wk.

 
","June 18, 1975

The Ability of Dietary Glycan to Lower Elevated
Blood Cholesterol and Triglycerides in Rats.

Ten male rats were fed the control diet (basal + cholesterol and
cholic acid) for four weeks and divided into two groups. One group (2A)
continued to receive the control diet. The second group (223) received a
test diet of the same composition as the control diet except that 15 parts
of Glycan renlaced 15 narts of sucrose. Another sroun (/1) of ten male rats
were fed the basal diet for four weeks and then continued on the basal diet.
At weekly intervals, whole blood was drawn from the caudal vein for the
determination of serum cholesterol. At the end of four weeks, whole blood

was drawn by heart puncture.

Blood Analysis

Group #1

Cholesterol mg % 96

3
4

Triglyceride mg % 4 Wk.

 
",True,True,3.722,3.53
73,CAUDAL VEIN,free_text,simple,"June 18, 1975

The Ability of Dietary Glycan to Lower Elevated
Blood Cholesterol and Triglycerides in Rats.

Ten male rats were fed the control diet (basal + cholesterol and
cholic acid) for four weeks and divided into two groups. One group (2A)
continued to receive the control diet. The second group (2B) received a
test diet of the same composition as the control diet except that 15 parts
of Glycan replaced 15 parts of sucrose. Another group (#1) of ten male rats
were fed the basal diet for four weeks and then continued on the basal diet.
At weekly intervals, whole blood was drawn from the caudal vein for the
determination of serum cholesterol. At the end of four weeks, whole blood

was drawn by heart puncture.

Blood Analysis

Group #1 #3 L—

Cholesterol mg % 0 Wk. 96
i 96
2 96
3 96
i

Triglyceride mg % 4 Wk.

 
","June 18, 1975

The Ability of Dietary Glycan to Lower Elevated
Blood Cholesterol and Triglycerides in Rats.

Ten male rats were fed the control diet (basal + cholesterol and
cholic acid) for four weeks and divided into two groups. One group (2A)
continued to receive the control diet. The second group (223) received a
test diet of the same composition as the control diet except that 15 parts
of Glycan renlaced 15 narts of sucrose. Another sroun (/1) of ten male rats
were fed the basal diet for four weeks and then continued on the basal diet.
At weekly intervals, whole blood was drawn from the caudal vein for the
determination of serum cholesterol. At the end of four weeks, whole blood

was drawn by heart puncture.

Blood Analysis

Group #1

Cholesterol mg % 96

3
4

Triglyceride mg % 4 Wk.

 
",True,True,5.793,3.51
74,ITC Limited,layout,simple," 

Source: https://www.industrydocuments.ucsf.edu/docs/snbx0223
"," 
",False,False,1.289,0.593
75,BASAL DIET,free_text,simple,"June 18, 1975

The Ability of Dietary Glycan to Lower Elevated
Blood Cholesterol and Triglycerides in Rats.

Ten male rats were fed the control diet (basal + cholesterol and
cholic acid) for four weeks and divided into two groups. One group (2A)
continued to receive the control diet. The second group (2B) received a
test diet of the same composition as the control diet except that 15 parts
of Glycan replaced 15 parts of sucrose. Another group (#1) of ten male rats
were fed the basal diet for four weeks and then continued on the basal diet.
At weekly intervals, whole blood was drawn from the caudal vein for the
determination of serum cholesterol. At the end of four weeks, whole blood

was drawn by heart puncture.

Blood Analysis

Group #1 #3 L—

Cholesterol mg % 0 Wk. 96
i 96
2 96
3 96
i

Triglyceride mg % 4 Wk.

 
","June 18, 1975

The Ability of Dietary Glycan to Lower Elevated
Blood Cholesterol and Triglycerides in Rats.

Ten male rats were fed the control diet (basal + cholesterol and
cholic acid) for four weeks and divided into two groups. One group (2A)
continued to receive the control diet. The second group (223) received a
test diet of the same composition as the control diet except that 15 parts
of Glycan renlaced 15 narts of sucrose. Another sroun (/1) of ten male rats
were fed the basal diet for four weeks and then continued on the basal diet.
At weekly intervals, whole blood was drawn from the caudal vein for the
determination of serum cholesterol. At the end of four weeks, whole blood

was drawn by heart puncture.

Blood Analysis

Group #1

Cholesterol mg % 96

3
4

Triglyceride mg % 4 Wk.

 
",True,True,3.735,5.54
76,103,table/list,simple,"June 18, 1975

The Ability of Dietary Glycan to Lower Elevated
Blood Cholesterol and Triglycerides in Rats.

Ten male rats were fed the control diet (basal + cholesterol and
cholic acid) for four weeks and divided into two groups. One group (2A)
continued to receive the control diet. The second group (2B) received a
test diet of the same composition as the control diet except that 15 parts
of Glycan replaced 15 parts of sucrose. Another group (#1) of ten male rats
were fed the basal diet for four weeks and then continued on the basal diet.
At weekly intervals, whole blood was drawn from the caudal vein for the
determination of serum cholesterol. At the end of four weeks, whole blood

was drawn by heart puncture.

Blood Analysis

Group #1 #3 L—

Cholesterol mg % 0 Wk. 96
i 96
2 96
3 96
i

Triglyceride mg % 4 Wk.

 
","June 18, 1975

The Ability of Dietary Glycan to Lower Elevated
Blood Cholesterol and Triglycerides in Rats.

Ten male rats were fed the control diet (basal + cholesterol and
cholic acid) for four weeks and divided into two groups. One group (2A)
continued to receive the control diet. The second group (223) received a
test diet of the same composition as the control diet except that 15 parts
of Glycan renlaced 15 narts of sucrose. Another sroun (/1) of ten male rats
were fed the basal diet for four weeks and then continued on the basal diet.
At weekly intervals, whole blood was drawn from the caudal vein for the
determination of serum cholesterol. At the end of four weeks, whole blood

was drawn by heart puncture.

Blood Analysis

Group #1

Cholesterol mg % 96

3
4

Triglyceride mg % 4 Wk.

 
",False,False,3.683,3.474
77,PLATTE COUNTY VOLUNTEERS AGAINST HUNGER,form,medium,"PLATTE COUNTY

DIRECTORY of SERVICES

Prepared by:

PLATTE CounTY VOLUNTEERS AGAINST HUNGER

MISSOURI ASSOCIATION FOR SOCIAL WELFARE
113B West High Street
Jefferson City, Missouri

 

Source: https://www.industrydocuments.ucsf.edu/docs/kgvg022/
","PLATTE COUNTY

DIRECTORY o SERVICES

Prepared by:

Platte CounTY VOLUNTEERS AGAINST HUNGER

MISSOURI ASSOCIATION FOR SOCIAL WELFARE
113B West High Street
Jefferson City, Missouri

 
",True,True,1.342,0.837
78,itc,layout,simple," 

Source: https://www.industrydocuments.ucsf.edu/docs/snbx0223
"," 
",False,False,1.922,0.952
79,"34,400",table/list,simple,".

Missouri Food Donation Program
By MASW Divisions and Counties

COUNTY Population

(1)
No.

Scott

Stoddard

Wayne

SOUTHWEST:

Barry

Barton

Cedar

Christian

Dade

Dallas

Greene

Hickory

Jasper

Laclede

Lawrence

McDonald

Newton

Families
In
Poverty

(2)

2k.7
2969
39.2

26.0
25.6
23.7
23.6
29.2
30.2
16.4
28.5
19.0
26.8
22.5
31.8

22.0

Estimated
Population
In Poverty
(3)
No.
8,496
8,013

3,763

5 , Ol
2,406
2,109
3,256
2,102
2,959

23,074
1,225

15,428
4,984
5,692
35593
1,392

Page 6
January, 1970

Participants In Public
Food Donation Assistance
Program Recipients

(4) (5)

Col. No. No. Col.

Public Assistance
Participants In Food
Donation Program
6

3,587 2,435 67.9
3,286 2,324 70.7
784 63.5

 

Source: https://www.industrydocuments.ucsf.edu/docs/}jvg0227
","Missouri Food Donation Program Page 6
By MASW Divisions and Counties January, 1970

COUNTY Population Families Estimated Participants In Public Public Assistance
In Population Food Donation Assistance Participants In Food
Poverty In Poverty Program Recipients Donation Program
(1) (2) (3) (4) (5) 6
No. No. No. Col. No. No. Col.
Scott 34,400 2u.7 6,496 5 O74 3,587 2,435 67.9
Stoddard 26 , 800 29.9 8,013 5,949 74.2 3,286 2,324
Wayne 9,600 39.2 3,763 2,401 63.8 1,234 784 63.5
SOUTHWEST:
Barry 19,400 26.0 5,044 1,482
Barton 9,400 25.6 2 ,406 542
Ceder 8,900 23.7 2,109 677
Christian 13,800 23.6 916
Dade 7,200 29.2 . 471

Dallas 9,800 30.2 1,204

Greene 140,700 16.4 7,413

Hickory 4,300 28.5 ok
Jasper 81,200 19.0 4 631
Laclede 18,600 26.8 1,672
Lawrence 25,300 22.5 1,423
McDonald 11,300 31.8 . OTT

Newton 33,600 22.0 1,871

 
",False,True,3.276,2.328
80,29.9,table/list,simple,".

Missouri Food Donation Program
By MASW Divisions and Counties

COUNTY Population

(1)
No.

Scott

Stoddard

Wayne

SOUTHWEST:

Barry

Barton

Cedar

Christian

Dade

Dallas

Greene

Hickory

Jasper

Laclede

Lawrence

McDonald

Newton

Families
In
Poverty

(2)

2k.7
2969
39.2

26.0
25.6
23.7
23.6
29.2
30.2
16.4
28.5
19.0
26.8
22.5
31.8

22.0

Estimated
Population
In Poverty
(3)
No.
8,496
8,013

3,763

5 , Ol
2,406
2,109
3,256
2,102
2,959

23,074
1,225

15,428
4,984
5,692
35593
1,392

Page 6
January, 1970

Participants In Public
Food Donation Assistance
Program Recipients

(4) (5)

Col. No. No. Col.

Public Assistance
Participants In Food
Donation Program
6

3,587 2,435 67.9
3,286 2,324 70.7
784 63.5

 

Source: https://www.industrydocuments.ucsf.edu/docs/}jvg0227
","Missouri Food Donation Program Page 6
By MASW Divisions and Counties January, 1970

COUNTY Population Families Estimated Participants In Public Public Assistance
In Population Food Donation Assistance Participants In Food
Poverty In Poverty Program Recipients Donation Program
(1) (2) (3) (4) (5) 6
No. No. No. Col. No. No. Col.
Scott 34,400 2u.7 6,496 5 O74 3,587 2,435 67.9
Stoddard 26 , 800 29.9 8,013 5,949 74.2 3,286 2,324
Wayne 9,600 39.2 3,763 2,401 63.8 1,234 784 63.5
SOUTHWEST:
Barry 19,400 26.0 5,044 1,482
Barton 9,400 25.6 2 ,406 542
Ceder 8,900 23.7 2,109 677
Christian 13,800 23.6 916
Dade 7,200 29.2 . 471

Dallas 9,800 30.2 1,204

Greene 140,700 16.4 7,413

Hickory 4,300 28.5 ok
Jasper 81,200 19.0 4 631
Laclede 18,600 26.8 1,672
Lawrence 25,300 22.5 1,423
McDonald 11,300 31.8 . OTT

Newton 33,600 22.0 1,871

 
",False,True,2.537,2.383
81,report and accounts,layout,medium," 

Source: https://www.industrydocuments.ucsf.edu/docs/snbx0223
"," 
",False,False,1.286,0.915
82,ltl service,free_text,simple,"NAMES IN THE NEWS, Continued

United States Cold Storage of California, a division of American Consumer Industries,
has named C, RICHARD NELSON Vice President of Container Services which provides
LTL service for frozen shipments from the west coast to Hawaii.

ESEQUIEL GRANADO has succeeded WILLIAM R. SEWELL as Manager of Edinburg Ice
and Cold Storage, Edinburg, Texas.

Lewis Refrigeration Company, Redmond, Washington, has announced the appointment of
RONALD F. MEYER to the position of President.

WANTED

Individual experienced in warehouse operations
and customer contact for managerial position
with large multi-plant operation. Inquiries con-
fidential, if requested.

Contact: Charles H. Hoffberger
Merchants Terminal Corporation
501 North Kresson Street
Baltimore, Maryland 21224

Telephone: 301-342-9300

WANTED WANTED

General Manager for Independent Ice Operating Engineer for Independent Ice
and Cold Storage Co. , 1626 Southern and Cold Storage Co. , 1626 Southern
Avenue, Shreveport, La. 71101. Avenue, Shreveport, La. 71101.

Salary commensurate. Mail resume. Salary commensurate. Mail resume’.

AVAILABLE

Refrigerated Warehouse executive with
20 years experience in all aspects of
operations,

Contact: Charles B. Capp
4311 W. 53rd Terrace
Shawnee Mission, Kan. 66205
Telephone: 913-281-2771

 
","NAMES IN THE NEWS, Continued

United States Cold Storage of California, a division of American Consumer Industries,
has named C, RICHARD NELSON Vice President of Container Services which provides
LTL service for frozen shipments from the west coast to Hawaii.

ESEQUIEL GRANADO has succeeded WILLIAM R. SEWELL as Manager of Edinburg Ice
and Cold Storage, Edinburg, Texas.

Lewis Refrigeration Company, Redmond, Washington, has announced the appointment of
RONALD F,. MEYER to the position of President.

WANTED

Individual experienced in warehouse operations
and customer contact for managerial position
with large multi-plant operation, Inquiries con-
fidential, if requested.

Contact: Charles H. Hoffberger
Merchants Terminal Corporation
501 North Kresson Street
Baltimore, Maryland 21224

Telephone: 301-342-9300

WANTED WANTED

General Manager for Independent Ice Operating Engineer for Independent Ice
and Cold Storage Co. , 1626 Southern and Cold Storage Co. , 1626 Southern
Avenue, Shreveport, La. 71101. Avenue, Shreveport, La. 71101.

Salary commensurate. Mail resume. Salary commensurate, Mail resume’.

AVAILABLE

Refrigerated Warehouse executive with
20 years experience in all aspects of
operations.

Contact: Charles B. Capp
4311 W. 53rd Terrace
Shawnee Mission, Kan. 66205
Telephone: 913-281-2771

 
",True,True,5.719,3.621
83,"1,423",table/list,simple,".

Missouri Food Donation Program
By MASW Divisions and Counties

COUNTY Population

(1)
No.

Scott

Stoddard

Wayne

SOUTHWEST:

Barry

Barton

Cedar

Christian

Dade

Dallas

Greene

Hickory

Jasper

Laclede

Lawrence

McDonald

Newton

Families
In
Poverty

(2)

2k.7
2969
39.2

26.0
25.6
23.7
23.6
29.2
30.2
16.4
28.5
19.0
26.8
22.5
31.8

22.0

Estimated
Population
In Poverty
(3)
No.
8,496
8,013

3,763

5 , Ol
2,406
2,109
3,256
2,102
2,959

23,074
1,225

15,428
4,984
5,692
35593
1,392

Page 6
January, 1970

Participants In Public
Food Donation Assistance
Program Recipients

(4) (5)

Col. No. No. Col.

Public Assistance
Participants In Food
Donation Program
6

3,587 2,435 67.9
3,286 2,324 70.7
784 63.5

 

Source: https://www.industrydocuments.ucsf.edu/docs/}jvg0227
","Missouri Food Donation Program Page 6
By MASW Divisions and Counties January, 1970

COUNTY Population Families Estimated Participants In Public Public Assistance
In Population Food Donation Assistance Participants In Food
Poverty In Poverty Program Recipients Donation Program
(1) (2) (3) (4) (5) 6
No. No. No. Col. No. No. Col.
Scott 34,400 2u.7 6,496 5 O74 3,587 2,435 67.9
Stoddard 26 , 800 29.9 8,013 5,949 74.2 3,286 2,324
Wayne 9,600 39.2 3,763 2,401 63.8 1,234 784 63.5
SOUTHWEST:
Barry 19,400 26.0 5,044 1,482
Barton 9,400 25.6 2 ,406 542
Ceder 8,900 23.7 2,109 677
Christian 13,800 23.6 916
Dade 7,200 29.2 . 471

Dallas 9,800 30.2 1,204

Greene 140,700 16.4 7,413

Hickory 4,300 28.5 ok
Jasper 81,200 19.0 4 631
Laclede 18,600 26.8 1,672
Lawrence 25,300 22.5 1,423
McDonald 11,300 31.8 . OTT

Newton 33,600 22.0 1,871

 
",False,True,2.505,2.703
84,"33,600",table/list,simple,".

Missouri Food Donation Program
By MASW Divisions and Counties

COUNTY Population

(1)
No.

Scott

Stoddard

Wayne

SOUTHWEST:

Barry

Barton

Cedar

Christian

Dade

Dallas

Greene

Hickory

Jasper

Laclede

Lawrence

McDonald

Newton

Families
In
Poverty

(2)

2k.7
2969
39.2

26.0
25.6
23.7
23.6
29.2
30.2
16.4
28.5
19.0
26.8
22.5
31.8

22.0

Estimated
Population
In Poverty
(3)
No.
8,496
8,013

3,763

5 , Ol
2,406
2,109
3,256
2,102
2,959

23,074
1,225

15,428
4,984
5,692
35593
1,392

Page 6
January, 1970

Participants In Public
Food Donation Assistance
Program Recipients

(4) (5)

Col. No. No. Col.

Public Assistance
Participants In Food
Donation Program
6

3,587 2,435 67.9
3,286 2,324 70.7
784 63.5

 

Source: https://www.industrydocuments.ucsf.edu/docs/}jvg0227
","Missouri Food Donation Program Page 6
By MASW Divisions and Counties January, 1970

COUNTY Population Families Estimated Participants In Public Public Assistance
In Population Food Donation Assistance Participants In Food
Poverty In Poverty Program Recipients Donation Program
(1) (2) (3) (4) (5) 6
No. No. No. Col. No. No. Col.
Scott 34,400 2u.7 6,496 5 O74 3,587 2,435 67.9
Stoddard 26 , 800 29.9 8,013 5,949 74.2 3,286 2,324
Wayne 9,600 39.2 3,763 2,401 63.8 1,234 784 63.5
SOUTHWEST:
Barry 19,400 26.0 5,044 1,482
Barton 9,400 25.6 2 ,406 542
Ceder 8,900 23.7 2,109 677
Christian 13,800 23.6 916
Dade 7,200 29.2 . 471

Dallas 9,800 30.2 1,204

Greene 140,700 16.4 7,413

Hickory 4,300 28.5 ok
Jasper 81,200 19.0 4 631
Laclede 18,600 26.8 1,672
Lawrence 25,300 22.5 1,423
McDonald 11,300 31.8 . OTT

Newton 33,600 22.0 1,871

 
",False,True,5.508,2.35
85,scientists,free_text,simple,"FOREWORD

Many of the immediate questions confronting NIH in its support of
biomedical research relate to the allocation of funds in terms of
the scientific potential of a field. NIH has always believed that
the persons most capable of evaluating a scientific field are sci-
entists themselves -- on the NIH staff or elsewhere in the scien-
tific community. They are best qualified to examine the efforts
and objectives of their colleagues, to set priorities, and to
assist in obtaining an appropriate balance within the health-
related research effort. To investigate how NIH might avail it-
self of this expertise, Dr. Joseph C. Hwang, Chief of the Scientific
Evaluation Section, Office for Research Analysis and Evaluation in
the Division of Research Grants, suggested that the Division con-
duct a series of evaluation conferences. The proposal was endorsed
by the then Associate Director for Research Analysis and Evaluation,
Dr. Arley T. Bever, and four conferences were held in the fall of
1968. The conference dealing with Nutrition and Developmental Biol-
ogy forms the basis for this report.

It is hoped that this report and the others resulting from these
conferences will suggest a possible format for future evaluation
of scientific fields that will provide an improved rationale for
allocation choices.

 

Source: https:/Awww.industrydocuments.ucsf.edu/docs/kqch0227
","Stare ae

Tae CL eIPnTn TnI EneT

FOREWORD

Many of the immediate questions confronting NIH in its support of
biomedical research relate to the allocation of funds in Lerms of
the scientific potential of a field. NIH has always believed that
the persons most capable of evaluating a scientific field are sci-
entists themselves -- on the NIH staff or elsewhere in the scien-
tific community. ‘They are best qualified to examine the efforts

and objectives of their colleagues, to set priorities, and Lo

assist in obtaining an appropriate balance within the health-
related research effort. To investigate how NIH might avail it-
self of this expertise, Dr. Joseph C. Hwang, Chief of the Scientific
Evaluation Section, Office for Research Analysis and Evaluation in
che Division of Research Crants, suggested that the Division con-
duct a series of evaluacion conferences. The proposal was endorsed
by the then Associate Director for Research Analysis and Evaluation,
Dr. Arley T. Bever, and four conferences were held in the fall of
1968. ‘the conference dealing with Nutrition and Developmental Biol-
ogy forms the basis for this report.

It is hoped that this report and the others resulting from these
conferences will suggest a possible format for future evaluation
of scientific fields that will provide an improved rationale for
allocation choices,

ernelan

 
",False,False,5.204,7.662
86,Dr. Joseph C. Hwang,free_text,medium,"FOREWORD

Many of the immediate questions confronting NIH in its support of
biomedical research relate to the allocation of funds in terms of
the scientific potential of a field. NIH has always believed that
the persons most capable of evaluating a scientific field are sci-
entists themselves -- on the NIH staff or elsewhere in the scien-
tific community. They are best qualified to examine the efforts
and objectives of their colleagues, to set priorities, and to
assist in obtaining an appropriate balance within the health-
related research effort. To investigate how NIH might avail it-
self of this expertise, Dr. Joseph C. Hwang, Chief of the Scientific
Evaluation Section, Office for Research Analysis and Evaluation in
the Division of Research Grants, suggested that the Division con-
duct a series of evaluation conferences. The proposal was endorsed
by the then Associate Director for Research Analysis and Evaluation,
Dr. Arley T. Bever, and four conferences were held in the fall of
1968. The conference dealing with Nutrition and Developmental Biol-
ogy forms the basis for this report.

It is hoped that this report and the others resulting from these
conferences will suggest a possible format for future evaluation
of scientific fields that will provide an improved rationale for
allocation choices.

 

Source: https:/Awww.industrydocuments.ucsf.edu/docs/kqch0227
","Stare ae

Tae CL eIPnTn TnI EneT

FOREWORD

Many of the immediate questions confronting NIH in its support of
biomedical research relate to the allocation of funds in Lerms of
the scientific potential of a field. NIH has always believed that
the persons most capable of evaluating a scientific field are sci-
entists themselves -- on the NIH staff or elsewhere in the scien-
tific community. ‘They are best qualified to examine the efforts

and objectives of their colleagues, to set priorities, and Lo

assist in obtaining an appropriate balance within the health-
related research effort. To investigate how NIH might avail it-
self of this expertise, Dr. Joseph C. Hwang, Chief of the Scientific
Evaluation Section, Office for Research Analysis and Evaluation in
che Division of Research Crants, suggested that the Division con-
duct a series of evaluacion conferences. The proposal was endorsed
by the then Associate Director for Research Analysis and Evaluation,
Dr. Arley T. Bever, and four conferences were held in the fall of
1968. ‘the conference dealing with Nutrition and Developmental Biol-
ogy forms the basis for this report.

It is hoped that this report and the others resulting from these
conferences will suggest a possible format for future evaluation
of scientific fields that will provide an improved rationale for
allocation choices,

ernelan

 
",True,True,5.312,7.651
87,Dr. Arley T. Bever,free_text,medium,"FOREWORD

Many of the immediate questions confronting NIH in its support of
biomedical research relate to the allocation of funds in terms of
the scientific potential of a field. NIH has always believed that
the persons most capable of evaluating a scientific field are sci-
entists themselves -- on the NIH staff or elsewhere in the scien-
tific community. They are best qualified to examine the efforts
and objectives of their colleagues, to set priorities, and to
assist in obtaining an appropriate balance within the health-
related research effort. To investigate how NIH might avail it-
self of this expertise, Dr. Joseph C. Hwang, Chief of the Scientific
Evaluation Section, Office for Research Analysis and Evaluation in
the Division of Research Grants, suggested that the Division con-
duct a series of evaluation conferences. The proposal was endorsed
by the then Associate Director for Research Analysis and Evaluation,
Dr. Arley T. Bever, and four conferences were held in the fall of
1968. The conference dealing with Nutrition and Developmental Biol-
ogy forms the basis for this report.

It is hoped that this report and the others resulting from these
conferences will suggest a possible format for future evaluation
of scientific fields that will provide an improved rationale for
allocation choices.

 

Source: https:/Awww.industrydocuments.ucsf.edu/docs/kqch0227
","Stare ae

Tae CL eIPnTn TnI EneT

FOREWORD

Many of the immediate questions confronting NIH in its support of
biomedical research relate to the allocation of funds in Lerms of
the scientific potential of a field. NIH has always believed that
the persons most capable of evaluating a scientific field are sci-
entists themselves -- on the NIH staff or elsewhere in the scien-
tific community. ‘They are best qualified to examine the efforts

and objectives of their colleagues, to set priorities, and Lo

assist in obtaining an appropriate balance within the health-
related research effort. To investigate how NIH might avail it-
self of this expertise, Dr. Joseph C. Hwang, Chief of the Scientific
Evaluation Section, Office for Research Analysis and Evaluation in
che Division of Research Crants, suggested that the Division con-
duct a series of evaluacion conferences. The proposal was endorsed
by the then Associate Director for Research Analysis and Evaluation,
Dr. Arley T. Bever, and four conferences were held in the fall of
1968. ‘the conference dealing with Nutrition and Developmental Biol-
ogy forms the basis for this report.

It is hoped that this report and the others resulting from these
conferences will suggest a possible format for future evaluation
of scientific fields that will provide an improved rationale for
allocation choices,

ernelan

 
",True,True,5.276,6.609
88,four,free_text,simple,"FOREWORD

Many of the immediate questions confronting NIH in its support of
biomedical research relate to the allocation of funds in terms of
the scientific potential of a field. NIH has always believed that
the persons most capable of evaluating a scientific field are sci-
entists themselves -- on the NIH staff or elsewhere in the scien-
tific community. They are best qualified to examine the efforts
and objectives of their colleagues, to set priorities, and to
assist in obtaining an appropriate balance within the health-
related research effort. To investigate how NIH might avail it-
self of this expertise, Dr. Joseph C. Hwang, Chief of the Scientific
Evaluation Section, Office for Research Analysis and Evaluation in
the Division of Research Grants, suggested that the Division con-
duct a series of evaluation conferences. The proposal was endorsed
by the then Associate Director for Research Analysis and Evaluation,
Dr. Arley T. Bever, and four conferences were held in the fall of
1968. The conference dealing with Nutrition and Developmental Biol-
ogy forms the basis for this report.

It is hoped that this report and the others resulting from these
conferences will suggest a possible format for future evaluation
of scientific fields that will provide an improved rationale for
allocation choices.

 

Source: https:/Awww.industrydocuments.ucsf.edu/docs/kqch0227
","Stare ae

Tae CL eIPnTn TnI EneT

FOREWORD

Many of the immediate questions confronting NIH in its support of
biomedical research relate to the allocation of funds in Lerms of
the scientific potential of a field. NIH has always believed that
the persons most capable of evaluating a scientific field are sci-
entists themselves -- on the NIH staff or elsewhere in the scien-
tific community. ‘They are best qualified to examine the efforts

and objectives of their colleagues, to set priorities, and Lo

assist in obtaining an appropriate balance within the health-
related research effort. To investigate how NIH might avail it-
self of this expertise, Dr. Joseph C. Hwang, Chief of the Scientific
Evaluation Section, Office for Research Analysis and Evaluation in
che Division of Research Crants, suggested that the Division con-
duct a series of evaluacion conferences. The proposal was endorsed
by the then Associate Director for Research Analysis and Evaluation,
Dr. Arley T. Bever, and four conferences were held in the fall of
1968. ‘the conference dealing with Nutrition and Developmental Biol-
ogy forms the basis for this report.

It is hoped that this report and the others resulting from these
conferences will suggest a possible format for future evaluation
of scientific fields that will provide an improved rationale for
allocation choices,

ernelan

 
",True,True,6.12,5.608
89,esequiel granado,free_text,simple,"NAMES IN THE NEWS, Continued

United States Cold Storage of California, a division of American Consumer Industries,
has named C, RICHARD NELSON Vice President of Container Services which provides
LTL service for frozen shipments from the west coast to Hawaii.

ESEQUIEL GRANADO has succeeded WILLIAM R. SEWELL as Manager of Edinburg Ice
and Cold Storage, Edinburg, Texas.

Lewis Refrigeration Company, Redmond, Washington, has announced the appointment of
RONALD F. MEYER to the position of President.

WANTED

Individual experienced in warehouse operations
and customer contact for managerial position
with large multi-plant operation. Inquiries con-
fidential, if requested.

Contact: Charles H. Hoffberger
Merchants Terminal Corporation
501 North Kresson Street
Baltimore, Maryland 21224

Telephone: 301-342-9300

WANTED WANTED

General Manager for Independent Ice Operating Engineer for Independent Ice
and Cold Storage Co. , 1626 Southern and Cold Storage Co. , 1626 Southern
Avenue, Shreveport, La. 71101. Avenue, Shreveport, La. 71101.

Salary commensurate. Mail resume. Salary commensurate. Mail resume’.

AVAILABLE

Refrigerated Warehouse executive with
20 years experience in all aspects of
operations,

Contact: Charles B. Capp
4311 W. 53rd Terrace
Shawnee Mission, Kan. 66205
Telephone: 913-281-2771

 
","NAMES IN THE NEWS, Continued

United States Cold Storage of California, a division of American Consumer Industries,
has named C, RICHARD NELSON Vice President of Container Services which provides
LTL service for frozen shipments from the west coast to Hawaii.

ESEQUIEL GRANADO has succeeded WILLIAM R. SEWELL as Manager of Edinburg Ice
and Cold Storage, Edinburg, Texas.

Lewis Refrigeration Company, Redmond, Washington, has announced the appointment of
RONALD F,. MEYER to the position of President.

WANTED

Individual experienced in warehouse operations
and customer contact for managerial position
with large multi-plant operation, Inquiries con-
fidential, if requested.

Contact: Charles H. Hoffberger
Merchants Terminal Corporation
501 North Kresson Street
Baltimore, Maryland 21224

Telephone: 301-342-9300

WANTED WANTED

General Manager for Independent Ice Operating Engineer for Independent Ice
and Cold Storage Co. , 1626 Southern and Cold Storage Co. , 1626 Southern
Avenue, Shreveport, La. 71101. Avenue, Shreveport, La. 71101.

Salary commensurate. Mail resume. Salary commensurate, Mail resume’.

AVAILABLE

Refrigerated Warehouse executive with
20 years experience in all aspects of
operations.

Contact: Charles B. Capp
4311 W. 53rd Terrace
Shawnee Mission, Kan. 66205
Telephone: 913-281-2771

 
",True,True,6.807,3.7
90,Steering Committee Meeting,layout,medium,"MISSOURI ASSOCIATION for SOCIAL WELFARE

Mrs. Gipeon H. Scuituer 113B West Hich Srreer ® Jerrerson Crry, Missouri 65101 * TELEPHONE 636-4129 * Area Cope 314
PRESIDENT

Bert SHULIMSON
EXECUTIVE SECRETARY

June 11, 1970

MEMORANDUM
TO Volunteers Against Hunger Steering Committee
FROM: Bert Shulimson, Executive Secretary

SUBJECT: Steering Committee Meeting

This is to remind you of the meeting of the steering committee set for
Wednesday, June 17, at 11:00 a.m. at the Holiday Inn Downtown, Jefferon
City, Missouri.

If you have not responded as yet, please plan to attend and let us know
that you will be with us.

Enclosed is a simple informational outline intended to acquaint volunteers

with the program and how they may proceed in getting organized. We would
appreciate your comments and are very open to your suggestions.

BS: mk
Enclosure

THE WELFARE OF THE PEOPLE SHALL BE THE SUPREME LAW

 

Source: https:/Awww.industrydocuments.ucsf.edu/docs/sxvg0227
","MISSOURI ASSOCIATION for SOCIAL WELFARE

Mrs Gipron Ho Scrin.er 113B Wesr Hich Street ® Jerrerson Crry. Missovar 65101 * Trrernone 636-4129 © Area Cove 314
PRESIDENT

Bert SavULIMsox
EXECUTIVE SECRETARY

June 11, 1970

MEMORANDUM
TO: Volunteers Against Hunger Steering Committee
FROM: Bert Shulimson, Executive Secretary

SUBJECT: Steering Committee Meeting

This is to remind you of the meeting of the steering committee set for
Wednesday, June 17, at 11:00 a.m. at the Holiday Inn Downtown, Jefferan
City, Missouri.

If you have not responded as yet, please plan to attend and let us know
that you will be with us.

Enclosed is a simple informational outline intended to acquaint volunteers
with the program end how they may proceed in getting organized. We would
appreciate your comments and are very open to your suggestions.

BS: mk
Enclosure

THE WELFARE OF THE PEOPLE SHALL BE THE SUPREME LAW

 
",True,True,3.979,5.087
91,Volunteers Against Hunger Steering Committee,layout,medium,"MISSOURI ASSOCIATION for SOCIAL WELFARE

Mrs. Gipeon H. Scuituer 113B West Hich Srreer ® Jerrerson Crry, Missouri 65101 * TELEPHONE 636-4129 * Area Cope 314
PRESIDENT

Bert SHULIMSON
EXECUTIVE SECRETARY

June 11, 1970

MEMORANDUM
TO Volunteers Against Hunger Steering Committee
FROM: Bert Shulimson, Executive Secretary

SUBJECT: Steering Committee Meeting

This is to remind you of the meeting of the steering committee set for
Wednesday, June 17, at 11:00 a.m. at the Holiday Inn Downtown, Jefferon
City, Missouri.

If you have not responded as yet, please plan to attend and let us know
that you will be with us.

Enclosed is a simple informational outline intended to acquaint volunteers

with the program and how they may proceed in getting organized. We would
appreciate your comments and are very open to your suggestions.

BS: mk
Enclosure

THE WELFARE OF THE PEOPLE SHALL BE THE SUPREME LAW

 

Source: https:/Awww.industrydocuments.ucsf.edu/docs/sxvg0227
","MISSOURI ASSOCIATION for SOCIAL WELFARE

Mrs Gipron Ho Scrin.er 113B Wesr Hich Street ® Jerrerson Crry. Missovar 65101 * Trrernone 636-4129 © Area Cove 314
PRESIDENT

Bert SavULIMsox
EXECUTIVE SECRETARY

June 11, 1970

MEMORANDUM
TO: Volunteers Against Hunger Steering Committee
FROM: Bert Shulimson, Executive Secretary

SUBJECT: Steering Committee Meeting

This is to remind you of the meeting of the steering committee set for
Wednesday, June 17, at 11:00 a.m. at the Holiday Inn Downtown, Jefferan
City, Missouri.

If you have not responded as yet, please plan to attend and let us know
that you will be with us.

Enclosed is a simple informational outline intended to acquaint volunteers
with the program end how they may proceed in getting organized. We would
appreciate your comments and are very open to your suggestions.

BS: mk
Enclosure

THE WELFARE OF THE PEOPLE SHALL BE THE SUPREME LAW

 
",True,True,4.043,3.161
92,Bert Shulimson,layout,simple,"MISSOURI ASSOCIATION for SOCIAL WELFARE

Mrs. Gipeon H. Scuituer 113B West Hich Srreer ® Jerrerson Crry, Missouri 65101 * TELEPHONE 636-4129 * Area Cope 314
PRESIDENT

Bert SHULIMSON
EXECUTIVE SECRETARY

June 11, 1970

MEMORANDUM
TO Volunteers Against Hunger Steering Committee
FROM: Bert Shulimson, Executive Secretary

SUBJECT: Steering Committee Meeting

This is to remind you of the meeting of the steering committee set for
Wednesday, June 17, at 11:00 a.m. at the Holiday Inn Downtown, Jefferon
City, Missouri.

If you have not responded as yet, please plan to attend and let us know
that you will be with us.

Enclosed is a simple informational outline intended to acquaint volunteers

with the program and how they may proceed in getting organized. We would
appreciate your comments and are very open to your suggestions.

BS: mk
Enclosure

THE WELFARE OF THE PEOPLE SHALL BE THE SUPREME LAW

 

Source: https:/Awww.industrydocuments.ucsf.edu/docs/sxvg0227
","MISSOURI ASSOCIATION for SOCIAL WELFARE

Mrs Gipron Ho Scrin.er 113B Wesr Hich Street ® Jerrerson Crry. Missovar 65101 * Trrernone 636-4129 © Area Cove 314
PRESIDENT

Bert SavULIMsox
EXECUTIVE SECRETARY

June 11, 1970

MEMORANDUM
TO: Volunteers Against Hunger Steering Committee
FROM: Bert Shulimson, Executive Secretary

SUBJECT: Steering Committee Meeting

This is to remind you of the meeting of the steering committee set for
Wednesday, June 17, at 11:00 a.m. at the Holiday Inn Downtown, Jefferan
City, Missouri.

If you have not responded as yet, please plan to attend and let us know
that you will be with us.

Enclosed is a simple informational outline intended to acquaint volunteers
with the program end how they may proceed in getting organized. We would
appreciate your comments and are very open to your suggestions.

BS: mk
Enclosure

THE WELFARE OF THE PEOPLE SHALL BE THE SUPREME LAW

 
",True,True,4.613,4.422
93,bingo,Image/Photo,simple,"ITC Limited REPORT AND ACCOUNTS 2013

Associated with youth, fun and excitement, Bingo! offers multiple variants of Potato Chips and Finger snacks to
fulfil the consumer's need for variety and novelty with innovative formats and ‘irresistible combinations’ in flavours.

 
","ITC Limited REPORT AND ACCOUNTS 2013

Associated with youth, fun and excitement, Bingo! offers multiple variants of Potato Chips and Finger snacks to
fulfil the consumer's need for variety and novelty with innovative formats and ‘irresistible combinations’ in flavours.

       
 

ar}
",True,True,1.348,0.983
94,"Holiday Inn Downtown , Jefferson City , Missouri",free_text,complex,"MISSOURI ASSOCIATION for SOCIAL WELFARE

Mrs. Gipeon H. Scuituer 113B West Hich Srreer ® Jerrerson Crry, Missouri 65101 * TELEPHONE 636-4129 * Area Cope 314
PRESIDENT

Bert SHULIMSON
EXECUTIVE SECRETARY

June 11, 1970

MEMORANDUM
TO Volunteers Against Hunger Steering Committee
FROM: Bert Shulimson, Executive Secretary

SUBJECT: Steering Committee Meeting

This is to remind you of the meeting of the steering committee set for
Wednesday, June 17, at 11:00 a.m. at the Holiday Inn Downtown, Jefferon
City, Missouri.

If you have not responded as yet, please plan to attend and let us know
that you will be with us.

Enclosed is a simple informational outline intended to acquaint volunteers

with the program and how they may proceed in getting organized. We would
appreciate your comments and are very open to your suggestions.

BS: mk
Enclosure

THE WELFARE OF THE PEOPLE SHALL BE THE SUPREME LAW

 

Source: https:/Awww.industrydocuments.ucsf.edu/docs/sxvg0227
","MISSOURI ASSOCIATION for SOCIAL WELFARE

Mrs Gipron Ho Scrin.er 113B Wesr Hich Street ® Jerrerson Crry. Missovar 65101 * Trrernone 636-4129 © Area Cove 314
PRESIDENT

Bert SavULIMsox
EXECUTIVE SECRETARY

June 11, 1970

MEMORANDUM
TO: Volunteers Against Hunger Steering Committee
FROM: Bert Shulimson, Executive Secretary

SUBJECT: Steering Committee Meeting

This is to remind you of the meeting of the steering committee set for
Wednesday, June 17, at 11:00 a.m. at the Holiday Inn Downtown, Jefferan
City, Missouri.

If you have not responded as yet, please plan to attend and let us know
that you will be with us.

Enclosed is a simple informational outline intended to acquaint volunteers
with the program end how they may proceed in getting organized. We would
appreciate your comments and are very open to your suggestions.

BS: mk
Enclosure

THE WELFARE OF THE PEOPLE SHALL BE THE SUPREME LAW

 
",False,False,3.899,4.003
95,candyman,Image/Photo,simple,"ITC Limited REPORT AND ACCOUNTS 2013

Associated with youth, fun and excitement, Bingo! offers multiple variants of Potato Chips and Finger snacks to
fulfil the consumer's need for variety and novelty with innovative formats and ‘irresistible combinations’ in flavours.

 
","ITC Limited REPORT AND ACCOUNTS 2013

Associated with youth, fun and excitement, Bingo! offers multiple variants of Potato Chips and Finger snacks to
fulfil the consumer's need for variety and novelty with innovative formats and ‘irresistible combinations’ in flavours.

       
 

ar}
",False,False,2.194,1.212
96,available,layout,simple,"NAMES IN THE NEWS, Continued

United States Cold Storage of California, a division of American Consumer Industries,
has named C, RICHARD NELSON Vice President of Container Services which provides
LTL service for frozen shipments from the west coast to Hawaii.

ESEQUIEL GRANADO has succeeded WILLIAM R. SEWELL as Manager of Edinburg Ice
and Cold Storage, Edinburg, Texas.

Lewis Refrigeration Company, Redmond, Washington, has announced the appointment of
RONALD F. MEYER to the position of President.

WANTED

Individual experienced in warehouse operations
and customer contact for managerial position
with large multi-plant operation. Inquiries con-
fidential, if requested.

Contact: Charles H. Hoffberger
Merchants Terminal Corporation
501 North Kresson Street
Baltimore, Maryland 21224

Telephone: 301-342-9300

WANTED WANTED

General Manager for Independent Ice Operating Engineer for Independent Ice
and Cold Storage Co. , 1626 Southern and Cold Storage Co. , 1626 Southern
Avenue, Shreveport, La. 71101. Avenue, Shreveport, La. 71101.

Salary commensurate. Mail resume. Salary commensurate. Mail resume’.

AVAILABLE

Refrigerated Warehouse executive with
20 years experience in all aspects of
operations,

Contact: Charles B. Capp
4311 W. 53rd Terrace
Shawnee Mission, Kan. 66205
Telephone: 913-281-2771

 
","NAMES IN THE NEWS, Continued

United States Cold Storage of California, a division of American Consumer Industries,
has named C, RICHARD NELSON Vice President of Container Services which provides
LTL service for frozen shipments from the west coast to Hawaii.

ESEQUIEL GRANADO has succeeded WILLIAM R. SEWELL as Manager of Edinburg Ice
and Cold Storage, Edinburg, Texas.

Lewis Refrigeration Company, Redmond, Washington, has announced the appointment of
RONALD F,. MEYER to the position of President.

WANTED

Individual experienced in warehouse operations
and customer contact for managerial position
with large multi-plant operation, Inquiries con-
fidential, if requested.

Contact: Charles H. Hoffberger
Merchants Terminal Corporation
501 North Kresson Street
Baltimore, Maryland 21224

Telephone: 301-342-9300

WANTED WANTED

General Manager for Independent Ice Operating Engineer for Independent Ice
and Cold Storage Co. , 1626 Southern and Cold Storage Co. , 1626 Southern
Avenue, Shreveport, La. 71101. Avenue, Shreveport, La. 71101.

Salary commensurate. Mail resume. Salary commensurate, Mail resume’.

AVAILABLE

Refrigerated Warehouse executive with
20 years experience in all aspects of
operations.

Contact: Charles B. Capp
4311 W. 53rd Terrace
Shawnee Mission, Kan. 66205
Telephone: 913-281-2771

 
",True,True,4.398,3.686
97,wanted,layout,simple,"NAMES IN THE NEWS, Continued

United States Cold Storage of California, a division of American Consumer Industries,
has named C, RICHARD NELSON Vice President of Container Services which provides
LTL service for frozen shipments from the west coast to Hawaii.

ESEQUIEL GRANADO has succeeded WILLIAM R. SEWELL as Manager of Edinburg Ice
and Cold Storage, Edinburg, Texas.

Lewis Refrigeration Company, Redmond, Washington, has announced the appointment of
RONALD F. MEYER to the position of President.

WANTED

Individual experienced in warehouse operations
and customer contact for managerial position
with large multi-plant operation. Inquiries con-
fidential, if requested.

Contact: Charles H. Hoffberger
Merchants Terminal Corporation
501 North Kresson Street
Baltimore, Maryland 21224

Telephone: 301-342-9300

WANTED WANTED

General Manager for Independent Ice Operating Engineer for Independent Ice
and Cold Storage Co. , 1626 Southern and Cold Storage Co. , 1626 Southern
Avenue, Shreveport, La. 71101. Avenue, Shreveport, La. 71101.

Salary commensurate. Mail resume. Salary commensurate. Mail resume’.

AVAILABLE

Refrigerated Warehouse executive with
20 years experience in all aspects of
operations,

Contact: Charles B. Capp
4311 W. 53rd Terrace
Shawnee Mission, Kan. 66205
Telephone: 913-281-2771

 
","NAMES IN THE NEWS, Continued

United States Cold Storage of California, a division of American Consumer Industries,
has named C, RICHARD NELSON Vice President of Container Services which provides
LTL service for frozen shipments from the west coast to Hawaii.

ESEQUIEL GRANADO has succeeded WILLIAM R. SEWELL as Manager of Edinburg Ice
and Cold Storage, Edinburg, Texas.

Lewis Refrigeration Company, Redmond, Washington, has announced the appointment of
RONALD F,. MEYER to the position of President.

WANTED

Individual experienced in warehouse operations
and customer contact for managerial position
with large multi-plant operation, Inquiries con-
fidential, if requested.

Contact: Charles H. Hoffberger
Merchants Terminal Corporation
501 North Kresson Street
Baltimore, Maryland 21224

Telephone: 301-342-9300

WANTED WANTED

General Manager for Independent Ice Operating Engineer for Independent Ice
and Cold Storage Co. , 1626 Southern and Cold Storage Co. , 1626 Southern
Avenue, Shreveport, La. 71101. Avenue, Shreveport, La. 71101.

Salary commensurate. Mail resume. Salary commensurate, Mail resume’.

AVAILABLE

Refrigerated Warehouse executive with
20 years experience in all aspects of
operations.

Contact: Charles B. Capp
4311 W. 53rd Terrace
Shawnee Mission, Kan. 66205
Telephone: 913-281-2771

 
",True,True,6.472,3.778
98,independent ice and cold storage co.,layout,medium,"NAMES IN THE NEWS, Continued

United States Cold Storage of California, a division of American Consumer Industries,
has named C, RICHARD NELSON Vice President of Container Services which provides
LTL service for frozen shipments from the west coast to Hawaii.

ESEQUIEL GRANADO has succeeded WILLIAM R. SEWELL as Manager of Edinburg Ice
and Cold Storage, Edinburg, Texas.

Lewis Refrigeration Company, Redmond, Washington, has announced the appointment of
RONALD F. MEYER to the position of President.

WANTED

Individual experienced in warehouse operations
and customer contact for managerial position
with large multi-plant operation. Inquiries con-
fidential, if requested.

Contact: Charles H. Hoffberger
Merchants Terminal Corporation
501 North Kresson Street
Baltimore, Maryland 21224

Telephone: 301-342-9300

WANTED WANTED

General Manager for Independent Ice Operating Engineer for Independent Ice
and Cold Storage Co. , 1626 Southern and Cold Storage Co. , 1626 Southern
Avenue, Shreveport, La. 71101. Avenue, Shreveport, La. 71101.

Salary commensurate. Mail resume. Salary commensurate. Mail resume’.

AVAILABLE

Refrigerated Warehouse executive with
20 years experience in all aspects of
operations,

Contact: Charles B. Capp
4311 W. 53rd Terrace
Shawnee Mission, Kan. 66205
Telephone: 913-281-2771

 
","NAMES IN THE NEWS, Continued

United States Cold Storage of California, a division of American Consumer Industries,
has named C, RICHARD NELSON Vice President of Container Services which provides
LTL service for frozen shipments from the west coast to Hawaii.

ESEQUIEL GRANADO has succeeded WILLIAM R. SEWELL as Manager of Edinburg Ice
and Cold Storage, Edinburg, Texas.

Lewis Refrigeration Company, Redmond, Washington, has announced the appointment of
RONALD F,. MEYER to the position of President.

WANTED

Individual experienced in warehouse operations
and customer contact for managerial position
with large multi-plant operation, Inquiries con-
fidential, if requested.

Contact: Charles H. Hoffberger
Merchants Terminal Corporation
501 North Kresson Street
Baltimore, Maryland 21224

Telephone: 301-342-9300

WANTED WANTED

General Manager for Independent Ice Operating Engineer for Independent Ice
and Cold Storage Co. , 1626 Southern and Cold Storage Co. , 1626 Southern
Avenue, Shreveport, La. 71101. Avenue, Shreveport, La. 71101.

Salary commensurate. Mail resume. Salary commensurate, Mail resume’.

AVAILABLE

Refrigerated Warehouse executive with
20 years experience in all aspects of
operations.

Contact: Charles B. Capp
4311 W. 53rd Terrace
Shawnee Mission, Kan. 66205
Telephone: 913-281-2771

 
",False,False,4.491,5.707
99,Menopausal Health Publication Management,layout,medium,"Menopausal Health Publication Management

June 13, 2001

10:00 — 11:30 AM, Conference Room #555-6B

 

 

 

 

 

 

 

 

 

 

 

 

 

 

 

 

 

 

 

 

 

 

 

 

page 4 of 6

Status Publication | Investigator/Author | Study/Subject

Published Am J Ob/Gyn (5/01) Odmark Bleeding with CEE+MPA vs. 178-
estradioltNETA.

Published Psychoneuroendocrinology | Murphy Brain-aging and HRT data (1)

| G-6/01)

Published JAMA (6/01) Torgerson Meta-analysis of estrogen use and
fracture

Published Climacteric (5-6/01) Thomas Estrogens and inflammatory response
(review article)

Published Fertil Steril (6/01) Utian Women’s HOPE study: Vasomotor
symptoms

Published Fertil Steril (6/01) Archer Women’s HOPE study: Bleeding |
profiles

To be Climacteric (6/01) Lobo/Whitehead Low-dose HRT review article

| published
To be Fertil Steril (7/01) Pickar Women’s HOPE study: Endometrial
ublished histolo

To be Fertil Steril (7/01) Lobo Women’s HOPE study: Lipoproteins

published and carbohydrate metabolism

To be Contemporary Ob/Gyn Speroff The Impact of Lower HRT Doses

published (7/01) on Menopause Management

To be Ob/Gyn Bush Hormones, breast cancer and criteria

published for causality

To be Am J Nursing Maloney PVC and UTIs

 

  

   
 

  

published

  
 

Am J Ob/Gyn

 
  

published

Gambacciani

 

 

 

  

J Bone Min Res

   

resubmitted
To be

  
      

Climacteric

 

Civitelli
postmenopausal alveolar bone loss
MIICRO/Cooper/Metz | Estrogen and glucose metabolism in

  
 
   
 

 

Low-dose CEE and MPA on
symptoms, body weight and
metabolism

Prempro attenuation of

 

 

 

    

 

  

 

  

 

 

 

 

 

resubmitted the brain
To be TBD Shaywitz Estrogen and cognitive function
resubmitted
To be | Am J Public Health Curtis Health policy formulation for
resubmitted women’s health |
Submitted J Reprod Immunol Ke Immune function and aging: Impact

of HRT
Submitted Am J Psych Murphy _| Brain-aging and HRT data (2) |

  

 

 

DESIGNWRITE® * 189 WALL STREET, PRINCETON, NEW JERSEY 08540 * 609/924-1116 * FAX: 609/924-6648

Confidential Pursuant to Confidentiality
Order

DUROJ012-001293
","Menopausal Health Publication Management
June 13, 2001
10:00 — 11:30 AM, Conference Room #555-6B

 

 

 

 

 

 

 

 

 

 

 

           
   

 

 

 

 

page 4 of 6
Status Publication Investigator/Author | Study/Subject
Published Am J Ob/Gyn (5/01) Odmark Bleeding with CEE+MPA vs. 17B-
estradioltNETA
Published Psychoneuroendocrinology | Murphy Brain-aging and HRT data (1)
5-6/01)
Published JAMA (6/01) Torgerson Meta-analysis of estrogen use and
fracture
Published Climacteric (5-6/01) Thomas Estrogens and inflammatory response
(review article)
Published Fertil Steril (6/01) Utian Women’s HOPE study: Vasomotor
symptoms
Published Fertil Steril (6/01) Archer Women’s HOPE study: Bleeding
profiles
To be Climacteric (6/01) Lobo/Whitehead Low-dose HRT review article
published a
To be Fertil Steril (7/01) Pickar Women’s HOPE study: Endometrial
published histology
To be Fertil Steril (7/01) Lobo Women’s HOPE study: Lipoproteins
published i and carbohydrate metabolism
. To be Contemporary Ob/Gyn Speroff The Impact of Lower HRT Doses
) | published (7/01) on Menopause Management
Ob/Gyn Bush Hormones, breast cancer and criteria

   
  
 
  
   

  
 

To be
published

  
 
 

  

published

Am J Nursing

Am J Ob/Gyn

Maloney

Gambacciani

  

 

for causality

PVC and UTIs

 

Low-dose CEE and MPA on
symptoms, body weight and
metabolism

 

 

 

 

To be J Bone Min Res Civitelli Prempro attenuation of

resubmitted postmenopausal alveolar bone loss
To be Climacteric MIUCRO/Cooper/Metz | Estrogen and glucose metabolism in
resubmitted [. the brain

To be TBD Shaywitz Estrogen and cognitive function
resubmitted

 

 

   

  
 

To be
resubmitted

 

   

Am J Public Heaith

   

J Reprod Immunol

Am J Psych

    
      
 

 

Curtis

Ke

  

   
  
 

Health policy formulation for
women’s health

Immune function and aging: Impact
of HRT

Brain-aging and HRT data (2)

     

    

 

DESIGNWRITE® * 189 WALL STREET, PRINCETON, NEW JERSEY 08540 * 609/924-1116 * FAX: 609/924-6648

Confidential Pursuant to Confidentiality

Order

Source. ApS

 

“Indu strydocuments UCSsh edu fdocsAx by

DUROJ012-001293
OP 1é
",True,True,4.512,4.849
100,20 years,free_text,simple,"NAMES IN THE NEWS, Continued

United States Cold Storage of California, a division of American Consumer Industries,
has named C, RICHARD NELSON Vice President of Container Services which provides
LTL service for frozen shipments from the west coast to Hawaii.

ESEQUIEL GRANADO has succeeded WILLIAM R. SEWELL as Manager of Edinburg Ice
and Cold Storage, Edinburg, Texas.

Lewis Refrigeration Company, Redmond, Washington, has announced the appointment of
RONALD F. MEYER to the position of President.

WANTED

Individual experienced in warehouse operations
and customer contact for managerial position
with large multi-plant operation. Inquiries con-
fidential, if requested.

Contact: Charles H. Hoffberger
Merchants Terminal Corporation
501 North Kresson Street
Baltimore, Maryland 21224

Telephone: 301-342-9300

WANTED WANTED

General Manager for Independent Ice Operating Engineer for Independent Ice
and Cold Storage Co. , 1626 Southern and Cold Storage Co. , 1626 Southern
Avenue, Shreveport, La. 71101. Avenue, Shreveport, La. 71101.

Salary commensurate. Mail resume. Salary commensurate. Mail resume’.

AVAILABLE

Refrigerated Warehouse executive with
20 years experience in all aspects of
operations,

Contact: Charles B. Capp
4311 W. 53rd Terrace
Shawnee Mission, Kan. 66205
Telephone: 913-281-2771

 
","NAMES IN THE NEWS, Continued

United States Cold Storage of California, a division of American Consumer Industries,
has named C, RICHARD NELSON Vice President of Container Services which provides
LTL service for frozen shipments from the west coast to Hawaii.

ESEQUIEL GRANADO has succeeded WILLIAM R. SEWELL as Manager of Edinburg Ice
and Cold Storage, Edinburg, Texas.

Lewis Refrigeration Company, Redmond, Washington, has announced the appointment of
RONALD F,. MEYER to the position of President.

WANTED

Individual experienced in warehouse operations
and customer contact for managerial position
with large multi-plant operation, Inquiries con-
fidential, if requested.

Contact: Charles H. Hoffberger
Merchants Terminal Corporation
501 North Kresson Street
Baltimore, Maryland 21224

Telephone: 301-342-9300

WANTED WANTED

General Manager for Independent Ice Operating Engineer for Independent Ice
and Cold Storage Co. , 1626 Southern and Cold Storage Co. , 1626 Southern
Avenue, Shreveport, La. 71101. Avenue, Shreveport, La. 71101.

Salary commensurate. Mail resume. Salary commensurate, Mail resume’.

AVAILABLE

Refrigerated Warehouse executive with
20 years experience in all aspects of
operations.

Contact: Charles B. Capp
4311 W. 53rd Terrace
Shawnee Mission, Kan. 66205
Telephone: 913-281-2771

 
",True,True,6.36,3.66
101,10:00 - 11:30 AM,layout,medium,"Menopausal Health Publication Management

June 13, 2001

10:00 — 11:30 AM, Conference Room #555-6B

 

 

 

 

 

 

 

 

 

 

 

 

 

 

 

 

 

 

 

 

 

 

 

 

page 4 of 6

Status Publication | Investigator/Author | Study/Subject

Published Am J Ob/Gyn (5/01) Odmark Bleeding with CEE+MPA vs. 178-
estradioltNETA.

Published Psychoneuroendocrinology | Murphy Brain-aging and HRT data (1)

| G-6/01)

Published JAMA (6/01) Torgerson Meta-analysis of estrogen use and
fracture

Published Climacteric (5-6/01) Thomas Estrogens and inflammatory response
(review article)

Published Fertil Steril (6/01) Utian Women’s HOPE study: Vasomotor
symptoms

Published Fertil Steril (6/01) Archer Women’s HOPE study: Bleeding |
profiles

To be Climacteric (6/01) Lobo/Whitehead Low-dose HRT review article

| published
To be Fertil Steril (7/01) Pickar Women’s HOPE study: Endometrial
ublished histolo

To be Fertil Steril (7/01) Lobo Women’s HOPE study: Lipoproteins

published and carbohydrate metabolism

To be Contemporary Ob/Gyn Speroff The Impact of Lower HRT Doses

published (7/01) on Menopause Management

To be Ob/Gyn Bush Hormones, breast cancer and criteria

published for causality

To be Am J Nursing Maloney PVC and UTIs

 

  

   
 

  

published

  
 

Am J Ob/Gyn

 
  

published

Gambacciani

 

 

 

  

J Bone Min Res

   

resubmitted
To be

  
      

Climacteric

 

Civitelli
postmenopausal alveolar bone loss
MIICRO/Cooper/Metz | Estrogen and glucose metabolism in

  
 
   
 

 

Low-dose CEE and MPA on
symptoms, body weight and
metabolism

Prempro attenuation of

 

 

 

    

 

  

 

  

 

 

 

 

 

resubmitted the brain
To be TBD Shaywitz Estrogen and cognitive function
resubmitted
To be | Am J Public Health Curtis Health policy formulation for
resubmitted women’s health |
Submitted J Reprod Immunol Ke Immune function and aging: Impact

of HRT
Submitted Am J Psych Murphy _| Brain-aging and HRT data (2) |

  

 

 

DESIGNWRITE® * 189 WALL STREET, PRINCETON, NEW JERSEY 08540 * 609/924-1116 * FAX: 609/924-6648

Confidential Pursuant to Confidentiality
Order

DUROJ012-001293
","Menopausal Health Publication Management
June 13, 2001
10:00 — 11:30 AM, Conference Room #555-6B

 

 

 

 

 

 

 

 

 

 

 

           
   

 

 

 

 

page 4 of 6
Status Publication Investigator/Author | Study/Subject
Published Am J Ob/Gyn (5/01) Odmark Bleeding with CEE+MPA vs. 17B-
estradioltNETA
Published Psychoneuroendocrinology | Murphy Brain-aging and HRT data (1)
5-6/01)
Published JAMA (6/01) Torgerson Meta-analysis of estrogen use and
fracture
Published Climacteric (5-6/01) Thomas Estrogens and inflammatory response
(review article)
Published Fertil Steril (6/01) Utian Women’s HOPE study: Vasomotor
symptoms
Published Fertil Steril (6/01) Archer Women’s HOPE study: Bleeding
profiles
To be Climacteric (6/01) Lobo/Whitehead Low-dose HRT review article
published a
To be Fertil Steril (7/01) Pickar Women’s HOPE study: Endometrial
published histology
To be Fertil Steril (7/01) Lobo Women’s HOPE study: Lipoproteins
published i and carbohydrate metabolism
. To be Contemporary Ob/Gyn Speroff The Impact of Lower HRT Doses
) | published (7/01) on Menopause Management
Ob/Gyn Bush Hormones, breast cancer and criteria

   
  
 
  
   

  
 

To be
published

  
 
 

  

published

Am J Nursing

Am J Ob/Gyn

Maloney

Gambacciani

  

 

for causality

PVC and UTIs

 

Low-dose CEE and MPA on
symptoms, body weight and
metabolism

 

 

 

 

To be J Bone Min Res Civitelli Prempro attenuation of

resubmitted postmenopausal alveolar bone loss
To be Climacteric MIUCRO/Cooper/Metz | Estrogen and glucose metabolism in
resubmitted [. the brain

To be TBD Shaywitz Estrogen and cognitive function
resubmitted

 

 

   

  
 

To be
resubmitted

 

   

Am J Public Heaith

   

J Reprod Immunol

Am J Psych

    
      
 

 

Curtis

Ke

  

   
  
 

Health policy formulation for
women’s health

Immune function and aging: Impact
of HRT

Brain-aging and HRT data (2)

     

    

 

DESIGNWRITE® * 189 WALL STREET, PRINCETON, NEW JERSEY 08540 * 609/924-1116 * FAX: 609/924-6648

Confidential Pursuant to Confidentiality

Order

Source. ApS

 

“Indu strydocuments UCSsh edu fdocsAx by

DUROJ012-001293
OP 1é
",False,False,4.542,6.855
102,ronald f. meyer,free_text,medium,"NAMES IN THE NEWS, Continued

United States Cold Storage of California, a division of American Consumer Industries,
has named C, RICHARD NELSON Vice President of Container Services which provides
LTL service for frozen shipments from the west coast to Hawaii.

ESEQUIEL GRANADO has succeeded WILLIAM R. SEWELL as Manager of Edinburg Ice
and Cold Storage, Edinburg, Texas.

Lewis Refrigeration Company, Redmond, Washington, has announced the appointment of
RONALD F. MEYER to the position of President.

WANTED

Individual experienced in warehouse operations
and customer contact for managerial position
with large multi-plant operation. Inquiries con-
fidential, if requested.

Contact: Charles H. Hoffberger
Merchants Terminal Corporation
501 North Kresson Street
Baltimore, Maryland 21224

Telephone: 301-342-9300

WANTED WANTED

General Manager for Independent Ice Operating Engineer for Independent Ice
and Cold Storage Co. , 1626 Southern and Cold Storage Co. , 1626 Southern
Avenue, Shreveport, La. 71101. Avenue, Shreveport, La. 71101.

Salary commensurate. Mail resume. Salary commensurate. Mail resume’.

AVAILABLE

Refrigerated Warehouse executive with
20 years experience in all aspects of
operations,

Contact: Charles B. Capp
4311 W. 53rd Terrace
Shawnee Mission, Kan. 66205
Telephone: 913-281-2771

 
","NAMES IN THE NEWS, Continued

United States Cold Storage of California, a division of American Consumer Industries,
has named C, RICHARD NELSON Vice President of Container Services which provides
LTL service for frozen shipments from the west coast to Hawaii.

ESEQUIEL GRANADO has succeeded WILLIAM R. SEWELL as Manager of Edinburg Ice
and Cold Storage, Edinburg, Texas.

Lewis Refrigeration Company, Redmond, Washington, has announced the appointment of
RONALD F,. MEYER to the position of President.

WANTED

Individual experienced in warehouse operations
and customer contact for managerial position
with large multi-plant operation, Inquiries con-
fidential, if requested.

Contact: Charles H. Hoffberger
Merchants Terminal Corporation
501 North Kresson Street
Baltimore, Maryland 21224

Telephone: 301-342-9300

WANTED WANTED

General Manager for Independent Ice Operating Engineer for Independent Ice
and Cold Storage Co. , 1626 Southern and Cold Storage Co. , 1626 Southern
Avenue, Shreveport, La. 71101. Avenue, Shreveport, La. 71101.

Salary commensurate. Mail resume. Salary commensurate, Mail resume’.

AVAILABLE

Refrigerated Warehouse executive with
20 years experience in all aspects of
operations.

Contact: Charles B. Capp
4311 W. 53rd Terrace
Shawnee Mission, Kan. 66205
Telephone: 913-281-2771

 
",True,False,4.44,3.626
103,609/924-6648,form,simple,"Menopausal Health Publication Management

June 13, 2001

10:00 — 11:30 AM, Conference Room #555-6B

 

 

 

 

 

 

 

 

 

 

 

 

 

 

 

 

 

 

 

 

 

 

 

 

page 4 of 6

Status Publication | Investigator/Author | Study/Subject

Published Am J Ob/Gyn (5/01) Odmark Bleeding with CEE+MPA vs. 178-
estradioltNETA.

Published Psychoneuroendocrinology | Murphy Brain-aging and HRT data (1)

| G-6/01)

Published JAMA (6/01) Torgerson Meta-analysis of estrogen use and
fracture

Published Climacteric (5-6/01) Thomas Estrogens and inflammatory response
(review article)

Published Fertil Steril (6/01) Utian Women’s HOPE study: Vasomotor
symptoms

Published Fertil Steril (6/01) Archer Women’s HOPE study: Bleeding |
profiles

To be Climacteric (6/01) Lobo/Whitehead Low-dose HRT review article

| published
To be Fertil Steril (7/01) Pickar Women’s HOPE study: Endometrial
ublished histolo

To be Fertil Steril (7/01) Lobo Women’s HOPE study: Lipoproteins

published and carbohydrate metabolism

To be Contemporary Ob/Gyn Speroff The Impact of Lower HRT Doses

published (7/01) on Menopause Management

To be Ob/Gyn Bush Hormones, breast cancer and criteria

published for causality

To be Am J Nursing Maloney PVC and UTIs

 

  

   
 

  

published

  
 

Am J Ob/Gyn

 
  

published

Gambacciani

 

 

 

  

J Bone Min Res

   

resubmitted
To be

  
      

Climacteric

 

Civitelli
postmenopausal alveolar bone loss
MIICRO/Cooper/Metz | Estrogen and glucose metabolism in

  
 
   
 

 

Low-dose CEE and MPA on
symptoms, body weight and
metabolism

Prempro attenuation of

 

 

 

    

 

  

 

  

 

 

 

 

 

resubmitted the brain
To be TBD Shaywitz Estrogen and cognitive function
resubmitted
To be | Am J Public Health Curtis Health policy formulation for
resubmitted women’s health |
Submitted J Reprod Immunol Ke Immune function and aging: Impact

of HRT
Submitted Am J Psych Murphy _| Brain-aging and HRT data (2) |

  

 

 

DESIGNWRITE® * 189 WALL STREET, PRINCETON, NEW JERSEY 08540 * 609/924-1116 * FAX: 609/924-6648

Confidential Pursuant to Confidentiality
Order

DUROJ012-001293
","Menopausal Health Publication Management
June 13, 2001
10:00 — 11:30 AM, Conference Room #555-6B

 

 

 

 

 

 

 

 

 

 

 

           
   

 

 

 

 

page 4 of 6
Status Publication Investigator/Author | Study/Subject
Published Am J Ob/Gyn (5/01) Odmark Bleeding with CEE+MPA vs. 17B-
estradioltNETA
Published Psychoneuroendocrinology | Murphy Brain-aging and HRT data (1)
5-6/01)
Published JAMA (6/01) Torgerson Meta-analysis of estrogen use and
fracture
Published Climacteric (5-6/01) Thomas Estrogens and inflammatory response
(review article)
Published Fertil Steril (6/01) Utian Women’s HOPE study: Vasomotor
symptoms
Published Fertil Steril (6/01) Archer Women’s HOPE study: Bleeding
profiles
To be Climacteric (6/01) Lobo/Whitehead Low-dose HRT review article
published a
To be Fertil Steril (7/01) Pickar Women’s HOPE study: Endometrial
published histology
To be Fertil Steril (7/01) Lobo Women’s HOPE study: Lipoproteins
published i and carbohydrate metabolism
. To be Contemporary Ob/Gyn Speroff The Impact of Lower HRT Doses
) | published (7/01) on Menopause Management
Ob/Gyn Bush Hormones, breast cancer and criteria

   
  
 
  
   

  
 

To be
published

  
 
 

  

published

Am J Nursing

Am J Ob/Gyn

Maloney

Gambacciani

  

 

for causality

PVC and UTIs

 

Low-dose CEE and MPA on
symptoms, body weight and
metabolism

 

 

 

 

To be J Bone Min Res Civitelli Prempro attenuation of

resubmitted postmenopausal alveolar bone loss
To be Climacteric MIUCRO/Cooper/Metz | Estrogen and glucose metabolism in
resubmitted [. the brain

To be TBD Shaywitz Estrogen and cognitive function
resubmitted

 

 

   

  
 

To be
resubmitted

 

   

Am J Public Heaith

   

J Reprod Immunol

Am J Psych

    
      
 

 

Curtis

Ke

  

   
  
 

Health policy formulation for
women’s health

Immune function and aging: Impact
of HRT

Brain-aging and HRT data (2)

     

    

 

DESIGNWRITE® * 189 WALL STREET, PRINCETON, NEW JERSEY 08540 * 609/924-1116 * FAX: 609/924-6648

Confidential Pursuant to Confidentiality

Order

Source. ApS

 

“Indu strydocuments UCSsh edu fdocsAx by

DUROJ012-001293
OP 1é
",True,True,6.467,4.814
104,"January 18, 2005",form,medium,"Confidentiality
The writer will observe strict confidentiality. The draft manuscript and all
correspondence wili be sent directly to Design Write.

DATE ASSIGNED: January 18, 2005
PURCHASE ORDER NUMBER: 3973
DUE DATE (outline): August 9, 2000

WRITER'S FEE: $3,500. One-third may be invoiced upon commencement of work; the second
third may be invoiced upon acceptance of the manuscript by DesignWrite; one-
sixth may be invoiced upon submission of the paper to the target journal; and one-
sixth may be invoiced upon acceptance of the article.

DesignWrite reserves the right to terminate the project if the first draft is deemed
unacceptable, i.e., the manuscript needs to be entirely rewritten. The total payment
for a project terminated after the first draft will be $1,167. Payment will be made
once all materials have been returned to DesignWrite.

COMMENTS: The document should be double-spaced and written using Word 97 (with MS Office) or a
lower version. You may either submit a hard copy of the document along with a
disk containing the file, or an e-mail version.

The manuscript should conform to the “Uniform Requirements for Manuscripts
Submitted to Biomedical Journals,” which is included in your materials.
DesignWrite utilizes Reference Manager for formatting reference citations. If an
article you use has the Reference Manager number at the top right that we have
assigned it (ie, “RM#2122”), please insert this number within braces (eg, {2122}
or if more than one citation, {2122,3405,4402}) in the article at the appropriate
citation point. If you are using an article that does not have a RM#, please insert
the last name of the first author and the date within braces (eg, {Lobo 1997}).
When a first author has more than one reference cited in a given year, add a letter
after the date and identify this clearly on the article.

 

 

ASSIGNED BY:
Karen D. Mittleman, Ph.D. January 18, 2005
ASSIGNMENT ACCEPTED BY:
Carol A. Tozzi, Ph.D. July 26, 2000 |
|
2

DWRITE 003356
","Confidentiality
The writer will observe strict confidentiality. The draft manuscript and all
correspondence will be sent directly to DesignWrite.

DATE ASSIGNED: January 18, 2005
PURCHASE ORDER NUMBER: 3973
DUE DATE (outline): August 9, 2000

WRITER'S FEE: $3,500. One-third may be invoiced upon commencement of work; the second
third may be invoiced upon acceptance of the manuscript by DesignWrite,; one-
sixth may be invoiced upon submission of the paper to the target journal; and one-
sixth may be invoiced upon acceptance of the article.

Design Write reserves the right to terminate the project if the first draft is deemed
unacceptable, i-e., the manuscript needs to be entirely rewritten. The total payment
for a project terminated after the first draft will be $1,167. Payment will be made
once al] materials have been returned to Design Write.

COMMENTS: The document should be double-spaced and written using Word 97 (with MS Office) or a
lower version. You may either submit a hard copy of the document along with a
disk containing the file, or an e-mail version.

The manuscript should conform to the “Uniform Requirements for Manuscripts
Submitted to Biomedical Journals,” which is included in your materials.
DesignWrite utilizes Reference Manager for formatting reference citations. If an
article you use has the Reference Manager number at the top right that we have
assigned it (ie, “RM#2122”), please insert this number within braces (eg, {2122}
or if more than one citation, {2122,3405,4402}) in the article at the appropriate
citation point. If you are using an article that does not have a RM#, please insert
the last name of the first author and the date within braces (eg, {Lobo 1997}).
When a first author has more than one reference cited in a given year, add a letter
after the date and identify this clearly on the article.

 

ASSIGNED BY:
Karen D. Mittleman, Ph.D. January 18, 2005
ASSIGNMENT ACCEPTED BY:
|
a |
Carol A. Tozzi, Ph.D. July 26, 2000
2
Source: ftps /ivwayindustrydocuments ucsf.edu/docs/xyyww02 17 DWRITE 003356

 
",True,True,5.308,6.002
105,swanson center for nutrition,layout,medium,"INCOME:

Swanson Interests
Consulting Fees

Grants, etc.

Other Contributions
Committed Funds Carried Over

GRAND TOTAL

EXPENDITURES:
1) Projects

SCN-1, Univ. of Neb. Medical Center
UNMC Grants

SCN-2, International

SCN-3, Native Americans

SCN-l, Education

SCN-5, Mat. & Child Hlth (Creighton)

SCN-6, Collaborative Kesearch

SCN-7, Elderly

SCN-8, Symposiums & Consultants
2) Center Supvort

Salaries

Fringe Benefits
Office Expense
Office Rent

Travel

Public Relations

Misc., Insurance, Audit

GRAND TOTAL

*Qctober will show expenditure for two months
**$458 will be reimbursed to SCN.

SWANSON CENTER FOR NUTRITION
' 1979, Budget
Revised, July, 1979

Annual
. 0 Over
$1,000 | Budget $ | Actual $ S Geis ] Budget ‘| sonst y

20,000 10,166 271,494 270,000 1,494

Budget Analysis for September» 1979

               

         
     

         
   
  

         
  
 

     
   
    
    
   

       
        
      
 

    
     
     
  

     

      
  

       
  

    

200 800 9,000 8,000 1,000

3,750 3,766 67,644 57,800 | 9,844

-0- 416 3,744 250 3,494
-0- 3,730 33,570 44,765 | (11,195)
23,950 | 18,878 385,452 | 380,815 | 4,637

       
    

    
   
    
    
    
            
 

    
   
    
    
   
  

    
   
  

  
   
  
   
 

   
  
   
  
   
 

     
     

     
   
    

17,083 17,083 153,747 133,333 | 20,414
2,183 2,183 19,647 4,750 14,897
83 83 747 32 715
1,667 (236) 15,003 15,734 (731)
4,792 4,613 43,128 57,337 | (14,209)
417 417 3,753 -0- 3,753

        
   
   

     

 

763
4,652
35897

167
824
433

1,503
16,497
7,497

 

167
1,833
833

     
   

     
  

       
 

11,845
3,600

   
    
  
 

    
      
    
    
        

   
  
   
   

    
      
    
    
  

40

    
  

10,083 10,043 90,747 90,812

  
       
    

        
    
     
     
     
     
  

 

   
    
 

       
  
   
  

         
     
 

    

  

       
 

      
   
  

    
   
 

333 314 19 2,997 2,943
333 1,392 (559) 7,497 10,928
750 723 27 6,750 6,507
583 1,036** (453) 5,247 5,472
ui? 77 340 3,753 1,317
667 6 661 6,003 4,792
42,724 | 17,082 25,642 384,516 | 350,142

Sept. & Oct.

SPAN ANA LINE Ler Ache) aie u Akar
"," 
  
 
  

 
 
     

SWANSON cme FOR NUTRITION
cget Budget Analysis for September > 1979

Revised,” ‘uly 1979

| Monthly CC C*C“‘;‘“‘“ a’ TQ Date

sto [aera [avon 9] Gy | eee] soon]
20,000 10,166 271,494 270,000 1,494

200 800 9,000 8,000 1,000
3,750 3,766 67,644 57,800 | 9,844
-0- 416 3,744 250 3,494
-0- 3,730 33,570 44,765 (11,195)
23,950 | 18,878 385,452 | 380,815 |  4,637_

    
   

  
 

INCOME:

Swanson Interests

Consulting Fees

Grants, etc.

Other Contributions
Committed Funds Carried Over
GRAND TOTAL

      
     

          
        
  

              
    
   

          
  

   

 

      

   

     

        
  

                 
   

    

   

     

      
 

 

  
  
 

EXPENDITURES:
1)

  
         
      
     
     
    

Projects
SCN-1, Univ. of Neb. Medical Center
UNMC Grants

       

        
  

       
 

     
     
  

    

17,083
2,183

153,747
19,647

133,333
4,750

20,414
14,897

17,083
2,103

           

     
    
    
    

     

        
 

   

    
    
    
  

          
 

       
          
  

       
 

      
  

       

SCN-2, International 83 83 747 32 715
SCK-3, Native Americans 1,667 (236) 15,003 15,734 (731)
SUH-l, Education 4,792 4,613 43,128 57,337 (14,209)
SUN-S, Mat. & Child Hlth (Creighton) 417 417 3,753 -0- 3,753

         

      

763
4,652
3,897

167
824
433

1,503
16,497
7,497

167
1,533
833

SCN-6, Collaborative HKesearch
SCN-7, Elderly
scn-8,

 

         
  

    

      

   
 

171,845
3,600

   
  

         
  

    

       

Symposiums & Consultants

  
     

 

Center Supvort

     

   

    

     

10,043 40 90,747 90,812

      
       
        
     

     

Salaries 10,033

      

         
     

     

      
  

 

     

         
 

    
   
  

         
      
      
     
          
  

             
      
 

   

     

    

          

  

      

       

    

Fringe Benefits 333 314 19 2,997 2,943
Office Expense 333 1,392 (559) 7,497 10,928
Office Rent 750 723 27 6,750 6,507
Travel 583 1,036** (453) 5,247 5,472

417 77 340 3,753 1,317

Public Relations
Misc., Insurance, Audit

GRAND TOTAL
*October will show expenditure for two months
**$458 will be reimbursed to SCN.

 

       

        

     

  
   
     
 
 
 

   

4,792
350,142

6 66]

25,642

6,003
384 ,516

  

667
42,724
Sept. & Oct.

       
   

    

     

 
  
 
",True,False,4.469,5.766
106,mint-o,Image/Photo,simple,"ITC Limited REPORT AND ACCOUNTS 2013

Associated with youth, fun and excitement, Bingo! offers multiple variants of Potato Chips and Finger snacks to
fulfil the consumer's need for variety and novelty with innovative formats and ‘irresistible combinations’ in flavours.

 
","ITC Limited REPORT AND ACCOUNTS 2013

Associated with youth, fun and excitement, Bingo! offers multiple variants of Potato Chips and Finger snacks to
fulfil the consumer's need for variety and novelty with innovative formats and ‘irresistible combinations’ in flavours.

       
 

ar}
",False,False,1.777,0.977
107,1979,layout,simple,"INCOME:

Swanson Interests
Consulting Fees

Grants, etc.

Other Contributions
Committed Funds Carried Over

GRAND TOTAL

EXPENDITURES:
1) Projects

SCN-1, Univ. of Neb. Medical Center
UNMC Grants

SCN-2, International

SCN-3, Native Americans

SCN-l, Education

SCN-5, Mat. & Child Hlth (Creighton)

SCN-6, Collaborative Kesearch

SCN-7, Elderly

SCN-8, Symposiums & Consultants
2) Center Supvort

Salaries

Fringe Benefits
Office Expense
Office Rent

Travel

Public Relations

Misc., Insurance, Audit

GRAND TOTAL

*Qctober will show expenditure for two months
**$458 will be reimbursed to SCN.

SWANSON CENTER FOR NUTRITION
' 1979, Budget
Revised, July, 1979

Annual
. 0 Over
$1,000 | Budget $ | Actual $ S Geis ] Budget ‘| sonst y

20,000 10,166 271,494 270,000 1,494

Budget Analysis for September» 1979

               

         
     

         
   
  

         
  
 

     
   
    
    
   

       
        
      
 

    
     
     
  

     

      
  

       
  

    

200 800 9,000 8,000 1,000

3,750 3,766 67,644 57,800 | 9,844

-0- 416 3,744 250 3,494
-0- 3,730 33,570 44,765 | (11,195)
23,950 | 18,878 385,452 | 380,815 | 4,637

       
    

    
   
    
    
    
            
 

    
   
    
    
   
  

    
   
  

  
   
  
   
 

   
  
   
  
   
 

     
     

     
   
    

17,083 17,083 153,747 133,333 | 20,414
2,183 2,183 19,647 4,750 14,897
83 83 747 32 715
1,667 (236) 15,003 15,734 (731)
4,792 4,613 43,128 57,337 | (14,209)
417 417 3,753 -0- 3,753

        
   
   

     

 

763
4,652
35897

167
824
433

1,503
16,497
7,497

 

167
1,833
833

     
   

     
  

       
 

11,845
3,600

   
    
  
 

    
      
    
    
        

   
  
   
   

    
      
    
    
  

40

    
  

10,083 10,043 90,747 90,812

  
       
    

        
    
     
     
     
     
  

 

   
    
 

       
  
   
  

         
     
 

    

  

       
 

      
   
  

    
   
 

333 314 19 2,997 2,943
333 1,392 (559) 7,497 10,928
750 723 27 6,750 6,507
583 1,036** (453) 5,247 5,472
ui? 77 340 3,753 1,317
667 6 661 6,003 4,792
42,724 | 17,082 25,642 384,516 | 350,142

Sept. & Oct.

SPAN ANA LINE Ler Ache) aie u Akar
"," 
  
 
  

 
 
     

SWANSON cme FOR NUTRITION
cget Budget Analysis for September > 1979

Revised,” ‘uly 1979

| Monthly CC C*C“‘;‘“‘“ a’ TQ Date

sto [aera [avon 9] Gy | eee] soon]
20,000 10,166 271,494 270,000 1,494

200 800 9,000 8,000 1,000
3,750 3,766 67,644 57,800 | 9,844
-0- 416 3,744 250 3,494
-0- 3,730 33,570 44,765 (11,195)
23,950 | 18,878 385,452 | 380,815 |  4,637_

    
   

  
 

INCOME:

Swanson Interests

Consulting Fees

Grants, etc.

Other Contributions
Committed Funds Carried Over
GRAND TOTAL

      
     

          
        
  

              
    
   

          
  

   

 

      

   

     

        
  

                 
   

    

   

     

      
 

 

  
  
 

EXPENDITURES:
1)

  
         
      
     
     
    

Projects
SCN-1, Univ. of Neb. Medical Center
UNMC Grants

       

        
  

       
 

     
     
  

    

17,083
2,183

153,747
19,647

133,333
4,750

20,414
14,897

17,083
2,103

           

     
    
    
    

     

        
 

   

    
    
    
  

          
 

       
          
  

       
 

      
  

       

SCN-2, International 83 83 747 32 715
SCK-3, Native Americans 1,667 (236) 15,003 15,734 (731)
SUH-l, Education 4,792 4,613 43,128 57,337 (14,209)
SUN-S, Mat. & Child Hlth (Creighton) 417 417 3,753 -0- 3,753

         

      

763
4,652
3,897

167
824
433

1,503
16,497
7,497

167
1,533
833

SCN-6, Collaborative HKesearch
SCN-7, Elderly
scn-8,

 

         
  

    

      

   
 

171,845
3,600

   
  

         
  

    

       

Symposiums & Consultants

  
     

 

Center Supvort

     

   

    

     

10,043 40 90,747 90,812

      
       
        
     

     

Salaries 10,033

      

         
     

     

      
  

 

     

         
 

    
   
  

         
      
      
     
          
  

             
      
 

   

     

    

          

  

      

       

    

Fringe Benefits 333 314 19 2,997 2,943
Office Expense 333 1,392 (559) 7,497 10,928
Office Rent 750 723 27 6,750 6,507
Travel 583 1,036** (453) 5,247 5,472

417 77 340 3,753 1,317

Public Relations
Misc., Insurance, Audit

GRAND TOTAL
*October will show expenditure for two months
**$458 will be reimbursed to SCN.

 

       

        

     

  
   
     
 
 
 

   

4,792
350,142

6 66]

25,642

6,003
384 ,516

  

667
42,724
Sept. & Oct.

       
   

    

     

 
  
 
",True,True,4.48,4.596
108,bingo,Image/Photo,simple,"ITC Limited REPORT AND ACCOUNTS 2013

Associated with youth, fun and excitement, Bingo! offers multiple variants of Potato Chips and Finger snacks to
fulfil the consumer's need for variety and novelty with innovative formats and ‘irresistible combinations’ in flavours.

 
","ITC Limited REPORT AND ACCOUNTS 2013

Associated with youth, fun and excitement, Bingo! offers multiple variants of Potato Chips and Finger snacks to
fulfil the consumer's need for variety and novelty with innovative formats and ‘irresistible combinations’ in flavours.

       
 

ar}
",True,True,2.207,1.689
109,july,layout,simple,"INCOME:

Swanson Interests
Consulting Fees

Grants, etc.

Other Contributions
Committed Funds Carried Over

GRAND TOTAL

EXPENDITURES:
1) Projects

SCN-1, Univ. of Neb. Medical Center
UNMC Grants

SCN-2, International

SCN-3, Native Americans

SCN-l, Education

SCN-5, Mat. & Child Hlth (Creighton)

SCN-6, Collaborative Kesearch

SCN-7, Elderly

SCN-8, Symposiums & Consultants
2) Center Supvort

Salaries

Fringe Benefits
Office Expense
Office Rent

Travel

Public Relations

Misc., Insurance, Audit

GRAND TOTAL

*Qctober will show expenditure for two months
**$458 will be reimbursed to SCN.

SWANSON CENTER FOR NUTRITION
' 1979, Budget
Revised, July, 1979

Annual
. 0 Over
$1,000 | Budget $ | Actual $ S Geis ] Budget ‘| sonst y

20,000 10,166 271,494 270,000 1,494

Budget Analysis for September» 1979

               

         
     

         
   
  

         
  
 

     
   
    
    
   

       
        
      
 

    
     
     
  

     

      
  

       
  

    

200 800 9,000 8,000 1,000

3,750 3,766 67,644 57,800 | 9,844

-0- 416 3,744 250 3,494
-0- 3,730 33,570 44,765 | (11,195)
23,950 | 18,878 385,452 | 380,815 | 4,637

       
    

    
   
    
    
    
            
 

    
   
    
    
   
  

    
   
  

  
   
  
   
 

   
  
   
  
   
 

     
     

     
   
    

17,083 17,083 153,747 133,333 | 20,414
2,183 2,183 19,647 4,750 14,897
83 83 747 32 715
1,667 (236) 15,003 15,734 (731)
4,792 4,613 43,128 57,337 | (14,209)
417 417 3,753 -0- 3,753

        
   
   

     

 

763
4,652
35897

167
824
433

1,503
16,497
7,497

 

167
1,833
833

     
   

     
  

       
 

11,845
3,600

   
    
  
 

    
      
    
    
        

   
  
   
   

    
      
    
    
  

40

    
  

10,083 10,043 90,747 90,812

  
       
    

        
    
     
     
     
     
  

 

   
    
 

       
  
   
  

         
     
 

    

  

       
 

      
   
  

    
   
 

333 314 19 2,997 2,943
333 1,392 (559) 7,497 10,928
750 723 27 6,750 6,507
583 1,036** (453) 5,247 5,472
ui? 77 340 3,753 1,317
667 6 661 6,003 4,792
42,724 | 17,082 25,642 384,516 | 350,142

Sept. & Oct.

SPAN ANA LINE Ler Ache) aie u Akar
"," 
  
 
  

 
 
     

SWANSON cme FOR NUTRITION
cget Budget Analysis for September > 1979

Revised,” ‘uly 1979

| Monthly CC C*C“‘;‘“‘“ a’ TQ Date

sto [aera [avon 9] Gy | eee] soon]
20,000 10,166 271,494 270,000 1,494

200 800 9,000 8,000 1,000
3,750 3,766 67,644 57,800 | 9,844
-0- 416 3,744 250 3,494
-0- 3,730 33,570 44,765 (11,195)
23,950 | 18,878 385,452 | 380,815 |  4,637_

    
   

  
 

INCOME:

Swanson Interests

Consulting Fees

Grants, etc.

Other Contributions
Committed Funds Carried Over
GRAND TOTAL

      
     

          
        
  

              
    
   

          
  

   

 

      

   

     

        
  

                 
   

    

   

     

      
 

 

  
  
 

EXPENDITURES:
1)

  
         
      
     
     
    

Projects
SCN-1, Univ. of Neb. Medical Center
UNMC Grants

       

        
  

       
 

     
     
  

    

17,083
2,183

153,747
19,647

133,333
4,750

20,414
14,897

17,083
2,103

           

     
    
    
    

     

        
 

   

    
    
    
  

          
 

       
          
  

       
 

      
  

       

SCN-2, International 83 83 747 32 715
SCK-3, Native Americans 1,667 (236) 15,003 15,734 (731)
SUH-l, Education 4,792 4,613 43,128 57,337 (14,209)
SUN-S, Mat. & Child Hlth (Creighton) 417 417 3,753 -0- 3,753

         

      

763
4,652
3,897

167
824
433

1,503
16,497
7,497

167
1,533
833

SCN-6, Collaborative HKesearch
SCN-7, Elderly
scn-8,

 

         
  

    

      

   
 

171,845
3,600

   
  

         
  

    

       

Symposiums & Consultants

  
     

 

Center Supvort

     

   

    

     

10,043 40 90,747 90,812

      
       
        
     

     

Salaries 10,033

      

         
     

     

      
  

 

     

         
 

    
   
  

         
      
      
     
          
  

             
      
 

   

     

    

          

  

      

       

    

Fringe Benefits 333 314 19 2,997 2,943
Office Expense 333 1,392 (559) 7,497 10,928
Office Rent 750 723 27 6,750 6,507
Travel 583 1,036** (453) 5,247 5,472

417 77 340 3,753 1,317

Public Relations
Misc., Insurance, Audit

GRAND TOTAL
*October will show expenditure for two months
**$458 will be reimbursed to SCN.

 

       

        

     

  
   
     
 
 
 

   

4,792
350,142

6 66]

25,642

6,003
384 ,516

  

667
42,724
Sept. & Oct.

       
   

    

     

 
  
 
",True,False,4.353,4.304
110,bingo,Image/Photo,simple,"ITC Limited REPORT AND ACCOUNTS 2013

Associated with youth, fun and excitement, Bingo! offers multiple variants of Potato Chips and Finger snacks to
fulfil the consumer's need for variety and novelty with innovative formats and ‘irresistible combinations’ in flavours.

 
","ITC Limited REPORT AND ACCOUNTS 2013

Associated with youth, fun and excitement, Bingo! offers multiple variants of Potato Chips and Finger snacks to
fulfil the consumer's need for variety and novelty with innovative formats and ‘irresistible combinations’ in flavours.

       
 

ar}
",True,True,1.348,1.71
111,723,table/list,simple,"INCOME:

Swanson Interests
Consulting Fees

Grants, etc.

Other Contributions
Committed Funds Carried Over

GRAND TOTAL

EXPENDITURES:
1) Projects

SCN-1, Univ. of Neb. Medical Center
UNMC Grants

SCN-2, International

SCN-3, Native Americans

SCN-l, Education

SCN-5, Mat. & Child Hlth (Creighton)

SCN-6, Collaborative Kesearch

SCN-7, Elderly

SCN-8, Symposiums & Consultants
2) Center Supvort

Salaries

Fringe Benefits
Office Expense
Office Rent

Travel

Public Relations

Misc., Insurance, Audit

GRAND TOTAL

*Qctober will show expenditure for two months
**$458 will be reimbursed to SCN.

SWANSON CENTER FOR NUTRITION
' 1979, Budget
Revised, July, 1979

Annual
. 0 Over
$1,000 | Budget $ | Actual $ S Geis ] Budget ‘| sonst y

20,000 10,166 271,494 270,000 1,494

Budget Analysis for September» 1979

               

         
     

         
   
  

         
  
 

     
   
    
    
   

       
        
      
 

    
     
     
  

     

      
  

       
  

    

200 800 9,000 8,000 1,000

3,750 3,766 67,644 57,800 | 9,844

-0- 416 3,744 250 3,494
-0- 3,730 33,570 44,765 | (11,195)
23,950 | 18,878 385,452 | 380,815 | 4,637

       
    

    
   
    
    
    
            
 

    
   
    
    
   
  

    
   
  

  
   
  
   
 

   
  
   
  
   
 

     
     

     
   
    

17,083 17,083 153,747 133,333 | 20,414
2,183 2,183 19,647 4,750 14,897
83 83 747 32 715
1,667 (236) 15,003 15,734 (731)
4,792 4,613 43,128 57,337 | (14,209)
417 417 3,753 -0- 3,753

        
   
   

     

 

763
4,652
35897

167
824
433

1,503
16,497
7,497

 

167
1,833
833

     
   

     
  

       
 

11,845
3,600

   
    
  
 

    
      
    
    
        

   
  
   
   

    
      
    
    
  

40

    
  

10,083 10,043 90,747 90,812

  
       
    

        
    
     
     
     
     
  

 

   
    
 

       
  
   
  

         
     
 

    

  

       
 

      
   
  

    
   
 

333 314 19 2,997 2,943
333 1,392 (559) 7,497 10,928
750 723 27 6,750 6,507
583 1,036** (453) 5,247 5,472
ui? 77 340 3,753 1,317
667 6 661 6,003 4,792
42,724 | 17,082 25,642 384,516 | 350,142

Sept. & Oct.

SPAN ANA LINE Ler Ache) aie u Akar
"," 
  
 
  

 
 
     

SWANSON cme FOR NUTRITION
cget Budget Analysis for September > 1979

Revised,” ‘uly 1979

| Monthly CC C*C“‘;‘“‘“ a’ TQ Date

sto [aera [avon 9] Gy | eee] soon]
20,000 10,166 271,494 270,000 1,494

200 800 9,000 8,000 1,000
3,750 3,766 67,644 57,800 | 9,844
-0- 416 3,744 250 3,494
-0- 3,730 33,570 44,765 (11,195)
23,950 | 18,878 385,452 | 380,815 |  4,637_

    
   

  
 

INCOME:

Swanson Interests

Consulting Fees

Grants, etc.

Other Contributions
Committed Funds Carried Over
GRAND TOTAL

      
     

          
        
  

              
    
   

          
  

   

 

      

   

     

        
  

                 
   

    

   

     

      
 

 

  
  
 

EXPENDITURES:
1)

  
         
      
     
     
    

Projects
SCN-1, Univ. of Neb. Medical Center
UNMC Grants

       

        
  

       
 

     
     
  

    

17,083
2,183

153,747
19,647

133,333
4,750

20,414
14,897

17,083
2,103

           

     
    
    
    

     

        
 

   

    
    
    
  

          
 

       
          
  

       
 

      
  

       

SCN-2, International 83 83 747 32 715
SCK-3, Native Americans 1,667 (236) 15,003 15,734 (731)
SUH-l, Education 4,792 4,613 43,128 57,337 (14,209)
SUN-S, Mat. & Child Hlth (Creighton) 417 417 3,753 -0- 3,753

         

      

763
4,652
3,897

167
824
433

1,503
16,497
7,497

167
1,533
833

SCN-6, Collaborative HKesearch
SCN-7, Elderly
scn-8,

 

         
  

    

      

   
 

171,845
3,600

   
  

         
  

    

       

Symposiums & Consultants

  
     

 

Center Supvort

     

   

    

     

10,043 40 90,747 90,812

      
       
        
     

     

Salaries 10,033

      

         
     

     

      
  

 

     

         
 

    
   
  

         
      
      
     
          
  

             
      
 

   

     

    

          

  

      

       

    

Fringe Benefits 333 314 19 2,997 2,943
Office Expense 333 1,392 (559) 7,497 10,928
Office Rent 750 723 27 6,750 6,507
Travel 583 1,036** (453) 5,247 5,472

417 77 340 3,753 1,317

Public Relations
Misc., Insurance, Audit

GRAND TOTAL
*October will show expenditure for two months
**$458 will be reimbursed to SCN.

 

       

        

     

  
   
     
 
 
 

   

4,792
350,142

6 66]

25,642

6,003
384 ,516

  

667
42,724
Sept. & Oct.

       
   

    

     

 
  
 
",True,True,5.428,4.342
112,candyman,Image/Photo,simple,"ITC Limited REPORT AND ACCOUNTS 2013

Associated with youth, fun and excitement, Bingo! offers multiple variants of Potato Chips and Finger snacks to
fulfil the consumer's need for variety and novelty with innovative formats and ‘irresistible combinations’ in flavours.

 
","ITC Limited REPORT AND ACCOUNTS 2013

Associated with youth, fun and excitement, Bingo! offers multiple variants of Potato Chips and Finger snacks to
fulfil the consumer's need for variety and novelty with innovative formats and ‘irresistible combinations’ in flavours.

       
 

ar}
",False,False,1.293,0.992
113,projects,table/list,simple,"INCOME:

Swanson Interests
Consulting Fees

Grants, etc.

Other Contributions
Committed Funds Carried Over

GRAND TOTAL

EXPENDITURES:
1) Projects

SCN-1, Univ. of Neb. Medical Center
UNMC Grants

SCN-2, International

SCN-3, Native Americans

SCN-l, Education

SCN-5, Mat. & Child Hlth (Creighton)

SCN-6, Collaborative Kesearch

SCN-7, Elderly

SCN-8, Symposiums & Consultants
2) Center Supvort

Salaries

Fringe Benefits
Office Expense
Office Rent

Travel

Public Relations

Misc., Insurance, Audit

GRAND TOTAL

*Qctober will show expenditure for two months
**$458 will be reimbursed to SCN.

SWANSON CENTER FOR NUTRITION
' 1979, Budget
Revised, July, 1979

Annual
. 0 Over
$1,000 | Budget $ | Actual $ S Geis ] Budget ‘| sonst y

20,000 10,166 271,494 270,000 1,494

Budget Analysis for September» 1979

               

         
     

         
   
  

         
  
 

     
   
    
    
   

       
        
      
 

    
     
     
  

     

      
  

       
  

    

200 800 9,000 8,000 1,000

3,750 3,766 67,644 57,800 | 9,844

-0- 416 3,744 250 3,494
-0- 3,730 33,570 44,765 | (11,195)
23,950 | 18,878 385,452 | 380,815 | 4,637

       
    

    
   
    
    
    
            
 

    
   
    
    
   
  

    
   
  

  
   
  
   
 

   
  
   
  
   
 

     
     

     
   
    

17,083 17,083 153,747 133,333 | 20,414
2,183 2,183 19,647 4,750 14,897
83 83 747 32 715
1,667 (236) 15,003 15,734 (731)
4,792 4,613 43,128 57,337 | (14,209)
417 417 3,753 -0- 3,753

        
   
   

     

 

763
4,652
35897

167
824
433

1,503
16,497
7,497

 

167
1,833
833

     
   

     
  

       
 

11,845
3,600

   
    
  
 

    
      
    
    
        

   
  
   
   

    
      
    
    
  

40

    
  

10,083 10,043 90,747 90,812

  
       
    

        
    
     
     
     
     
  

 

   
    
 

       
  
   
  

         
     
 

    

  

       
 

      
   
  

    
   
 

333 314 19 2,997 2,943
333 1,392 (559) 7,497 10,928
750 723 27 6,750 6,507
583 1,036** (453) 5,247 5,472
ui? 77 340 3,753 1,317
667 6 661 6,003 4,792
42,724 | 17,082 25,642 384,516 | 350,142

Sept. & Oct.

SPAN ANA LINE Ler Ache) aie u Akar
"," 
  
 
  

 
 
     

SWANSON cme FOR NUTRITION
cget Budget Analysis for September > 1979

Revised,” ‘uly 1979

| Monthly CC C*C“‘;‘“‘“ a’ TQ Date

sto [aera [avon 9] Gy | eee] soon]
20,000 10,166 271,494 270,000 1,494

200 800 9,000 8,000 1,000
3,750 3,766 67,644 57,800 | 9,844
-0- 416 3,744 250 3,494
-0- 3,730 33,570 44,765 (11,195)
23,950 | 18,878 385,452 | 380,815 |  4,637_

    
   

  
 

INCOME:

Swanson Interests

Consulting Fees

Grants, etc.

Other Contributions
Committed Funds Carried Over
GRAND TOTAL

      
     

          
        
  

              
    
   

          
  

   

 

      

   

     

        
  

                 
   

    

   

     

      
 

 

  
  
 

EXPENDITURES:
1)

  
         
      
     
     
    

Projects
SCN-1, Univ. of Neb. Medical Center
UNMC Grants

       

        
  

       
 

     
     
  

    

17,083
2,183

153,747
19,647

133,333
4,750

20,414
14,897

17,083
2,103

           

     
    
    
    

     

        
 

   

    
    
    
  

          
 

       
          
  

       
 

      
  

       

SCN-2, International 83 83 747 32 715
SCK-3, Native Americans 1,667 (236) 15,003 15,734 (731)
SUH-l, Education 4,792 4,613 43,128 57,337 (14,209)
SUN-S, Mat. & Child Hlth (Creighton) 417 417 3,753 -0- 3,753

         

      

763
4,652
3,897

167
824
433

1,503
16,497
7,497

167
1,533
833

SCN-6, Collaborative HKesearch
SCN-7, Elderly
scn-8,

 

         
  

    

      

   
 

171,845
3,600

   
  

         
  

    

       

Symposiums & Consultants

  
     

 

Center Supvort

     

   

    

     

10,043 40 90,747 90,812

      
       
        
     

     

Salaries 10,033

      

         
     

     

      
  

 

     

         
 

    
   
  

         
      
      
     
          
  

             
      
 

   

     

    

          

  

      

       

    

Fringe Benefits 333 314 19 2,997 2,943
Office Expense 333 1,392 (559) 7,497 10,928
Office Rent 750 723 27 6,750 6,507
Travel 583 1,036** (453) 5,247 5,472

417 77 340 3,753 1,317

Public Relations
Misc., Insurance, Audit

GRAND TOTAL
*October will show expenditure for two months
**$458 will be reimbursed to SCN.

 

       

        

     

  
   
     
 
 
 

   

4,792
350,142

6 66]

25,642

6,003
384 ,516

  

667
42,724
Sept. & Oct.

       
   

    

     

 
  
 
",True,True,6.37,4.301
114,mint-o,Image/Photo,simple,"ITC Limited REPORT AND ACCOUNTS 2013

Associated with youth, fun and excitement, Bingo! offers multiple variants of Potato Chips and Finger snacks to
fulfil the consumer's need for variety and novelty with innovative formats and ‘irresistible combinations’ in flavours.

 
","ITC Limited REPORT AND ACCOUNTS 2013

Associated with youth, fun and excitement, Bingo! offers multiple variants of Potato Chips and Finger snacks to
fulfil the consumer's need for variety and novelty with innovative formats and ‘irresistible combinations’ in flavours.

       
 

ar}
",False,False,1.27,0.996
115,candyman,Image/Photo,simple,"ITC Limited REPORT AND ACCOUNTS 2013

Associated with youth, fun and excitement, Bingo! offers multiple variants of Potato Chips and Finger snacks to
fulfil the consumer's need for variety and novelty with innovative formats and ‘irresistible combinations’ in flavours.

 
","ITC Limited REPORT AND ACCOUNTS 2013

Associated with youth, fun and excitement, Bingo! offers multiple variants of Potato Chips and Finger snacks to
fulfil the consumer's need for variety and novelty with innovative formats and ‘irresistible combinations’ in flavours.

       
 

ar}
",False,False,1.326,1.026
116,Aashirvaad,Image/Photo,simple,"   

A slew of innovative products are already in the market
and there is a continuous pipeline of such products that
are being readied for launch. Such innovation finds
articulation in brand variants such as Aashirvaad Atta
with Multigrains which is designed as a healthier
nourishment option, smooth non-sticky Sunfeast Yippee!
Noodles in a unique round block and Sunfeast Yippee!
Chinese Masala — a unique combination of flavours which
gives the consumer tasty Chinese noodles in minutes.

  

This spirit of innovation is also visible in a range of
products developed for the Biscuits segment. This
includes Sunfeast Dream Cream Butterscotch Zing that
offers an innovative combination of sweet butterscotch
and tangy Zing and Sunfeast Dark Fantasy Choco Meltz—
a delightful triple layer structure of chocolate coating on
the outside, crisp cookie in the middle and a luscious
chocolate filling inside. Innovative products in the
confectionery segment include mint-o Ultra mintz—

: a ae ' ~

A ASHI AD
ATTA wa: Soe,
MULTIGRAINS om

wor

REPORT AND ACCOUNTS 2013

India's most premium, sugarfree power t

a stylish black case and Candyman Créme Lai

is made with the goodness of milk and caramel wi
rich, delicious créme filling. 5

In the personal care products category, ITC has
developed Liquid Crystal Freezing Technology for its
Fiama Di Wills brand, a revolutionary method to freeze
the goodness of shower gels in soap. Equally unique in
their value propositions are the Fiama Di Wills Men Aqua
Pulse De-stressing and brightening Face Wash,
enriched with unique revitalising beads, the Fiama Di
Wills Men Moisture Guard Instant Foam Wash with triple
skin conditioners that hydrate deeply to combat rough
and dry skin, the Vivel Cell Renew skincare range that
repairs and fortifies skin at a cellular level with the power
of Vitamin E and Vivel Perfect Glow which is a unique
multi-layer skin tone perfector that works at every layer
of the skin to lighten dark spots.

 

Source: https://www.industrydocuments.ucsf.edu/docs/snbx0223

  
","   

A Slew of innovative products are already in the market
and there is a continuous pipeline of such products that
are being readied for launch. Such innovation finds
articulation in brand variants such as Aashirvaad Atta
with Multigrains which is designed as a healthier
nourishment option, smooth non-sticky Sunfeast Yippee!
Noodles in a unique round block and Sunfeast Yippee!
Chinese Masala - a unique combination of flavours which
gives the consumer tasty Chinese noodles in minutes.

    

This spirit of innovation is also visible in a range of
products developed for the Biscuits segment. This
includes Sunfeast Dream Cream Butterscotch Zing that
offers an innovative combination of sweet butterscotch
and tangy Zing and Sunfeast Dark Fantasy Choco Meltz-
a delightful triple layer structure of chocolate coating on
the outside, crisp cookie in the middle and a luscious
chocolate filling inside. Innovative products in the
confectionery segment include mint-o Ultra mintz -

eo fh eg
ay at ll AAS""
ATTA we >
MULTIGRAINS.

owe

REPORT AND ACCOUNTS 2013

India's most premium, sugarfree power

a stylish black case and Candyman Créme Lad
is made with the goodness of milk and caramel
rich, delicious créme filling.

In the personal care products category, ITC has
developed Liquid Crystal Freezing Technology for its
Fiama Di Wills brand, a revolutionary method to freeze
the goodness of shower gels in soap. Equally unique in
their value propositions are the Fiama Di Wills Men Aqua
Pulse De-stressing and brightening Face Wash,
enriched with unique revitalising beads, the Fiama Di
Wills Men Moisture Guard Instant Foam Wash with triple
skin conditioners that hydrate deeply to combat rough
and dry skin, the Vivel Cell Renew skincare range that
repairs and fortifies skin at a cellular level with the power
of Vitamin E and Vivel Perfect Glow which is a unique
multi-layer skin tone perfector that works at every layer
of the skin to lighten dark spots.

 

Source: https:/Awww. industrydocuments.ucsf.edu/docs/snbx0223
",True,True,6.948,5.242
117,ITC Limited,layout,simple,"   

A slew of innovative products are already in the market
and there is a continuous pipeline of such products that
are being readied for launch. Such innovation finds
articulation in brand variants such as Aashirvaad Atta
with Multigrains which is designed as a healthier
nourishment option, smooth non-sticky Sunfeast Yippee!
Noodles in a unique round block and Sunfeast Yippee!
Chinese Masala — a unique combination of flavours which
gives the consumer tasty Chinese noodles in minutes.

  

This spirit of innovation is also visible in a range of
products developed for the Biscuits segment. This
includes Sunfeast Dream Cream Butterscotch Zing that
offers an innovative combination of sweet butterscotch
and tangy Zing and Sunfeast Dark Fantasy Choco Meltz—
a delightful triple layer structure of chocolate coating on
the outside, crisp cookie in the middle and a luscious
chocolate filling inside. Innovative products in the
confectionery segment include mint-o Ultra mintz—

: a ae ' ~

A ASHI AD
ATTA wa: Soe,
MULTIGRAINS om

wor

REPORT AND ACCOUNTS 2013

India's most premium, sugarfree power t

a stylish black case and Candyman Créme Lai

is made with the goodness of milk and caramel wi
rich, delicious créme filling. 5

In the personal care products category, ITC has
developed Liquid Crystal Freezing Technology for its
Fiama Di Wills brand, a revolutionary method to freeze
the goodness of shower gels in soap. Equally unique in
their value propositions are the Fiama Di Wills Men Aqua
Pulse De-stressing and brightening Face Wash,
enriched with unique revitalising beads, the Fiama Di
Wills Men Moisture Guard Instant Foam Wash with triple
skin conditioners that hydrate deeply to combat rough
and dry skin, the Vivel Cell Renew skincare range that
repairs and fortifies skin at a cellular level with the power
of Vitamin E and Vivel Perfect Glow which is a unique
multi-layer skin tone perfector that works at every layer
of the skin to lighten dark spots.

 

Source: https://www.industrydocuments.ucsf.edu/docs/snbx0223

  
","   

A Slew of innovative products are already in the market
and there is a continuous pipeline of such products that
are being readied for launch. Such innovation finds
articulation in brand variants such as Aashirvaad Atta
with Multigrains which is designed as a healthier
nourishment option, smooth non-sticky Sunfeast Yippee!
Noodles in a unique round block and Sunfeast Yippee!
Chinese Masala - a unique combination of flavours which
gives the consumer tasty Chinese noodles in minutes.

    

This spirit of innovation is also visible in a range of
products developed for the Biscuits segment. This
includes Sunfeast Dream Cream Butterscotch Zing that
offers an innovative combination of sweet butterscotch
and tangy Zing and Sunfeast Dark Fantasy Choco Meltz-
a delightful triple layer structure of chocolate coating on
the outside, crisp cookie in the middle and a luscious
chocolate filling inside. Innovative products in the
confectionery segment include mint-o Ultra mintz -

eo fh eg
ay at ll AAS""
ATTA we >
MULTIGRAINS.

owe

REPORT AND ACCOUNTS 2013

India's most premium, sugarfree power

a stylish black case and Candyman Créme Lad
is made with the goodness of milk and caramel
rich, delicious créme filling.

In the personal care products category, ITC has
developed Liquid Crystal Freezing Technology for its
Fiama Di Wills brand, a revolutionary method to freeze
the goodness of shower gels in soap. Equally unique in
their value propositions are the Fiama Di Wills Men Aqua
Pulse De-stressing and brightening Face Wash,
enriched with unique revitalising beads, the Fiama Di
Wills Men Moisture Guard Instant Foam Wash with triple
skin conditioners that hydrate deeply to combat rough
and dry skin, the Vivel Cell Renew skincare range that
repairs and fortifies skin at a cellular level with the power
of Vitamin E and Vivel Perfect Glow which is a unique
multi-layer skin tone perfector that works at every layer
of the skin to lighten dark spots.

 

Source: https:/Awww. industrydocuments.ucsf.edu/docs/snbx0223
",False,False,7.057,5.274
118,Sunfeast Yippee!,free_text,simple,"   

A slew of innovative products are already in the market
and there is a continuous pipeline of such products that
are being readied for launch. Such innovation finds
articulation in brand variants such as Aashirvaad Atta
with Multigrains which is designed as a healthier
nourishment option, smooth non-sticky Sunfeast Yippee!
Noodles in a unique round block and Sunfeast Yippee!
Chinese Masala — a unique combination of flavours which
gives the consumer tasty Chinese noodles in minutes.

  

This spirit of innovation is also visible in a range of
products developed for the Biscuits segment. This
includes Sunfeast Dream Cream Butterscotch Zing that
offers an innovative combination of sweet butterscotch
and tangy Zing and Sunfeast Dark Fantasy Choco Meltz—
a delightful triple layer structure of chocolate coating on
the outside, crisp cookie in the middle and a luscious
chocolate filling inside. Innovative products in the
confectionery segment include mint-o Ultra mintz—

: a ae ' ~

A ASHI AD
ATTA wa: Soe,
MULTIGRAINS om

wor

REPORT AND ACCOUNTS 2013

India's most premium, sugarfree power t

a stylish black case and Candyman Créme Lai

is made with the goodness of milk and caramel wi
rich, delicious créme filling. 5

In the personal care products category, ITC has
developed Liquid Crystal Freezing Technology for its
Fiama Di Wills brand, a revolutionary method to freeze
the goodness of shower gels in soap. Equally unique in
their value propositions are the Fiama Di Wills Men Aqua
Pulse De-stressing and brightening Face Wash,
enriched with unique revitalising beads, the Fiama Di
Wills Men Moisture Guard Instant Foam Wash with triple
skin conditioners that hydrate deeply to combat rough
and dry skin, the Vivel Cell Renew skincare range that
repairs and fortifies skin at a cellular level with the power
of Vitamin E and Vivel Perfect Glow which is a unique
multi-layer skin tone perfector that works at every layer
of the skin to lighten dark spots.

 

Source: https://www.industrydocuments.ucsf.edu/docs/snbx0223

  
","   

A Slew of innovative products are already in the market
and there is a continuous pipeline of such products that
are being readied for launch. Such innovation finds
articulation in brand variants such as Aashirvaad Atta
with Multigrains which is designed as a healthier
nourishment option, smooth non-sticky Sunfeast Yippee!
Noodles in a unique round block and Sunfeast Yippee!
Chinese Masala - a unique combination of flavours which
gives the consumer tasty Chinese noodles in minutes.

    

This spirit of innovation is also visible in a range of
products developed for the Biscuits segment. This
includes Sunfeast Dream Cream Butterscotch Zing that
offers an innovative combination of sweet butterscotch
and tangy Zing and Sunfeast Dark Fantasy Choco Meltz-
a delightful triple layer structure of chocolate coating on
the outside, crisp cookie in the middle and a luscious
chocolate filling inside. Innovative products in the
confectionery segment include mint-o Ultra mintz -

eo fh eg
ay at ll AAS""
ATTA we >
MULTIGRAINS.

owe

REPORT AND ACCOUNTS 2013

India's most premium, sugarfree power

a stylish black case and Candyman Créme Lad
is made with the goodness of milk and caramel
rich, delicious créme filling.

In the personal care products category, ITC has
developed Liquid Crystal Freezing Technology for its
Fiama Di Wills brand, a revolutionary method to freeze
the goodness of shower gels in soap. Equally unique in
their value propositions are the Fiama Di Wills Men Aqua
Pulse De-stressing and brightening Face Wash,
enriched with unique revitalising beads, the Fiama Di
Wills Men Moisture Guard Instant Foam Wash with triple
skin conditioners that hydrate deeply to combat rough
and dry skin, the Vivel Cell Renew skincare range that
repairs and fortifies skin at a cellular level with the power
of Vitamin E and Vivel Perfect Glow which is a unique
multi-layer skin tone perfector that works at every layer
of the skin to lighten dark spots.

 

Source: https:/Awww. industrydocuments.ucsf.edu/docs/snbx0223
",True,True,5.237,6.909
119,mint-o Ultra mintz,free_text,medium,"   

A slew of innovative products are already in the market
and there is a continuous pipeline of such products that
are being readied for launch. Such innovation finds
articulation in brand variants such as Aashirvaad Atta
with Multigrains which is designed as a healthier
nourishment option, smooth non-sticky Sunfeast Yippee!
Noodles in a unique round block and Sunfeast Yippee!
Chinese Masala — a unique combination of flavours which
gives the consumer tasty Chinese noodles in minutes.

  

This spirit of innovation is also visible in a range of
products developed for the Biscuits segment. This
includes Sunfeast Dream Cream Butterscotch Zing that
offers an innovative combination of sweet butterscotch
and tangy Zing and Sunfeast Dark Fantasy Choco Meltz—
a delightful triple layer structure of chocolate coating on
the outside, crisp cookie in the middle and a luscious
chocolate filling inside. Innovative products in the
confectionery segment include mint-o Ultra mintz—

: a ae ' ~

A ASHI AD
ATTA wa: Soe,
MULTIGRAINS om

wor

REPORT AND ACCOUNTS 2013

India's most premium, sugarfree power t

a stylish black case and Candyman Créme Lai

is made with the goodness of milk and caramel wi
rich, delicious créme filling. 5

In the personal care products category, ITC has
developed Liquid Crystal Freezing Technology for its
Fiama Di Wills brand, a revolutionary method to freeze
the goodness of shower gels in soap. Equally unique in
their value propositions are the Fiama Di Wills Men Aqua
Pulse De-stressing and brightening Face Wash,
enriched with unique revitalising beads, the Fiama Di
Wills Men Moisture Guard Instant Foam Wash with triple
skin conditioners that hydrate deeply to combat rough
and dry skin, the Vivel Cell Renew skincare range that
repairs and fortifies skin at a cellular level with the power
of Vitamin E and Vivel Perfect Glow which is a unique
multi-layer skin tone perfector that works at every layer
of the skin to lighten dark spots.

 

Source: https://www.industrydocuments.ucsf.edu/docs/snbx0223

  
","   

A Slew of innovative products are already in the market
and there is a continuous pipeline of such products that
are being readied for launch. Such innovation finds
articulation in brand variants such as Aashirvaad Atta
with Multigrains which is designed as a healthier
nourishment option, smooth non-sticky Sunfeast Yippee!
Noodles in a unique round block and Sunfeast Yippee!
Chinese Masala - a unique combination of flavours which
gives the consumer tasty Chinese noodles in minutes.

    

This spirit of innovation is also visible in a range of
products developed for the Biscuits segment. This
includes Sunfeast Dream Cream Butterscotch Zing that
offers an innovative combination of sweet butterscotch
and tangy Zing and Sunfeast Dark Fantasy Choco Meltz-
a delightful triple layer structure of chocolate coating on
the outside, crisp cookie in the middle and a luscious
chocolate filling inside. Innovative products in the
confectionery segment include mint-o Ultra mintz -

eo fh eg
ay at ll AAS""
ATTA we >
MULTIGRAINS.

owe

REPORT AND ACCOUNTS 2013

India's most premium, sugarfree power

a stylish black case and Candyman Créme Lad
is made with the goodness of milk and caramel
rich, delicious créme filling.

In the personal care products category, ITC has
developed Liquid Crystal Freezing Technology for its
Fiama Di Wills brand, a revolutionary method to freeze
the goodness of shower gels in soap. Equally unique in
their value propositions are the Fiama Di Wills Men Aqua
Pulse De-stressing and brightening Face Wash,
enriched with unique revitalising beads, the Fiama Di
Wills Men Moisture Guard Instant Foam Wash with triple
skin conditioners that hydrate deeply to combat rough
and dry skin, the Vivel Cell Renew skincare range that
repairs and fortifies skin at a cellular level with the power
of Vitamin E and Vivel Perfect Glow which is a unique
multi-layer skin tone perfector that works at every layer
of the skin to lighten dark spots.

 

Source: https:/Awww. industrydocuments.ucsf.edu/docs/snbx0223
",True,True,4.949,7.323
120,Fiama Di Wills,free_text,medium,"   

A slew of innovative products are already in the market
and there is a continuous pipeline of such products that
are being readied for launch. Such innovation finds
articulation in brand variants such as Aashirvaad Atta
with Multigrains which is designed as a healthier
nourishment option, smooth non-sticky Sunfeast Yippee!
Noodles in a unique round block and Sunfeast Yippee!
Chinese Masala — a unique combination of flavours which
gives the consumer tasty Chinese noodles in minutes.

  

This spirit of innovation is also visible in a range of
products developed for the Biscuits segment. This
includes Sunfeast Dream Cream Butterscotch Zing that
offers an innovative combination of sweet butterscotch
and tangy Zing and Sunfeast Dark Fantasy Choco Meltz—
a delightful triple layer structure of chocolate coating on
the outside, crisp cookie in the middle and a luscious
chocolate filling inside. Innovative products in the
confectionery segment include mint-o Ultra mintz—

: a ae ' ~

A ASHI AD
ATTA wa: Soe,
MULTIGRAINS om

wor

REPORT AND ACCOUNTS 2013

India's most premium, sugarfree power t

a stylish black case and Candyman Créme Lai

is made with the goodness of milk and caramel wi
rich, delicious créme filling. 5

In the personal care products category, ITC has
developed Liquid Crystal Freezing Technology for its
Fiama Di Wills brand, a revolutionary method to freeze
the goodness of shower gels in soap. Equally unique in
their value propositions are the Fiama Di Wills Men Aqua
Pulse De-stressing and brightening Face Wash,
enriched with unique revitalising beads, the Fiama Di
Wills Men Moisture Guard Instant Foam Wash with triple
skin conditioners that hydrate deeply to combat rough
and dry skin, the Vivel Cell Renew skincare range that
repairs and fortifies skin at a cellular level with the power
of Vitamin E and Vivel Perfect Glow which is a unique
multi-layer skin tone perfector that works at every layer
of the skin to lighten dark spots.

 

Source: https://www.industrydocuments.ucsf.edu/docs/snbx0223

  
","   

A Slew of innovative products are already in the market
and there is a continuous pipeline of such products that
are being readied for launch. Such innovation finds
articulation in brand variants such as Aashirvaad Atta
with Multigrains which is designed as a healthier
nourishment option, smooth non-sticky Sunfeast Yippee!
Noodles in a unique round block and Sunfeast Yippee!
Chinese Masala - a unique combination of flavours which
gives the consumer tasty Chinese noodles in minutes.

    

This spirit of innovation is also visible in a range of
products developed for the Biscuits segment. This
includes Sunfeast Dream Cream Butterscotch Zing that
offers an innovative combination of sweet butterscotch
and tangy Zing and Sunfeast Dark Fantasy Choco Meltz-
a delightful triple layer structure of chocolate coating on
the outside, crisp cookie in the middle and a luscious
chocolate filling inside. Innovative products in the
confectionery segment include mint-o Ultra mintz -

eo fh eg
ay at ll AAS""
ATTA we >
MULTIGRAINS.

owe

REPORT AND ACCOUNTS 2013

India's most premium, sugarfree power

a stylish black case and Candyman Créme Lad
is made with the goodness of milk and caramel
rich, delicious créme filling.

In the personal care products category, ITC has
developed Liquid Crystal Freezing Technology for its
Fiama Di Wills brand, a revolutionary method to freeze
the goodness of shower gels in soap. Equally unique in
their value propositions are the Fiama Di Wills Men Aqua
Pulse De-stressing and brightening Face Wash,
enriched with unique revitalising beads, the Fiama Di
Wills Men Moisture Guard Instant Foam Wash with triple
skin conditioners that hydrate deeply to combat rough
and dry skin, the Vivel Cell Renew skincare range that
repairs and fortifies skin at a cellular level with the power
of Vitamin E and Vivel Perfect Glow which is a unique
multi-layer skin tone perfector that works at every layer
of the skin to lighten dark spots.

 

Source: https:/Awww. industrydocuments.ucsf.edu/docs/snbx0223
",True,True,4.978,5.942
121,ITC Limited,Image/Photo,simple,"ITC Limited

 

Sunfeast straddles all segments in the biscuit
category and offers high quality products in
exciting and innovative formats, which reinforces
ITC’s commitment to delivering a world-class
product experience to the discerning consumer.

  

 
","ITC Limited

 

Sunfeast straddles all segments in the biscuit
category and offers high quality products in
exciting and innovative formats, which reinforces
ITC's commitment to delivering a world-class
product experience to the discerning consumer.

  

 
",True,True,1.779,1.473
122,Sunfeast,Image/Photo,simple,"ITC Limited

 

Sunfeast straddles all segments in the biscuit
category and offers high quality products in
exciting and innovative formats, which reinforces
ITC’s commitment to delivering a world-class
product experience to the discerning consumer.

  

 
","ITC Limited

 

Sunfeast straddles all segments in the biscuit
category and offers high quality products in
exciting and innovative formats, which reinforces
ITC's commitment to delivering a world-class
product experience to the discerning consumer.

  

 
",True,True,1.072,0.991
123,Snacky,Image/Photo,simple,"ITC Limited

 

Sunfeast straddles all segments in the biscuit
category and offers high quality products in
exciting and innovative formats, which reinforces
ITC’s commitment to delivering a world-class
product experience to the discerning consumer.

  

 
","ITC Limited

 

Sunfeast straddles all segments in the biscuit
category and offers high quality products in
exciting and innovative formats, which reinforces
ITC's commitment to delivering a world-class
product experience to the discerning consumer.

  

 
",False,False,1.075,1.016
124,Dream Cream,Image/Photo,simple,"ITC Limited

 

Sunfeast straddles all segments in the biscuit
category and offers high quality products in
exciting and innovative formats, which reinforces
ITC’s commitment to delivering a world-class
product experience to the discerning consumer.

  

 
","ITC Limited

 

Sunfeast straddles all segments in the biscuit
category and offers high quality products in
exciting and innovative formats, which reinforces
ITC's commitment to delivering a world-class
product experience to the discerning consumer.

  

 
",False,False,1.08,0.982
125,"Carol A. Tozzi, Ph.D.",form,medium,"Confidentiality
The writer will observe strict confidentiality. The draft manuscript and all
correspondence wili be sent directly to Design Write.

DATE ASSIGNED: January 18, 2005
PURCHASE ORDER NUMBER: 3973
DUE DATE (outline): August 9, 2000

WRITER'S FEE: $3,500. One-third may be invoiced upon commencement of work; the second
third may be invoiced upon acceptance of the manuscript by DesignWrite; one-
sixth may be invoiced upon submission of the paper to the target journal; and one-
sixth may be invoiced upon acceptance of the article.

DesignWrite reserves the right to terminate the project if the first draft is deemed
unacceptable, i.e., the manuscript needs to be entirely rewritten. The total payment
for a project terminated after the first draft will be $1,167. Payment will be made
once all materials have been returned to DesignWrite.

COMMENTS: The document should be double-spaced and written using Word 97 (with MS Office) or a
lower version. You may either submit a hard copy of the document along with a
disk containing the file, or an e-mail version.

The manuscript should conform to the “Uniform Requirements for Manuscripts
Submitted to Biomedical Journals,” which is included in your materials.
DesignWrite utilizes Reference Manager for formatting reference citations. If an
article you use has the Reference Manager number at the top right that we have
assigned it (ie, “RM#2122”), please insert this number within braces (eg, {2122}
or if more than one citation, {2122,3405,4402}) in the article at the appropriate
citation point. If you are using an article that does not have a RM#, please insert
the last name of the first author and the date within braces (eg, {Lobo 1997}).
When a first author has more than one reference cited in a given year, add a letter
after the date and identify this clearly on the article.

 

 

ASSIGNED BY:
Karen D. Mittleman, Ph.D. January 18, 2005
ASSIGNMENT ACCEPTED BY:
Carol A. Tozzi, Ph.D. July 26, 2000 |
|
2

DWRITE 003356
","Confidentiality
The writer will observe strict confidentiality. The draft manuscript and all
correspondence will be sent directly to DesignWrite.

DATE ASSIGNED: January 18, 2005
PURCHASE ORDER NUMBER: 3973
DUE DATE (outline): August 9, 2000

WRITER'S FEE: $3,500. One-third may be invoiced upon commencement of work; the second
third may be invoiced upon acceptance of the manuscript by DesignWrite,; one-
sixth may be invoiced upon submission of the paper to the target journal; and one-
sixth may be invoiced upon acceptance of the article.

Design Write reserves the right to terminate the project if the first draft is deemed
unacceptable, i-e., the manuscript needs to be entirely rewritten. The total payment
for a project terminated after the first draft will be $1,167. Payment will be made
once al] materials have been returned to Design Write.

COMMENTS: The document should be double-spaced and written using Word 97 (with MS Office) or a
lower version. You may either submit a hard copy of the document along with a
disk containing the file, or an e-mail version.

The manuscript should conform to the “Uniform Requirements for Manuscripts
Submitted to Biomedical Journals,” which is included in your materials.
DesignWrite utilizes Reference Manager for formatting reference citations. If an
article you use has the Reference Manager number at the top right that we have
assigned it (ie, “RM#2122”), please insert this number within braces (eg, {2122}
or if more than one citation, {2122,3405,4402}) in the article at the appropriate
citation point. If you are using an article that does not have a RM#, please insert
the last name of the first author and the date within braces (eg, {Lobo 1997}).
When a first author has more than one reference cited in a given year, add a letter
after the date and identify this clearly on the article.

 

ASSIGNED BY:
Karen D. Mittleman, Ph.D. January 18, 2005
ASSIGNMENT ACCEPTED BY:
|
a |
Carol A. Tozzi, Ph.D. July 26, 2000
2
Source: ftps /ivwayindustrydocuments ucsf.edu/docs/xyyww02 17 DWRITE 003356

 
",True,True,5.591,5.642
126,"July 26, 2000",form,medium,"Confidentiality
The writer will observe strict confidentiality. The draft manuscript and all
correspondence wili be sent directly to Design Write.

DATE ASSIGNED: January 18, 2005
PURCHASE ORDER NUMBER: 3973
DUE DATE (outline): August 9, 2000

WRITER'S FEE: $3,500. One-third may be invoiced upon commencement of work; the second
third may be invoiced upon acceptance of the manuscript by DesignWrite; one-
sixth may be invoiced upon submission of the paper to the target journal; and one-
sixth may be invoiced upon acceptance of the article.

DesignWrite reserves the right to terminate the project if the first draft is deemed
unacceptable, i.e., the manuscript needs to be entirely rewritten. The total payment
for a project terminated after the first draft will be $1,167. Payment will be made
once all materials have been returned to DesignWrite.

COMMENTS: The document should be double-spaced and written using Word 97 (with MS Office) or a
lower version. You may either submit a hard copy of the document along with a
disk containing the file, or an e-mail version.

The manuscript should conform to the “Uniform Requirements for Manuscripts
Submitted to Biomedical Journals,” which is included in your materials.
DesignWrite utilizes Reference Manager for formatting reference citations. If an
article you use has the Reference Manager number at the top right that we have
assigned it (ie, “RM#2122”), please insert this number within braces (eg, {2122}
or if more than one citation, {2122,3405,4402}) in the article at the appropriate
citation point. If you are using an article that does not have a RM#, please insert
the last name of the first author and the date within braces (eg, {Lobo 1997}).
When a first author has more than one reference cited in a given year, add a letter
after the date and identify this clearly on the article.

 

 

ASSIGNED BY:
Karen D. Mittleman, Ph.D. January 18, 2005
ASSIGNMENT ACCEPTED BY:
Carol A. Tozzi, Ph.D. July 26, 2000 |
|
2

DWRITE 003356
","Confidentiality
The writer will observe strict confidentiality. The draft manuscript and all
correspondence will be sent directly to DesignWrite.

DATE ASSIGNED: January 18, 2005
PURCHASE ORDER NUMBER: 3973
DUE DATE (outline): August 9, 2000

WRITER'S FEE: $3,500. One-third may be invoiced upon commencement of work; the second
third may be invoiced upon acceptance of the manuscript by DesignWrite,; one-
sixth may be invoiced upon submission of the paper to the target journal; and one-
sixth may be invoiced upon acceptance of the article.

Design Write reserves the right to terminate the project if the first draft is deemed
unacceptable, i-e., the manuscript needs to be entirely rewritten. The total payment
for a project terminated after the first draft will be $1,167. Payment will be made
once al] materials have been returned to Design Write.

COMMENTS: The document should be double-spaced and written using Word 97 (with MS Office) or a
lower version. You may either submit a hard copy of the document along with a
disk containing the file, or an e-mail version.

The manuscript should conform to the “Uniform Requirements for Manuscripts
Submitted to Biomedical Journals,” which is included in your materials.
DesignWrite utilizes Reference Manager for formatting reference citations. If an
article you use has the Reference Manager number at the top right that we have
assigned it (ie, “RM#2122”), please insert this number within braces (eg, {2122}
or if more than one citation, {2122,3405,4402}) in the article at the appropriate
citation point. If you are using an article that does not have a RM#, please insert
the last name of the first author and the date within braces (eg, {Lobo 1997}).
When a first author has more than one reference cited in a given year, add a letter
after the date and identify this clearly on the article.

 

ASSIGNED BY:
Karen D. Mittleman, Ph.D. January 18, 2005
ASSIGNMENT ACCEPTED BY:
|
a |
Carol A. Tozzi, Ph.D. July 26, 2000
2
Source: ftps /ivwayindustrydocuments ucsf.edu/docs/xyyww02 17 DWRITE 003356

 
",True,True,4.513,6.554
127,essenza di wills,Image/Photo,medium,"ie Limited

Personal Care Products

Essenza Di Wills
personifies innate
style with its
exclusive range of
fine fragrances and
personal care
products. The brand
unites distinct
craftsmanship and
passion and is an
embodiment of

fine living.

 

Fiama Di Wills offers a range of expert solutions
designed to make consumers look & feel young.
fF | Pa Mm a With innovation at its core, Fiama Di Wills offers an
DI WILLS enviable portfolio of products developed through
years of scientific research at Laboratoire Naturel.

see] 8
fia | - |
uD
\ 7
}

 

//www.industrydocuments.ucsf.edu/docs/snbx0223
","Personal Care Products

Essenza Di Wills
personifies innate
style with its
exclusive range of
fine fragrances and
personal care
products. The brand
unites distinct
craftsmanship and
passion and is an
embodiment of

fine living.

 

Fiama Di Wills offers a range of expert solutions
designed to make consumers look & feel young.
f | a Mm a With innovation at its core, Fiama Di Wills offers an
DI WILLS enviable portfolio of products developed through
years of scientific research at Laboratoire Naturel.

-- Wr--- 1
fia HAM Fama y,
i

 

/iwww.industrydocuments.ucsf.edu/docs/snbx0223
",True,True,2.305,2.009
128,fiama di wills,Image/Photo,medium,"ie Limited

Personal Care Products

Essenza Di Wills
personifies innate
style with its
exclusive range of
fine fragrances and
personal care
products. The brand
unites distinct
craftsmanship and
passion and is an
embodiment of

fine living.

 

Fiama Di Wills offers a range of expert solutions
designed to make consumers look & feel young.
fF | Pa Mm a With innovation at its core, Fiama Di Wills offers an
DI WILLS enviable portfolio of products developed through
years of scientific research at Laboratoire Naturel.

see] 8
fia | - |
uD
\ 7
}

 

//www.industrydocuments.ucsf.edu/docs/snbx0223
","Personal Care Products

Essenza Di Wills
personifies innate
style with its
exclusive range of
fine fragrances and
personal care
products. The brand
unites distinct
craftsmanship and
passion and is an
embodiment of

fine living.

 

Fiama Di Wills offers a range of expert solutions
designed to make consumers look & feel young.
f | a Mm a With innovation at its core, Fiama Di Wills offers an
DI WILLS enviable portfolio of products developed through
years of scientific research at Laboratoire Naturel.

-- Wr--- 1
fia HAM Fama y,
i

 

/iwww.industrydocuments.ucsf.edu/docs/snbx0223
",True,True,2.247,2.047
129,fiama di wills,free_text,medium,"ie Limited

Personal Care Products

Essenza Di Wills
personifies innate
style with its
exclusive range of
fine fragrances and
personal care
products. The brand
unites distinct
craftsmanship and
passion and is an
embodiment of

fine living.

 

Fiama Di Wills offers a range of expert solutions
designed to make consumers look & feel young.
fF | Pa Mm a With innovation at its core, Fiama Di Wills offers an
DI WILLS enviable portfolio of products developed through
years of scientific research at Laboratoire Naturel.

see] 8
fia | - |
uD
\ 7
}

 

//www.industrydocuments.ucsf.edu/docs/snbx0223
","Personal Care Products

Essenza Di Wills
personifies innate
style with its
exclusive range of
fine fragrances and
personal care
products. The brand
unites distinct
craftsmanship and
passion and is an
embodiment of

fine living.

 

Fiama Di Wills offers a range of expert solutions
designed to make consumers look & feel young.
f | a Mm a With innovation at its core, Fiama Di Wills offers an
DI WILLS enviable portfolio of products developed through
years of scientific research at Laboratoire Naturel.

-- Wr--- 1
fia HAM Fama y,
i

 

/iwww.industrydocuments.ucsf.edu/docs/snbx0223
",True,True,2.792,3.412
130,essenza di wills,free_text,medium,"ie Limited

Personal Care Products

Essenza Di Wills
personifies innate
style with its
exclusive range of
fine fragrances and
personal care
products. The brand
unites distinct
craftsmanship and
passion and is an
embodiment of

fine living.

 

Fiama Di Wills offers a range of expert solutions
designed to make consumers look & feel young.
fF | Pa Mm a With innovation at its core, Fiama Di Wills offers an
DI WILLS enviable portfolio of products developed through
years of scientific research at Laboratoire Naturel.

see] 8
fia | - |
uD
\ 7
}

 

//www.industrydocuments.ucsf.edu/docs/snbx0223
","Personal Care Products

Essenza Di Wills
personifies innate
style with its
exclusive range of
fine fragrances and
personal care
products. The brand
unites distinct
craftsmanship and
passion and is an
embodiment of

fine living.

 

Fiama Di Wills offers a range of expert solutions
designed to make consumers look & feel young.
f | a Mm a With innovation at its core, Fiama Di Wills offers an
DI WILLS enviable portfolio of products developed through
years of scientific research at Laboratoire Naturel.

-- Wr--- 1
fia HAM Fama y,
i

 

/iwww.industrydocuments.ucsf.edu/docs/snbx0223
",True,True,2.211,2.018
131,34,layout,simple,"S€SZZ0 ALIMMG

34

TABLE. Effects of various treatments on vasomotor symptoms: randomized, double-blind, placeho-controlled trials*

Treatment
Esterified estrogens (low
dose){Rebar, Trabal, et al. 2000

37391 /id}

Effective in Treating
Hot Flushes vs
Placebo

Yes

Adverse Effects
Incidence of endometrial hyperplasia and bleeding was similar

to placebo group
","S€SZZ0 ALIMMA

34

TABLE. Effects of various treatments on vasomotor symptoms: randomized, double-blind, placeho-controlled trials*

Treatment
Esterified estrogens (low
dose){Rebar, Trabal, et al. 2000

37391 /id}

Effective in Treating
Hot Flushes vs
Placebo

Yes

Adverse Effects
Incidence of endometrial hyperplasia and bleeding was similar

to placebo group
",True,True,2.461,2.799
132,the irish sea,layout,medium,"SEA BIRD WRECK
IN THE IRISH SEA
AUTUMN 1969

THE NATURAL ENVIRONMENT RESEARCH COUNCIL
PUBLICATIONS SERIES C No4 1971 4

 
","SEA BIRD WRECK
IN THE IRISH SEA
AUTUMN 1969

THE NATURAL ENVIRONMENT RESEARCH COUNCIL
PUBLICATIONS SERIES C No4 1971 9

 
",True,True,2.282,1.268
133,autumn 1969,layout,simple,"SEA BIRD WRECK
IN THE IRISH SEA
AUTUMN 1969

THE NATURAL ENVIRONMENT RESEARCH COUNCIL
PUBLICATIONS SERIES C No4 1971 4

 
","SEA BIRD WRECK
IN THE IRISH SEA
AUTUMN 1969

THE NATURAL ENVIRONMENT RESEARCH COUNCIL
PUBLICATIONS SERIES C No4 1971 9

 
",True,True,1.882,0.722
134,yes,table/list,simple,"S€SZZ0 ALIMMG

34

TABLE. Effects of various treatments on vasomotor symptoms: randomized, double-blind, placeho-controlled trials*

Treatment
Esterified estrogens (low
dose){Rebar, Trabal, et al. 2000

37391 /id}

Effective in Treating
Hot Flushes vs
Placebo

Yes

Adverse Effects
Incidence of endometrial hyperplasia and bleeding was similar

to placebo group
","S€SZZ0 ALIMMA

34

TABLE. Effects of various treatments on vasomotor symptoms: randomized, double-blind, placeho-controlled trials*

Treatment
Esterified estrogens (low
dose){Rebar, Trabal, et al. 2000

37391 /id}

Effective in Treating
Hot Flushes vs
Placebo

Yes

Adverse Effects
Incidence of endometrial hyperplasia and bleeding was similar

to placebo group
",True,True,2.43,2.686
135,the natural environment research council,layout,medium,"SEA BIRD WRECK
IN THE IRISH SEA
AUTUMN 1969

THE NATURAL ENVIRONMENT RESEARCH COUNCIL
PUBLICATIONS SERIES C No4 1971 4

 
","SEA BIRD WRECK
IN THE IRISH SEA
AUTUMN 1969

THE NATURAL ENVIRONMENT RESEARCH COUNCIL
PUBLICATIONS SERIES C No4 1971 9

 
",True,True,1.562,0.761
136,"19,000",table/list,simple,"Missouri Food Donation Program Page 8
By MASW Divisions and Counties January, 1970

COUNTY Population Families Estimated Participants In Public Public Assistance
In Population Food Donation Assistance Participants In Food
Poverty In Poverty Program Recipients Donation Program

(2) (2) (3) (4) (5)
No. No. Col. No. No. 6 Col.

Henry 19,000 1,013

Johnson 34,500 : 690

Lafayette 26 ,800 887

Miller 14,700 965

Moniteau 10,500

Morgan 9,800 696

Pettis 32,500

Saline 26 ,000

Footnotes:

(2) Estimates by the Bureau of the Census, 1966.
(2) OEO Community Profile Data, 1966.

(3) MASW Estimate of Persons in Poverty, 1970.

(4) Missouri Division of Welfare, Monthly Report, November, 1969.

(5) Missouri Division of Welfare, Monthly Administrative Analysis, October, 1969.

(6) Missouri Division of Welfare, Monthly Report, November, 1969.

 

ource: https:/Awww.industrydocuments.ucsf.edu/docs/jjvg0227
","Missouri Food Donation Program Page 8
By MASW Divisions and Counties January, 1970

COUNTY Population Families Estimated Participants In Public Public Assistance
In Population Food Donation Assistance Participants In Food
Poverty In Poverty Program Recipients Donation Program
(1) (2) (3) (4) (5)
No. No. Col. No. No. » Col.
Henry 19,000 1,013
Johnson 34,500 . 690
Lafayette 26 ,800 887
Miller 34, 700 9 965
Moniteau 10,500
Morgan 9,800
Pettis 32 5500

Saline 26 ,000

Footnotes:

(2) Estimates by the Bureau of the Census, 1966.
(2) OEO Community Profile Data, 1966.

(3) MASW Estimate of Persons in Poverty, 1970.

(4) Missouri Division of Welfere, Monthly Report, November, 1969.

(5) Missouri Division of Welfare, Monthly Administrative Analysis, October, 1969.

(6) Missouri Division of Welfare, Monthly Report, November, 1969.

 
",True,True,4.583,2.963
137,1971,layout,simple,"SEA BIRD WRECK
IN THE IRISH SEA
AUTUMN 1969

THE NATURAL ENVIRONMENT RESEARCH COUNCIL
PUBLICATIONS SERIES C No4 1971 4

 
","SEA BIRD WRECK
IN THE IRISH SEA
AUTUMN 1969

THE NATURAL ENVIRONMENT RESEARCH COUNCIL
PUBLICATIONS SERIES C No4 1971 9

 
",True,True,1.57,0.715
138,itc limited,layout,simple,"ITC Limited REPORT AND ACCOUNTS 2013 |

  
 
 
 
 
 
 
 
 
 
 
   

This supply chain infrastructure has
reinforced its competitive capability
significantly to ensure visibility,
availability and freshness. ITC’s
brands are today available in more
than 1000 Stock Keeping Units (SKUs)
at nearly 6 million retail outlets in the
country. ITC’s formidable distribution
organisation directly services more
than 2 million of these retail outlets.
This elaborate network provides
significant sustainable livelihoods.
","ITC Limited REPORT AND ACCOUNTS 2013 p

 
 
 
 
 
 
 
 
 
 
 
 

ST ee

mad

; oe
pie aa &

This supply chain infrastructure has
reinforced its competitive capability
significantly to ensure visibility,
availability and freshness. ITC's
brands are today available in more
than 1000 Stock Keeping Units (SKUs)
at nearly 6 million retail outlets in the
country. ITC’s formidable distribution
organisation directly services more
than 2 million of these retail outlets.
This elaborate network provides
significant sustainable livelihoods.

 
",True,True,1.749,1.668
139,"34,500",table/list,simple,"Missouri Food Donation Program Page 8
By MASW Divisions and Counties January, 1970

COUNTY Population Families Estimated Participants In Public Public Assistance
In Population Food Donation Assistance Participants In Food
Poverty In Poverty Program Recipients Donation Program

(2) (2) (3) (4) (5)
No. No. Col. No. No. 6 Col.

Henry 19,000 1,013

Johnson 34,500 : 690

Lafayette 26 ,800 887

Miller 14,700 965

Moniteau 10,500

Morgan 9,800 696

Pettis 32,500

Saline 26 ,000

Footnotes:

(2) Estimates by the Bureau of the Census, 1966.
(2) OEO Community Profile Data, 1966.

(3) MASW Estimate of Persons in Poverty, 1970.

(4) Missouri Division of Welfare, Monthly Report, November, 1969.

(5) Missouri Division of Welfare, Monthly Administrative Analysis, October, 1969.

(6) Missouri Division of Welfare, Monthly Report, November, 1969.

 

ource: https:/Awww.industrydocuments.ucsf.edu/docs/jjvg0227
","Missouri Food Donation Program Page 8
By MASW Divisions and Counties January, 1970

COUNTY Population Families Estimated Participants In Public Public Assistance
In Population Food Donation Assistance Participants In Food
Poverty In Poverty Program Recipients Donation Program
(1) (2) (3) (4) (5)
No. No. Col. No. No. » Col.
Henry 19,000 1,013
Johnson 34,500 . 690
Lafayette 26 ,800 887
Miller 34, 700 9 965
Moniteau 10,500
Morgan 9,800
Pettis 32 5500

Saline 26 ,000

Footnotes:

(2) Estimates by the Bureau of the Census, 1966.
(2) OEO Community Profile Data, 1966.

(3) MASW Estimate of Persons in Poverty, 1970.

(4) Missouri Division of Welfere, Monthly Report, November, 1969.

(5) Missouri Division of Welfare, Monthly Administrative Analysis, October, 1969.

(6) Missouri Division of Welfare, Monthly Report, November, 1969.

 
",True,True,3.729,3.839
140,stock keeping units,free_text,medium,"ITC Limited REPORT AND ACCOUNTS 2013 |

  
 
 
 
 
 
 
 
 
 
 
   

This supply chain infrastructure has
reinforced its competitive capability
significantly to ensure visibility,
availability and freshness. ITC’s
brands are today available in more
than 1000 Stock Keeping Units (SKUs)
at nearly 6 million retail outlets in the
country. ITC’s formidable distribution
organisation directly services more
than 2 million of these retail outlets.
This elaborate network provides
significant sustainable livelihoods.
","ITC Limited REPORT AND ACCOUNTS 2013 p

 
 
 
 
 
 
 
 
 
 
 
 

ST ee

mad

; oe
pie aa &

This supply chain infrastructure has
reinforced its competitive capability
significantly to ensure visibility,
availability and freshness. ITC's
brands are today available in more
than 1000 Stock Keeping Units (SKUs)
at nearly 6 million retail outlets in the
country. ITC’s formidable distribution
organisation directly services more
than 2 million of these retail outlets.
This elaborate network provides
significant sustainable livelihoods.

 
",True,True,1.722,1.656
141,bird,layout,simple,"SEA BIRD WRECK
IN THE IRISH SEA
AUTUMN 1969

THE NATURAL ENVIRONMENT RESEARCH COUNCIL
PUBLICATIONS SERIES C No4 1971 4

 
","SEA BIRD WRECK
IN THE IRISH SEA
AUTUMN 1969

THE NATURAL ENVIRONMENT RESEARCH COUNCIL
PUBLICATIONS SERIES C No4 1971 9

 
",True,True,1.563,0.707
142,PROJECT ASSIGNMENT FORM,layout,medium,"NAME:

PROJECT:

DESCRIPTION:

PROJECT ASSIGNMENT FORM

John A. Smith, Ph.D.
731 Durham Place
Bensalem, PA 19020
Tel: 215-741-4052

#8910: Manuscript on ‘Metabolic Effects of Menopausal Therapies” for
submission to Journal of Women's Health and Gender-Based Medicine.

 

Write 10- to 15-page manuscript (not including references) based on the
approved outline.

Points to Include

Generally points to be covered include the positioning of tibolone as a
non-specific agent that does not have the potential benefits of HRT on
lipids and has potential negative effects on weight gain.

References

DesignWrite will provide reference materials; however, the writer 1s not
prohibited from using other suitable references. If additional reference
materials need to be ordered, please request them through DesignWnite.
Writer will provide highlighted references along with the manuscript, and
all reference materials provided to the writer, including those left unused,
will be returned to DesignWrite upon completion of the assignment.

Timetable
Work will begin on Wednesday, April 10, 2002, upon receipt of
instructions and any references provided by DesignWnite.

Due date of outline to DesignWnite by the writer 1s Wednesday, April 24,
2002.

Due date of the first full draft of the manuscript is 4 weeks from when
writer receives approved outline.

When revisions to the manuscript are required, they will need to be made
extremely rapidly, perhaps within 24 hours. DesignWrite will make every
effort to alert the writer as to when comments/requests for revisions are
expected, however, we may not be able to give prior notice at all times.

DWRITE 072638
","NAME:

PROJECT:

DESCRIPTION:

SCHTCE

PROJECT ASSIGNMENT FORM

John A. Smith, Ph.D.
731 Durham Place
Bensalem, PA 19020
Tel: 215-741-4052

#8910: Manuscript on “Metabolic Effects of Menopausal Therapies” for
submission to Journal uf Women's Health and Gender-Based Medicine.

Wnite 10- to 15-page manuscript (not including references) based on the
approved outline.

Points to Include

Generally paints to be covered include the positioning of tibolone us a
non-specific agent that does not have the potential benefits of HRT on
lipids and has potential negative effects on weight gain.

References

DesignWrite will provide reference matenals; however, the writer 1s not
prohibited from using other suitable references. If additional reference
materials need to be ordered, please request them through Design Wntte.
Writer will provide highlighted references along with the manuscript, and
all reference materials provided to the wnter, including those left unused,
will be returned to DesignWnite upon completion of the assignment.

Timetable
Work will begin on Wednesday, April 10, 2002, upon receipt of
instructions and any references provided by DesignWnite.

Due date of outline to DesignWrite by the writer 1s Wednesday, April 24,
2002.

Due date of the first full draft of the manuscript is 4 weeks from when
writer receives approved outline.

When revisions to the manuscript are required, they will need to be made
extremely rapidly, perhups within 24 hours. DesignWnite will make every
effort to alert the writer as to when comments/requests for revisions are
expected: however, we may not be able to give prior notice at all times.

Sts. wees dosthydacctrerts es Sed. UGS Ipowae ls DWRITE 072638
",True,True,4.61,6.426
143,SARGASSO SEA TEMPERATURE,figure/diagram,medium," 

Unsettled Science

Knowing that weather forecasts are reliable for a
few days at best, we should recognize the enor-
mous Challenge facing scientists seeking to pre-
dict climate change and its impact over the next
century. In spite of everyone's desire for clear
answers, it is not surprising that fundamental
gaps in knowledge leave scientists unable to
make reliable predictions about future changes.

A recent report from the National Re-
search Council (NRC) raises important issues,
including these still-unanswered questions:
(1) Has human activity al-
ready begun to change
temperature and the cli- 5
mate, and (2) How signifi- 77 4
cant will future change be? 7,

The NRC report con-
firms that Earth's surface
temperature has risen by 74
about 1 degree Fahrenheit 73 4
over the past 150 years.
Some use this result to
claim that humans are
causing global warming, 707%
and they point to storms or 1000 500 «=O
floods to say that danger-
ous impacts are already
under way. Yet scientists remain unable to con-
firm either contention.

Geological evidence indicates that climate
and greenhouse gas levels experience significant
natural variability for reasons having nothing to
do with human activity. Historical records and
current scientific evidence show that Europe and
North America experienced a medieval warm
period one thousand years ago, followed cen-
uries later by a little ice age. The geological
record shows even larger changes throughout
Earth's history. Against this backdrop of large,
poorly understood natural variability, it is impos-
sible for scientists to attribute the recent small
surface temperature increase to human causes.

 

Source: Science (1998)

 

Sargasso Sea Temperature

500 1000

~+——— BS. AD.

Moreover, computer models relied upon
by climate scientists predict that lower atmos-
pheric temperatures will rise as fast as or faster
than temperatures at the surface. However, only
within the last 20 years have reliable global
measurements of temperatures in the lower at-
mosphere been available through the use of
satellite technology. These measurements show
little if any warming.

Even less is known about the potential
positive or negative impacts of climate change.
In fact, many academic
studies and field experi-
ments have demonstrated
that increased levels of car-
bon dioxide can promote
crop and forest growth.

So, while some argue
that the science debate is
settled and governments
should focus only on near-
term policiles—that is empty
rhetoric. Inevitably, future
scientific research will helo
us understand how human
actions and natural climate
change may affect the world
and will help determine what actions may be de-
sirable to address the long-term.

Science has given us enough information
to know that climate changes may pose long-
term risks. Natural variability and human activity
may lead to climate change that could be signif-
icant and perhaps both positive and negative.
Consequently, people, companies and govern-
ments should take responsible actions now to
address the issue.

One essential step is to encourage devel-
opment of lower-emission technologies to meet
our future needs for energy. We'll next look at
the promise of technology and what is being
done today.

  
   

Medieval
warm period

Liftle

      

1500 2000

ExonMobil

www.exxon.mobil.com

© 2000 Exxon Mobil Corporation
"," 

Unsettled Science

Knowing that weather forecasts are reliable for a
few days at best, we should recognize the enor-
mous challenge facing scientists seeking to pre-
dict climate change and its impact over the next
century. in spite of everyone's desire for clear
answers, it is not surprising that fundamental
gaps in knowledge leave scientists unable to
make reliable predictions about future changes.

A recent report from the National Re-
search Council (NRC) raises important issues,
including these stili-unanswered questions:
(1) Has human activity al-
ready begun to change
temperature and the cli- :
mate, and (2) How signifi- 77
cant will future change be? 7,

The NRC report con-
firms that Earth's surface ;
temperature has risen by ""4
about 1 degree Fahrenheit 73
over the past 150 years.
Some use this result to
claim that humans are ,
causing global warming, 704

78

   
 

75

72
71

and they point to storms or 1000 500 0

<+—— BC. AD.-—____________

floods to say that danger-
ous impacts are already
under way. Yet scientists remain unable to con-
firm either contention.

Geological evidence indicates that climate
and greenhouse gas levels experience significant
natural variability for reasons having nothing to
do with human activity. Historical records and
current scientific evidence show that Europe and
North America experienced a medieva/l warm
period one thousand years ago, followed cen-
turies later by a /ittle ice age. The geological
record shows even larger changes throughout
Earth's history. Against this backdrop of large,
poorly understood natural variability, it is impos-
sible for scientists to attribute the recent smail
surface temperature increase to human causes.

Source: Science (1996)

Sargasso Sea Temperature

500

Moreover, computer models relied upon
by climate scientists predict that lower atmos-
pheric temperatures will rise as fast as or faster
than temperatures at the surface. However, only
within the last 20 years have reliable global
measurements of temperatures in the lower at-
mosphere been available through the use of
satellite technology. These measurements show
little if any warming.

Even less is known about the potential
positive or negative impacts of climate change.
In fact, many academic
studies and field experi-
ments have demonstrated
that increased levels of car-
bon dioxide can promote
crop and forest growth.

So, while some argue
that the science debate is
settled and governments
should focus only on near-
term policies—that is empty
rhetoric. Inevitably, future
scientific research will helo
us understand how human
actions and natural climate
change may affect the world
and will helo determine what actions may be de-
sirable to address the long-term.

Science has given us enough information
to know that climate changes may pose long-
term risks. Natural variability and human activity
may lead to climate change that could be signif-
icant and perhaps both positive and negative.
Consequently, people, companies and govern-
ments should take responsible actions now to
address the issue.

One essential step is to encourage devel-
opment of lower-emission technologies to meet
our future needs for energy. We'll next look at
the promise of technology and what is being
done today.

    

     

1000 1500 2000

ExonMobil

www.exxon.mobil.com

© 2000 Exxon Mobil Corporation

Source: https://www.industrydocuments.ucsf.edu/docs/ttwl0228
",True,True,11.763,9.219
144,Exxonmobil,layout,simple," 

Unsettled Science

Knowing that weather forecasts are reliable for a
few days at best, we should recognize the enor-
mous Challenge facing scientists seeking to pre-
dict climate change and its impact over the next
century. In spite of everyone's desire for clear
answers, it is not surprising that fundamental
gaps in knowledge leave scientists unable to
make reliable predictions about future changes.

A recent report from the National Re-
search Council (NRC) raises important issues,
including these still-unanswered questions:
(1) Has human activity al-
ready begun to change
temperature and the cli- 5
mate, and (2) How signifi- 77 4
cant will future change be? 7,

The NRC report con-
firms that Earth's surface
temperature has risen by 74
about 1 degree Fahrenheit 73 4
over the past 150 years.
Some use this result to
claim that humans are
causing global warming, 707%
and they point to storms or 1000 500 «=O
floods to say that danger-
ous impacts are already
under way. Yet scientists remain unable to con-
firm either contention.

Geological evidence indicates that climate
and greenhouse gas levels experience significant
natural variability for reasons having nothing to
do with human activity. Historical records and
current scientific evidence show that Europe and
North America experienced a medieval warm
period one thousand years ago, followed cen-
uries later by a little ice age. The geological
record shows even larger changes throughout
Earth's history. Against this backdrop of large,
poorly understood natural variability, it is impos-
sible for scientists to attribute the recent small
surface temperature increase to human causes.

 

Source: Science (1998)

 

Sargasso Sea Temperature

500 1000

~+——— BS. AD.

Moreover, computer models relied upon
by climate scientists predict that lower atmos-
pheric temperatures will rise as fast as or faster
than temperatures at the surface. However, only
within the last 20 years have reliable global
measurements of temperatures in the lower at-
mosphere been available through the use of
satellite technology. These measurements show
little if any warming.

Even less is known about the potential
positive or negative impacts of climate change.
In fact, many academic
studies and field experi-
ments have demonstrated
that increased levels of car-
bon dioxide can promote
crop and forest growth.

So, while some argue
that the science debate is
settled and governments
should focus only on near-
term policiles—that is empty
rhetoric. Inevitably, future
scientific research will helo
us understand how human
actions and natural climate
change may affect the world
and will help determine what actions may be de-
sirable to address the long-term.

Science has given us enough information
to know that climate changes may pose long-
term risks. Natural variability and human activity
may lead to climate change that could be signif-
icant and perhaps both positive and negative.
Consequently, people, companies and govern-
ments should take responsible actions now to
address the issue.

One essential step is to encourage devel-
opment of lower-emission technologies to meet
our future needs for energy. We'll next look at
the promise of technology and what is being
done today.

  
   

Medieval
warm period

Liftle

      

1500 2000

ExonMobil

www.exxon.mobil.com

© 2000 Exxon Mobil Corporation
"," 

Unsettled Science

Knowing that weather forecasts are reliable for a
few days at best, we should recognize the enor-
mous challenge facing scientists seeking to pre-
dict climate change and its impact over the next
century. in spite of everyone's desire for clear
answers, it is not surprising that fundamental
gaps in knowledge leave scientists unable to
make reliable predictions about future changes.

A recent report from the National Re-
search Council (NRC) raises important issues,
including these stili-unanswered questions:
(1) Has human activity al-
ready begun to change
temperature and the cli- :
mate, and (2) How signifi- 77
cant will future change be? 7,

The NRC report con-
firms that Earth's surface ;
temperature has risen by ""4
about 1 degree Fahrenheit 73
over the past 150 years.
Some use this result to
claim that humans are ,
causing global warming, 704

78

   
 

75

72
71

and they point to storms or 1000 500 0

<+—— BC. AD.-—____________

floods to say that danger-
ous impacts are already
under way. Yet scientists remain unable to con-
firm either contention.

Geological evidence indicates that climate
and greenhouse gas levels experience significant
natural variability for reasons having nothing to
do with human activity. Historical records and
current scientific evidence show that Europe and
North America experienced a medieva/l warm
period one thousand years ago, followed cen-
turies later by a /ittle ice age. The geological
record shows even larger changes throughout
Earth's history. Against this backdrop of large,
poorly understood natural variability, it is impos-
sible for scientists to attribute the recent smail
surface temperature increase to human causes.

Source: Science (1996)

Sargasso Sea Temperature

500

Moreover, computer models relied upon
by climate scientists predict that lower atmos-
pheric temperatures will rise as fast as or faster
than temperatures at the surface. However, only
within the last 20 years have reliable global
measurements of temperatures in the lower at-
mosphere been available through the use of
satellite technology. These measurements show
little if any warming.

Even less is known about the potential
positive or negative impacts of climate change.
In fact, many academic
studies and field experi-
ments have demonstrated
that increased levels of car-
bon dioxide can promote
crop and forest growth.

So, while some argue
that the science debate is
settled and governments
should focus only on near-
term policies—that is empty
rhetoric. Inevitably, future
scientific research will helo
us understand how human
actions and natural climate
change may affect the world
and will helo determine what actions may be de-
sirable to address the long-term.

Science has given us enough information
to know that climate changes may pose long-
term risks. Natural variability and human activity
may lead to climate change that could be signif-
icant and perhaps both positive and negative.
Consequently, people, companies and govern-
ments should take responsible actions now to
address the issue.

One essential step is to encourage devel-
opment of lower-emission technologies to meet
our future needs for energy. We'll next look at
the promise of technology and what is being
done today.

    

     

1000 1500 2000

ExonMobil

www.exxon.mobil.com

© 2000 Exxon Mobil Corporation

Source: https://www.industrydocuments.ucsf.edu/docs/ttwl0228
",False,False,11.62,11.406
145,"John A. SMith, Ph.D.",form,medium,"NAME:

PROJECT:

DESCRIPTION:

PROJECT ASSIGNMENT FORM

John A. Smith, Ph.D.
731 Durham Place
Bensalem, PA 19020
Tel: 215-741-4052

#8910: Manuscript on ‘Metabolic Effects of Menopausal Therapies” for
submission to Journal of Women's Health and Gender-Based Medicine.

 

Write 10- to 15-page manuscript (not including references) based on the
approved outline.

Points to Include

Generally points to be covered include the positioning of tibolone as a
non-specific agent that does not have the potential benefits of HRT on
lipids and has potential negative effects on weight gain.

References

DesignWrite will provide reference materials; however, the writer 1s not
prohibited from using other suitable references. If additional reference
materials need to be ordered, please request them through DesignWnite.
Writer will provide highlighted references along with the manuscript, and
all reference materials provided to the writer, including those left unused,
will be returned to DesignWrite upon completion of the assignment.

Timetable
Work will begin on Wednesday, April 10, 2002, upon receipt of
instructions and any references provided by DesignWnite.

Due date of outline to DesignWnite by the writer 1s Wednesday, April 24,
2002.

Due date of the first full draft of the manuscript is 4 weeks from when
writer receives approved outline.

When revisions to the manuscript are required, they will need to be made
extremely rapidly, perhaps within 24 hours. DesignWrite will make every
effort to alert the writer as to when comments/requests for revisions are
expected, however, we may not be able to give prior notice at all times.

DWRITE 072638
","NAME:

PROJECT:

DESCRIPTION:

SCHTCE

PROJECT ASSIGNMENT FORM

John A. Smith, Ph.D.
731 Durham Place
Bensalem, PA 19020
Tel: 215-741-4052

#8910: Manuscript on “Metabolic Effects of Menopausal Therapies” for
submission to Journal uf Women's Health and Gender-Based Medicine.

Wnite 10- to 15-page manuscript (not including references) based on the
approved outline.

Points to Include

Generally paints to be covered include the positioning of tibolone us a
non-specific agent that does not have the potential benefits of HRT on
lipids and has potential negative effects on weight gain.

References

DesignWrite will provide reference matenals; however, the writer 1s not
prohibited from using other suitable references. If additional reference
materials need to be ordered, please request them through Design Wntte.
Writer will provide highlighted references along with the manuscript, and
all reference materials provided to the wnter, including those left unused,
will be returned to DesignWnite upon completion of the assignment.

Timetable
Work will begin on Wednesday, April 10, 2002, upon receipt of
instructions and any references provided by DesignWnite.

Due date of outline to DesignWrite by the writer 1s Wednesday, April 24,
2002.

Due date of the first full draft of the manuscript is 4 weeks from when
writer receives approved outline.

When revisions to the manuscript are required, they will need to be made
extremely rapidly, perhups within 24 hours. DesignWnite will make every
effort to alert the writer as to when comments/requests for revisions are
expected: however, we may not be able to give prior notice at all times.

Sts. wees dosthydacctrerts es Sed. UGS Ipowae ls DWRITE 072638
",True,True,4.137,6.793
146,vivel,Image/Photo,simple,"ITC Limited REPORT AND ACCOUNTS 2013 |

  
 
 
 
 
 
 
 
 
 
 
   

This supply chain infrastructure has
reinforced its competitive capability
significantly to ensure visibility,
availability and freshness. ITC’s
brands are today available in more
than 1000 Stock Keeping Units (SKUs)
at nearly 6 million retail outlets in the
country. ITC’s formidable distribution
organisation directly services more
than 2 million of these retail outlets.
This elaborate network provides
significant sustainable livelihoods.
","ITC Limited REPORT AND ACCOUNTS 2013 p

 
 
 
 
 
 
 
 
 
 
 
 

ST ee

mad

; oe
pie aa &

This supply chain infrastructure has
reinforced its competitive capability
significantly to ensure visibility,
availability and freshness. ITC's
brands are today available in more
than 1000 Stock Keeping Units (SKUs)
at nearly 6 million retail outlets in the
country. ITC’s formidable distribution
organisation directly services more
than 2 million of these retail outlets.
This elaborate network provides
significant sustainable livelihoods.

 
",False,False,1.895,1.668
147,215-741-4052,form,simple,"NAME:

PROJECT:

DESCRIPTION:

PROJECT ASSIGNMENT FORM

John A. Smith, Ph.D.
731 Durham Place
Bensalem, PA 19020
Tel: 215-741-4052

#8910: Manuscript on ‘Metabolic Effects of Menopausal Therapies” for
submission to Journal of Women's Health and Gender-Based Medicine.

 

Write 10- to 15-page manuscript (not including references) based on the
approved outline.

Points to Include

Generally points to be covered include the positioning of tibolone as a
non-specific agent that does not have the potential benefits of HRT on
lipids and has potential negative effects on weight gain.

References

DesignWrite will provide reference materials; however, the writer 1s not
prohibited from using other suitable references. If additional reference
materials need to be ordered, please request them through DesignWnite.
Writer will provide highlighted references along with the manuscript, and
all reference materials provided to the writer, including those left unused,
will be returned to DesignWrite upon completion of the assignment.

Timetable
Work will begin on Wednesday, April 10, 2002, upon receipt of
instructions and any references provided by DesignWnite.

Due date of outline to DesignWnite by the writer 1s Wednesday, April 24,
2002.

Due date of the first full draft of the manuscript is 4 weeks from when
writer receives approved outline.

When revisions to the manuscript are required, they will need to be made
extremely rapidly, perhaps within 24 hours. DesignWrite will make every
effort to alert the writer as to when comments/requests for revisions are
expected, however, we may not be able to give prior notice at all times.

DWRITE 072638
","NAME:

PROJECT:

DESCRIPTION:

SCHTCE

PROJECT ASSIGNMENT FORM

John A. Smith, Ph.D.
731 Durham Place
Bensalem, PA 19020
Tel: 215-741-4052

#8910: Manuscript on “Metabolic Effects of Menopausal Therapies” for
submission to Journal uf Women's Health and Gender-Based Medicine.

Wnite 10- to 15-page manuscript (not including references) based on the
approved outline.

Points to Include

Generally paints to be covered include the positioning of tibolone us a
non-specific agent that does not have the potential benefits of HRT on
lipids and has potential negative effects on weight gain.

References

DesignWrite will provide reference matenals; however, the writer 1s not
prohibited from using other suitable references. If additional reference
materials need to be ordered, please request them through Design Wntte.
Writer will provide highlighted references along with the manuscript, and
all reference materials provided to the wnter, including those left unused,
will be returned to DesignWnite upon completion of the assignment.

Timetable
Work will begin on Wednesday, April 10, 2002, upon receipt of
instructions and any references provided by DesignWnite.

Due date of outline to DesignWrite by the writer 1s Wednesday, April 24,
2002.

Due date of the first full draft of the manuscript is 4 weeks from when
writer receives approved outline.

When revisions to the manuscript are required, they will need to be made
extremely rapidly, perhups within 24 hours. DesignWnite will make every
effort to alert the writer as to when comments/requests for revisions are
expected: however, we may not be able to give prior notice at all times.

Sts. wees dosthydacctrerts es Sed. UGS Ipowae ls DWRITE 072638
",True,True,4.024,6.57
148,the natural environment research council,Image/Photo,medium,"SEA BIRD WRECK
IN THE IRISH SEA
AUTUMN 1969

THE NATURAL ENVIRONMENT RESEARCH COUNCIL
PUBLICATIONS SERIES C No4 1971 4

 
","SEA BIRD WRECK
IN THE IRISH SEA
AUTUMN 1969

THE NATURAL ENVIRONMENT RESEARCH COUNCIL
PUBLICATIONS SERIES C No4 1971 9

 
",True,True,1.761,0.719
149,series c no4,layout,medium,"SEA BIRD WRECK
IN THE IRISH SEA
AUTUMN 1969

THE NATURAL ENVIRONMENT RESEARCH COUNCIL
PUBLICATIONS SERIES C No4 1971 4

 
","SEA BIRD WRECK
IN THE IRISH SEA
AUTUMN 1969

THE NATURAL ENVIRONMENT RESEARCH COUNCIL
PUBLICATIONS SERIES C No4 1971 9

 
",True,True,1.574,0.738
150,25.9,table/list,simple,"Missouri Food Donation Program Page 8
By MASW Divisions and Counties January, 1970

COUNTY Population Families Estimated Participants In Public Public Assistance
In Population Food Donation Assistance Participants In Food
Poverty In Poverty Program Recipients Donation Program

(2) (2) (3) (4) (5)
No. No. Col. No. No. 6 Col.

Henry 19,000 1,013

Johnson 34,500 : 690

Lafayette 26 ,800 887

Miller 14,700 965

Moniteau 10,500

Morgan 9,800 696

Pettis 32,500

Saline 26 ,000

Footnotes:

(2) Estimates by the Bureau of the Census, 1966.
(2) OEO Community Profile Data, 1966.

(3) MASW Estimate of Persons in Poverty, 1970.

(4) Missouri Division of Welfare, Monthly Report, November, 1969.

(5) Missouri Division of Welfare, Monthly Administrative Analysis, October, 1969.

(6) Missouri Division of Welfare, Monthly Report, November, 1969.

 

ource: https:/Awww.industrydocuments.ucsf.edu/docs/jjvg0227
","Missouri Food Donation Program Page 8
By MASW Divisions and Counties January, 1970

COUNTY Population Families Estimated Participants In Public Public Assistance
In Population Food Donation Assistance Participants In Food
Poverty In Poverty Program Recipients Donation Program
(1) (2) (3) (4) (5)
No. No. Col. No. No. » Col.
Henry 19,000 1,013
Johnson 34,500 . 690
Lafayette 26 ,800 887
Miller 34, 700 9 965
Moniteau 10,500
Morgan 9,800
Pettis 32 5500

Saline 26 ,000

Footnotes:

(2) Estimates by the Bureau of the Census, 1966.
(2) OEO Community Profile Data, 1966.

(3) MASW Estimate of Persons in Poverty, 1970.

(4) Missouri Division of Welfere, Monthly Report, November, 1969.

(5) Missouri Division of Welfare, Monthly Administrative Analysis, October, 1969.

(6) Missouri Division of Welfare, Monthly Report, November, 1969.

 
",False,False,2.992,2.602
151,18 million,free_text,simple,"DOMESTIC PRODUCT DEVELOPMENT (cont’d.)

POL 0911, B&H Menthol versus Salem 100 - B&H Menthol, without print down rod, are
being produced in Cabarrus this week.

HTI 1723, Marlboro Lights Menthol versus Salem Lights 100’s samples are being
produced in Louisville this week. :

Market Research

HTI 2526 and HTI 2532, Marlboro 80 Box versus Camel 80 Box - These samples have
been approved for shipment on 6/4/90.

INTERNATIONAL PRODUCT DEVELOPMENT
PM Super Lights (Hong Kong)
Production start-up of Philip Morris Super Lights Menthol began the 6th of June at the

Manufacturing Center. The 18 million order is to be shipped to Hong Kong in preparation for a
July 1 launch.

Project Ring (Korea)

Cigarettes for PMI test #13 (Parliament KS 9mg versus 88 Lights) have been approved and
shipped to the warehouse.

Seoul Consumer Panel Testing (Korea)

Cigarettes for SCP #9 (88 Lights versus PM Super Lights carbon loading study) have been
approved and shipped to the warehouse. Filters have been made and combined for SCP #10
(Parliament filter study).

Merit Lights (Hong Kong)

Cigarettes for PMI testing of Merit Lights prototype versus Kent have been produced and
are under analysis.

psssstzzoz
","DOMESTIC PRODUCT DEVELOPMENT (cont’d.)

POL 0911, B&H Menthol versus Salem 100 - B&H Menthol, without print down rod, are
being produced in Cabarrus this week.

HTI 1723, Marlboro Lights Menthol versus Salem Lights 100’s samples are being
produced in Louisville this week.

Market Research

HTI 2526 and HTI 2532, Marlboro 80 Box versus Camel 80 Box - These samples have
been approved for shipment on 6/4/90.

INTERNATIONAL PRODUCT DEVELOPMENT.

PM Super Lights (Hong Kong)
Production start-up of Philip Morris Super Lights Menthol began the 6th of June at the

Manufacturing Center. The 18 million order is to be shipped to Hong Kong in preparation for a
July 1 launch.

Project Ring (Korea)

Cigarettes for PMI test #13 (Parliament KS 9mg versus 88 Lights) have been approved and
shipped to the warehouse.

Seoul Consumer Panel Testing (Korea)
Cigarettes for SCP #9 (88 Lights versus PM Super Lights carbon loading study) have been

approved and shipped to the warehouse. Filters have been made and combined for SCP #10
(Parliament filter study).

Merit Lights (Hong Kong)

Cigarettes for PMI testing of Merit Lights prototype versus Kent have been produced and
are under analysis.

psssstezoz
",True,True,4.597,3.304
152,Philip Morris Super Lights,free_text,medium,"DOMESTIC PRODUCT DEVELOPMENT (cont’d.)

POL 0911, B&H Menthol versus Salem 100 - B&H Menthol, without print down rod, are
being produced in Cabarrus this week.

HTI 1723, Marlboro Lights Menthol versus Salem Lights 100’s samples are being
produced in Louisville this week. :

Market Research

HTI 2526 and HTI 2532, Marlboro 80 Box versus Camel 80 Box - These samples have
been approved for shipment on 6/4/90.

INTERNATIONAL PRODUCT DEVELOPMENT
PM Super Lights (Hong Kong)
Production start-up of Philip Morris Super Lights Menthol began the 6th of June at the

Manufacturing Center. The 18 million order is to be shipped to Hong Kong in preparation for a
July 1 launch.

Project Ring (Korea)

Cigarettes for PMI test #13 (Parliament KS 9mg versus 88 Lights) have been approved and
shipped to the warehouse.

Seoul Consumer Panel Testing (Korea)

Cigarettes for SCP #9 (88 Lights versus PM Super Lights carbon loading study) have been
approved and shipped to the warehouse. Filters have been made and combined for SCP #10
(Parliament filter study).

Merit Lights (Hong Kong)

Cigarettes for PMI testing of Merit Lights prototype versus Kent have been produced and
are under analysis.

psssstzzoz
","DOMESTIC PRODUCT DEVELOPMENT (cont’d.)

POL 0911, B&H Menthol versus Salem 100 - B&H Menthol, without print down rod, are
being produced in Cabarrus this week.

HTI 1723, Marlboro Lights Menthol versus Salem Lights 100’s samples are being
produced in Louisville this week.

Market Research

HTI 2526 and HTI 2532, Marlboro 80 Box versus Camel 80 Box - These samples have
been approved for shipment on 6/4/90.

INTERNATIONAL PRODUCT DEVELOPMENT.

PM Super Lights (Hong Kong)
Production start-up of Philip Morris Super Lights Menthol began the 6th of June at the

Manufacturing Center. The 18 million order is to be shipped to Hong Kong in preparation for a
July 1 launch.

Project Ring (Korea)

Cigarettes for PMI test #13 (Parliament KS 9mg versus 88 Lights) have been approved and
shipped to the warehouse.

Seoul Consumer Panel Testing (Korea)
Cigarettes for SCP #9 (88 Lights versus PM Super Lights carbon loading study) have been

approved and shipped to the warehouse. Filters have been made and combined for SCP #10
(Parliament filter study).

Merit Lights (Hong Kong)

Cigarettes for PMI testing of Merit Lights prototype versus Kent have been produced and
are under analysis.

psssstezoz
",True,True,2.706,3.114
153,690,table/list,simple,"Missouri Food Donation Program Page 8
By MASW Divisions and Counties January, 1970

COUNTY Population Families Estimated Participants In Public Public Assistance
In Population Food Donation Assistance Participants In Food
Poverty In Poverty Program Recipients Donation Program

(2) (2) (3) (4) (5)
No. No. Col. No. No. 6 Col.

Henry 19,000 1,013

Johnson 34,500 : 690

Lafayette 26 ,800 887

Miller 14,700 965

Moniteau 10,500

Morgan 9,800 696

Pettis 32,500

Saline 26 ,000

Footnotes:

(2) Estimates by the Bureau of the Census, 1966.
(2) OEO Community Profile Data, 1966.

(3) MASW Estimate of Persons in Poverty, 1970.

(4) Missouri Division of Welfare, Monthly Report, November, 1969.

(5) Missouri Division of Welfare, Monthly Administrative Analysis, October, 1969.

(6) Missouri Division of Welfare, Monthly Report, November, 1969.

 

ource: https:/Awww.industrydocuments.ucsf.edu/docs/jjvg0227
","Missouri Food Donation Program Page 8
By MASW Divisions and Counties January, 1970

COUNTY Population Families Estimated Participants In Public Public Assistance
In Population Food Donation Assistance Participants In Food
Poverty In Poverty Program Recipients Donation Program
(1) (2) (3) (4) (5)
No. No. Col. No. No. » Col.
Henry 19,000 1,013
Johnson 34,500 . 690
Lafayette 26 ,800 887
Miller 34, 700 9 965
Moniteau 10,500
Morgan 9,800
Pettis 32 5500

Saline 26 ,000

Footnotes:

(2) Estimates by the Bureau of the Census, 1966.
(2) OEO Community Profile Data, 1966.

(3) MASW Estimate of Persons in Poverty, 1970.

(4) Missouri Division of Welfere, Monthly Report, November, 1969.

(5) Missouri Division of Welfare, Monthly Administrative Analysis, October, 1969.

(6) Missouri Division of Welfare, Monthly Report, November, 1969.

 
",True,True,4.47,3.32
154,INTER-OFFICE CORRESPONDENCE,layout,simple,"ant

PHILIP MORRIS. U.S.A.
INTER-OFFICE. CORRESPONDENCE
Richmond, Virginia

To: -Dr. Richard Carchman Date: May. 9, 1990

From: -Maria Shulleeta

Subject: .Prospective Alternate Preservatives.List for Phase I Screening

After examining pertinant literature and discussing with knowledgeable PMI personnel the
company’s continuing need for an alternate preservative for the RL process., a number of
compounds have been identified for screening in:Phase I preservative assays. Some of these:
compounds:are. known tobacco constituents whose structures are similiar to other compounds.
which have demonstrated significant antimicrobial activity in our assays. Other compounds on:
the proposed list are.essential oils or essential oil components which.are known to have
antimicrobial activity in other test systems. The-prospective test compounds are listed below
with their CAS numbers (where known).. Please comment on the acceptability of the use of
these compounds in our processes.. It is important to consider that any compound that is would
have to be:effective (complete inhibition of bacterial growth for 24 hours) at low dose:(<300:
g/ml) in Phase I screening before subsequent testing in the Phase III fermentor-scale.assay or
subjective screening would be suggested. Inevaluating the listed compounds, please indicate.a

 

 

 

 

 

 

priority for screening by rating the compounds for acceptability (e.g., very acceptable Mono
Lo \ compounds. would be rated ""1"" and consequently tested first). Gece
% ABE
Compound ‘AS number
KTECS MONO sapeeasiiene AAS
Sclareol 515-03-7 . .
—_ Sclaréolide  564-20-5 vS e
en ee eo ae
“9 phenylethyi valerate 7460-74-47 a“
W5pR UTECS “Mone o. Phenyl acetic acid a a 103-82-2 eo by et
recs ___Abietic acid E4103 ti
ee Xanthophyl tS _
RTECS. Suoe Basil oil 7 ~8015- -73- 40
 Rtecs oro: Bay oil oe $OO-I€- e
“spe erecs mowo Cuminoil 8014-13-97 &
Recs Monio. Lemongrass oil — 8007-02-14 BD
Weve erecs tiomg Carawayoil ~ 8000-42-68 4 N
TDR RTECS Mono Orange oil “goor-§ 1-9 a
tewe Oakmoss oil _ 9000- 50-4 f oe on)
_ bnece owe > Phenylacetaldehyde _ 122 Y a
©
","ane

PHILIP MORRIS. U. S..A.
INTER-OFFICE CORRESPONDENCE

Richmond, Virginia

To: .Dr. Richard Carchman Date: May 9, 1990
From: -Maria Shulleeta

Subject: Prospective Alternate Preservatives.List for Phase I Screening

After examining pertinant literature and discussing with knowledgeable PMI personnel the
company’s continuing need for an alternate preservative for the RL process , a number of
compounds have been identified for screening in Phase I preservative assays. Some of these
compounds are known tobacco constituents whose structures are similiar to other compounds
which have demonstrated significant antimicrobial activity in our assays. Other compounds on
the proposedilist are essential oils or essential oil components which are known to have
antimicrobial activity in other test systems. The prospective test compounds are listed below
with their CAS numbers (where known). Please comment on the acceptability. of the use of
these compounds in our processes. It is important to consider that any compound that is would
have to be effective (complete inhibition of bacterial growth for 24 hours) at low dose (<300
pg/ml) in Phase I screening before subsequent testing in the Phase II fermentor-scale assay or
subjective screening would be suggested. In evaluating the listed compounds, please indicate a

 

 

 

 

priority for screening by rating the compounds for acceptability (e.g., very acceptable Mono
J. compounds would be rated ""1"" and consequently tested first). Orcs
¢ HDB.
Compound CAS number
izecs ow Caryophyllene 87-44-5  v
‘Sclareol ~ 515-03-7 : .
Stati Bea
woe FieCe Fumarie Acid HHOBRD OTS VINE 4
“oe 2-phenylethyl valerate 7460-74-4 ~“ bo
Spb UTECS “MoNe_ Phenyl acetic acid . _ -103-82+ 2 ber eh
meee ~“Abietic acid : __ ""514-10-3 4 t'
Te ~~ Xanthophyil 1QTe wo- “2 _
tees Meio Basiloil = 8015-73-4 Yo
“Rrecs mono Bay oil oe OCC
lepe__Prece mona Cumin oi s01413-9 7 3
recs oxo Lemongrass oil — 8007-021 /— wD
eke FTeCS kava Caraway oi : - 8000-42-84 N
Uede 2 RTECS. Moyo Orange oil OOE- 5 1-F on
~ taco Oakmoss oil _ 9000- 50-4 S _ for)
~ prpes ono Phenylacetaldehyde — 122-781 2
©

 

SCUTCE! TIps Vel stpydocdr er ts UeShedd Goes Le yuoe ¢
",False,True,6.719,8.468
155,"Hartsville , TN",form,medium,"Attachment 2

Effective Date %.- 2¥- Joo (

RJRT’s Authorized Agent and Point of Delivery

 

1. RJRT Authorized Agent: & one

HOLDER'S BURLEY
EXCHANGE, L.L.C.
314 East Main Street
2. Point of Delivery: | Hartsville, TN 37074

Grower:

RJRT Representative:

 

Page 10 of 12

ZLB6 TS8ETS
","Attachment 2

Effective Date 3... 2¥- foo (

RJRT’s Authorized Agent and Point of Delivery

 

1. RURT Authorized Agent: . w dns
| HOLDER'S BURLEY
bo EXCHANGE, L.L.C.
| 314 East Main Street

2. Point of Delivery: | Hartsville, TN 37074

|

Grower:

RJRT Representative:

 

Page 10 of 12

cLb6 TSETS
",False,False,1.122,1.065
156,21.0,table/list,simple,"Missouri Food Donation Program Page 8
By MASW Divisions and Counties January, 1970

COUNTY Population Families Estimated Participants In Public Public Assistance
In Population Food Donation Assistance Participants In Food
Poverty In Poverty Program Recipients Donation Program

(2) (2) (3) (4) (5)
No. No. Col. No. No. 6 Col.

Henry 19,000 1,013

Johnson 34,500 : 690

Lafayette 26 ,800 887

Miller 14,700 965

Moniteau 10,500

Morgan 9,800 696

Pettis 32,500

Saline 26 ,000

Footnotes:

(2) Estimates by the Bureau of the Census, 1966.
(2) OEO Community Profile Data, 1966.

(3) MASW Estimate of Persons in Poverty, 1970.

(4) Missouri Division of Welfare, Monthly Report, November, 1969.

(5) Missouri Division of Welfare, Monthly Administrative Analysis, October, 1969.

(6) Missouri Division of Welfare, Monthly Report, November, 1969.

 

ource: https:/Awww.industrydocuments.ucsf.edu/docs/jjvg0227
","Missouri Food Donation Program Page 8
By MASW Divisions and Counties January, 1970

COUNTY Population Families Estimated Participants In Public Public Assistance
In Population Food Donation Assistance Participants In Food
Poverty In Poverty Program Recipients Donation Program
(1) (2) (3) (4) (5)
No. No. Col. No. No. » Col.
Henry 19,000 1,013
Johnson 34,500 . 690
Lafayette 26 ,800 887
Miller 34, 700 9 965
Moniteau 10,500
Morgan 9,800
Pettis 32 5500

Saline 26 ,000

Footnotes:

(2) Estimates by the Bureau of the Census, 1966.
(2) OEO Community Profile Data, 1966.

(3) MASW Estimate of Persons in Poverty, 1970.

(4) Missouri Division of Welfere, Monthly Report, November, 1969.

(5) Missouri Division of Welfare, Monthly Administrative Analysis, October, 1969.

(6) Missouri Division of Welfare, Monthly Report, November, 1969.

 
",False,False,3.049,2.572
157,Maria Shulleeta,form,simple,"ant

PHILIP MORRIS. U.S.A.
INTER-OFFICE. CORRESPONDENCE
Richmond, Virginia

To: -Dr. Richard Carchman Date: May. 9, 1990

From: -Maria Shulleeta

Subject: .Prospective Alternate Preservatives.List for Phase I Screening

After examining pertinant literature and discussing with knowledgeable PMI personnel the
company’s continuing need for an alternate preservative for the RL process., a number of
compounds have been identified for screening in:Phase I preservative assays. Some of these:
compounds:are. known tobacco constituents whose structures are similiar to other compounds.
which have demonstrated significant antimicrobial activity in our assays. Other compounds on:
the proposed list are.essential oils or essential oil components which.are known to have
antimicrobial activity in other test systems. The-prospective test compounds are listed below
with their CAS numbers (where known).. Please comment on the acceptability of the use of
these compounds in our processes.. It is important to consider that any compound that is would
have to be:effective (complete inhibition of bacterial growth for 24 hours) at low dose:(<300:
g/ml) in Phase I screening before subsequent testing in the Phase III fermentor-scale.assay or
subjective screening would be suggested. Inevaluating the listed compounds, please indicate.a

 

 

 

 

 

 

priority for screening by rating the compounds for acceptability (e.g., very acceptable Mono
Lo \ compounds. would be rated ""1"" and consequently tested first). Gece
% ABE
Compound ‘AS number
KTECS MONO sapeeasiiene AAS
Sclareol 515-03-7 . .
—_ Sclaréolide  564-20-5 vS e
en ee eo ae
“9 phenylethyi valerate 7460-74-47 a“
W5pR UTECS “Mone o. Phenyl acetic acid a a 103-82-2 eo by et
recs ___Abietic acid E4103 ti
ee Xanthophyl tS _
RTECS. Suoe Basil oil 7 ~8015- -73- 40
 Rtecs oro: Bay oil oe $OO-I€- e
“spe erecs mowo Cuminoil 8014-13-97 &
Recs Monio. Lemongrass oil — 8007-02-14 BD
Weve erecs tiomg Carawayoil ~ 8000-42-68 4 N
TDR RTECS Mono Orange oil “goor-§ 1-9 a
tewe Oakmoss oil _ 9000- 50-4 f oe on)
_ bnece owe > Phenylacetaldehyde _ 122 Y a
©
","ane

PHILIP MORRIS. U. S..A.
INTER-OFFICE CORRESPONDENCE

Richmond, Virginia

To: .Dr. Richard Carchman Date: May 9, 1990
From: -Maria Shulleeta

Subject: Prospective Alternate Preservatives.List for Phase I Screening

After examining pertinant literature and discussing with knowledgeable PMI personnel the
company’s continuing need for an alternate preservative for the RL process , a number of
compounds have been identified for screening in Phase I preservative assays. Some of these
compounds are known tobacco constituents whose structures are similiar to other compounds
which have demonstrated significant antimicrobial activity in our assays. Other compounds on
the proposedilist are essential oils or essential oil components which are known to have
antimicrobial activity in other test systems. The prospective test compounds are listed below
with their CAS numbers (where known). Please comment on the acceptability. of the use of
these compounds in our processes. It is important to consider that any compound that is would
have to be effective (complete inhibition of bacterial growth for 24 hours) at low dose (<300
pg/ml) in Phase I screening before subsequent testing in the Phase II fermentor-scale assay or
subjective screening would be suggested. In evaluating the listed compounds, please indicate a

 

 

 

 

priority for screening by rating the compounds for acceptability (e.g., very acceptable Mono
J. compounds would be rated ""1"" and consequently tested first). Orcs
¢ HDB.
Compound CAS number
izecs ow Caryophyllene 87-44-5  v
‘Sclareol ~ 515-03-7 : .
Stati Bea
woe FieCe Fumarie Acid HHOBRD OTS VINE 4
“oe 2-phenylethyl valerate 7460-74-4 ~“ bo
Spb UTECS “MoNe_ Phenyl acetic acid . _ -103-82+ 2 ber eh
meee ~“Abietic acid : __ ""514-10-3 4 t'
Te ~~ Xanthophyil 1QTe wo- “2 _
tees Meio Basiloil = 8015-73-4 Yo
“Rrecs mono Bay oil oe OCC
lepe__Prece mona Cumin oi s01413-9 7 3
recs oxo Lemongrass oil — 8007-021 /— wD
eke FTeCS kava Caraway oi : - 8000-42-84 N
Uede 2 RTECS. Moyo Orange oil OOE- 5 1-F on
~ taco Oakmoss oil _ 9000- 50-4 S _ for)
~ prpes ono Phenylacetaldehyde — 122-781 2
©

 

SCUTCE! TIps Vel stpydocdr er ts UeShedd Goes Le yuoe ¢
",True,True,8.79,6.727
158,- 2 -,layout,medium,"a

IV.

3:15

INTER AND INTRA

A.

B.

c.

dD.

E.

NIEHS

DA

NCTA seo

UOFA

Canada

me

FEDERAL COVERNMENT COORDINATION

SS TT UV UV UV. 11 It

~~,
Siren see:
oii

.

YOUCUTTeT ts. Us! COU UOCS/ CVIDUZ Ze
","-2-

IV. INTER AND INTRA FEDEPAL COVEPHNENT COORDINATION

A. NIEHS

B. ODA

c.

D.

 
",False,False,2.43,1.243
159,inter and intra federal government coordination,layout,medium,"a

IV.

3:15

INTER AND INTRA

A.

B.

c.

dD.

E.

NIEHS

DA

NCTA seo

UOFA

Canada

me

FEDERAL COVERNMENT COORDINATION

SS TT UV UV UV. 11 It

~~,
Siren see:
oii

.

YOUCUTTeT ts. Us! COU UOCS/ CVIDUZ Ze
","-2-

IV. INTER AND INTRA FEDEPAL COVEPHNENT COORDINATION

A. NIEHS

B. ODA

c.

D.

 
",False,False,1.62,0.732
160,charles d. nesbit,table/list,medium,"9:53 to

10:08 a.m.

10:09 to

10:59 a.m.

10:59 to

11:14 a.m.

MONDAY, MAY 15

Exhibits Open
Capt. Jack Stoney Room

OPENING GENERAL SESSION
Leamington Hall

(Ladies are invited to hear Dr.
Klaus and Dr. Feinberg)

Presiding: Charles D. Nesbit,
IARW Chairman

“Opening Remarks”
Charles D. Nesbit, IARW Chair-
man

Report of IARW Nominating Com-
mittee
James G. Talbot, Chairman

Report of TRRF Nominating Com-
mittee
Willis S. McLeese, Chairman

“Be Tomorrow’s Person Today”
Dr. Gunther Klaus, Managing
Director, Institute for Advanced
Planning, Beverly Hills, Califor-
nia

Questions and Answers

“People Are Your Future. For
Good or Ill, You and Your Com-
pany Depend on Their Wisdom,
Their Motivation and Their
Energy”
Dr. Mortimer R. Feinberg, Chair-
man of the Board, BFS Psycho-
logical Associates, Inc., New
York City

Questions and Answers

 
","9:53 to

10:08 a.m.

10:09 to
10:59 a.m

10:59 to
11:14am

MONDAY, MAY 15

Exhibits Open
Capt. Jack Stoney Room

OPENING GENERAL SESSION
Leamington Hall

(Ladies are invited to hear Dr
Klaus and Dr. Feinberg)

Presiding: Charles D. Nesbit.
IARW Chairman

“Opening Remarks”
Charles D. Nesbit. IARW Chair-
man

Report of IARW Nominating Com-
mittee
James G. Talbot. Chairman

Report of TRRF Nominating Com-
mittee
Willis S. McLeese, Chairman

“Be Tomorrow's Person Today”
Dr. Gunther Kiaus. Managing
Director. Institute for Advanced
Planning, Beverly Hills, Califor-
nia

Questions and Answers

“People Are Your Future. For
Good or Ill, You and Your Com-
pany Depend on Their Wisdom,
Their Motivation and Their
Energy”
Dr. Mortimer R. Feinberg, Chatr-
man of the Board. BFS Psycho-
logical Associates. Inc.. New
York City

Questions and Answers

 
",True,True,2.311,2.262
161,the organizing committee,layout,medium,"The Organizing Committee
is honored to invite you to participate
in the

sponsored by the
Mexican Government
and the
International Union of
Nutritional Sciences
(IUNS)
which will take place in the
CONGRESS UNIT of the CENTRO
MEDICO NACIONAL in Mexico City

from September 3 to 9, 1972.

The Congress will essentially consist of
symposia and colloquia, by invitation and
short communications. In the symposia,
particular attention will be given to the
nutritional problems of underdeveloped
human groups.

Official Languages: English, French and
Spanish

 
","The Organizing Committee
is honored to invite you to participate
in the

sponsored by the
Mexican Government
and the
International Union of
Nutritional Sciences
(UNS)
which will take place in the
CONGRESS UNIT of the CENTRO
MEDICO NACIONAL in Mexico City

from September 3 to 9, 1972.

The Congress will essentially consist of

symposia and colloquia, by invitation and

short communications. In the symposia,

particular attention will be given to the

nutritional problems of underdeveloped
human groups.

Official Languages: English, French and
Spanish

 
",True,True,1.539,1.315
162,international union of nutritional sciences,layout,medium,"The Organizing Committee
is honored to invite you to participate
in the

sponsored by the
Mexican Government
and the
International Union of
Nutritional Sciences
(IUNS)
which will take place in the
CONGRESS UNIT of the CENTRO
MEDICO NACIONAL in Mexico City

from September 3 to 9, 1972.

The Congress will essentially consist of
symposia and colloquia, by invitation and
short communications. In the symposia,
particular attention will be given to the
nutritional problems of underdeveloped
human groups.

Official Languages: English, French and
Spanish

 
","The Organizing Committee
is honored to invite you to participate
in the

sponsored by the
Mexican Government
and the
International Union of
Nutritional Sciences
(UNS)
which will take place in the
CONGRESS UNIT of the CENTRO
MEDICO NACIONAL in Mexico City

from September 3 to 9, 1972.

The Congress will essentially consist of

symposia and colloquia, by invitation and

short communications. In the symposia,

particular attention will be given to the

nutritional problems of underdeveloped
human groups.

Official Languages: English, French and
Spanish

 
",False,False,2.449,2.286
163,8:15 to 8:56 a.m.,table/list,medium,"9:53 to

10:08 a.m.

10:09 to

10:59 a.m.

10:59 to

11:14 a.m.

MONDAY, MAY 15

Exhibits Open
Capt. Jack Stoney Room

OPENING GENERAL SESSION
Leamington Hall

(Ladies are invited to hear Dr.
Klaus and Dr. Feinberg)

Presiding: Charles D. Nesbit,
IARW Chairman

“Opening Remarks”
Charles D. Nesbit, IARW Chair-
man

Report of IARW Nominating Com-
mittee
James G. Talbot, Chairman

Report of TRRF Nominating Com-
mittee
Willis S. McLeese, Chairman

“Be Tomorrow’s Person Today”
Dr. Gunther Klaus, Managing
Director, Institute for Advanced
Planning, Beverly Hills, Califor-
nia

Questions and Answers

“People Are Your Future. For
Good or Ill, You and Your Com-
pany Depend on Their Wisdom,
Their Motivation and Their
Energy”
Dr. Mortimer R. Feinberg, Chair-
man of the Board, BFS Psycho-
logical Associates, Inc., New
York City

Questions and Answers

 
","9:53 to

10:08 a.m.

10:09 to
10:59 a.m

10:59 to
11:14am

MONDAY, MAY 15

Exhibits Open
Capt. Jack Stoney Room

OPENING GENERAL SESSION
Leamington Hall

(Ladies are invited to hear Dr
Klaus and Dr. Feinberg)

Presiding: Charles D. Nesbit.
IARW Chairman

“Opening Remarks”
Charles D. Nesbit. IARW Chair-
man

Report of IARW Nominating Com-
mittee
James G. Talbot. Chairman

Report of TRRF Nominating Com-
mittee
Willis S. McLeese, Chairman

“Be Tomorrow's Person Today”
Dr. Gunther Kiaus. Managing
Director. Institute for Advanced
Planning, Beverly Hills, Califor-
nia

Questions and Answers

“People Are Your Future. For
Good or Ill, You and Your Com-
pany Depend on Their Wisdom,
Their Motivation and Their
Energy”
Dr. Mortimer R. Feinberg, Chatr-
man of the Board. BFS Psycho-
logical Associates. Inc.. New
York City

Questions and Answers

 
",False,False,2.317,2.19
164,"september 3 to 9, 1972",layout,medium,"The Organizing Committee
is honored to invite you to participate
in the

sponsored by the
Mexican Government
and the
International Union of
Nutritional Sciences
(IUNS)
which will take place in the
CONGRESS UNIT of the CENTRO
MEDICO NACIONAL in Mexico City

from September 3 to 9, 1972.

The Congress will essentially consist of
symposia and colloquia, by invitation and
short communications. In the symposia,
particular attention will be given to the
nutritional problems of underdeveloped
human groups.

Official Languages: English, French and
Spanish

 
","The Organizing Committee
is honored to invite you to participate
in the

sponsored by the
Mexican Government
and the
International Union of
Nutritional Sciences
(UNS)
which will take place in the
CONGRESS UNIT of the CENTRO
MEDICO NACIONAL in Mexico City

from September 3 to 9, 1972.

The Congress will essentially consist of

symposia and colloquia, by invitation and

short communications. In the symposia,

particular attention will be given to the

nutritional problems of underdeveloped
human groups.

Official Languages: English, French and
Spanish

 
",True,True,1.547,1.307
165,charles d. nesbit,table/list,medium,"9:53 to

10:08 a.m.

10:09 to

10:59 a.m.

10:59 to

11:14 a.m.

MONDAY, MAY 15

Exhibits Open
Capt. Jack Stoney Room

OPENING GENERAL SESSION
Leamington Hall

(Ladies are invited to hear Dr.
Klaus and Dr. Feinberg)

Presiding: Charles D. Nesbit,
IARW Chairman

“Opening Remarks”
Charles D. Nesbit, IARW Chair-
man

Report of IARW Nominating Com-
mittee
James G. Talbot, Chairman

Report of TRRF Nominating Com-
mittee
Willis S. McLeese, Chairman

“Be Tomorrow’s Person Today”
Dr. Gunther Klaus, Managing
Director, Institute for Advanced
Planning, Beverly Hills, Califor-
nia

Questions and Answers

“People Are Your Future. For
Good or Ill, You and Your Com-
pany Depend on Their Wisdom,
Their Motivation and Their
Energy”
Dr. Mortimer R. Feinberg, Chair-
man of the Board, BFS Psycho-
logical Associates, Inc., New
York City

Questions and Answers

 
","9:53 to

10:08 a.m.

10:09 to
10:59 a.m

10:59 to
11:14am

MONDAY, MAY 15

Exhibits Open
Capt. Jack Stoney Room

OPENING GENERAL SESSION
Leamington Hall

(Ladies are invited to hear Dr
Klaus and Dr. Feinberg)

Presiding: Charles D. Nesbit.
IARW Chairman

“Opening Remarks”
Charles D. Nesbit. IARW Chair-
man

Report of IARW Nominating Com-
mittee
James G. Talbot. Chairman

Report of TRRF Nominating Com-
mittee
Willis S. McLeese, Chairman

“Be Tomorrow's Person Today”
Dr. Gunther Kiaus. Managing
Director. Institute for Advanced
Planning, Beverly Hills, Califor-
nia

Questions and Answers

“People Are Your Future. For
Good or Ill, You and Your Com-
pany Depend on Their Wisdom,
Their Motivation and Their
Energy”
Dr. Mortimer R. Feinberg, Chatr-
man of the Board. BFS Psycho-
logical Associates. Inc.. New
York City

Questions and Answers

 
",True,True,2.354,3.668
166,international congress of nutrition,layout,medium,"The Organizing Committee
is honored to invite you to participate
in the

sponsored by the
Mexican Government
and the
International Union of
Nutritional Sciences
(IUNS)
which will take place in the
CONGRESS UNIT of the CENTRO
MEDICO NACIONAL in Mexico City

from September 3 to 9, 1972.

The Congress will essentially consist of
symposia and colloquia, by invitation and
short communications. In the symposia,
particular attention will be given to the
nutritional problems of underdeveloped
human groups.

Official Languages: English, French and
Spanish

 
","The Organizing Committee
is honored to invite you to participate
in the

sponsored by the
Mexican Government
and the
International Union of
Nutritional Sciences
(UNS)
which will take place in the
CONGRESS UNIT of the CENTRO
MEDICO NACIONAL in Mexico City

from September 3 to 9, 1972.

The Congress will essentially consist of

symposia and colloquia, by invitation and

short communications. In the symposia,

particular attention will be given to the

nutritional problems of underdeveloped
human groups.

Official Languages: English, French and
Spanish

 
",False,False,1.931,1.325
167,mexican government,layout,simple,"The Organizing Committee
is honored to invite you to participate
in the

sponsored by the
Mexican Government
and the
International Union of
Nutritional Sciences
(IUNS)
which will take place in the
CONGRESS UNIT of the CENTRO
MEDICO NACIONAL in Mexico City

from September 3 to 9, 1972.

The Congress will essentially consist of
symposia and colloquia, by invitation and
short communications. In the symposia,
particular attention will be given to the
nutritional problems of underdeveloped
human groups.

Official Languages: English, French and
Spanish

 
","The Organizing Committee
is honored to invite you to participate
in the

sponsored by the
Mexican Government
and the
International Union of
Nutritional Sciences
(UNS)
which will take place in the
CONGRESS UNIT of the CENTRO
MEDICO NACIONAL in Mexico City

from September 3 to 9, 1972.

The Congress will essentially consist of

symposia and colloquia, by invitation and

short communications. In the symposia,

particular attention will be given to the

nutritional problems of underdeveloped
human groups.

Official Languages: English, French and
Spanish

 
",True,True,1.481,1.303
168,questions and answers,table/list,medium,"9:53 to

10:08 a.m.

10:09 to

10:59 a.m.

10:59 to

11:14 a.m.

MONDAY, MAY 15

Exhibits Open
Capt. Jack Stoney Room

OPENING GENERAL SESSION
Leamington Hall

(Ladies are invited to hear Dr.
Klaus and Dr. Feinberg)

Presiding: Charles D. Nesbit,
IARW Chairman

“Opening Remarks”
Charles D. Nesbit, IARW Chair-
man

Report of IARW Nominating Com-
mittee
James G. Talbot, Chairman

Report of TRRF Nominating Com-
mittee
Willis S. McLeese, Chairman

“Be Tomorrow’s Person Today”
Dr. Gunther Klaus, Managing
Director, Institute for Advanced
Planning, Beverly Hills, Califor-
nia

Questions and Answers

“People Are Your Future. For
Good or Ill, You and Your Com-
pany Depend on Their Wisdom,
Their Motivation and Their
Energy”
Dr. Mortimer R. Feinberg, Chair-
man of the Board, BFS Psycho-
logical Associates, Inc., New
York City

Questions and Answers

 
","9:53 to

10:08 a.m.

10:09 to
10:59 a.m

10:59 to
11:14am

MONDAY, MAY 15

Exhibits Open
Capt. Jack Stoney Room

OPENING GENERAL SESSION
Leamington Hall

(Ladies are invited to hear Dr
Klaus and Dr. Feinberg)

Presiding: Charles D. Nesbit.
IARW Chairman

“Opening Remarks”
Charles D. Nesbit. IARW Chair-
man

Report of IARW Nominating Com-
mittee
James G. Talbot. Chairman

Report of TRRF Nominating Com-
mittee
Willis S. McLeese, Chairman

“Be Tomorrow's Person Today”
Dr. Gunther Kiaus. Managing
Director. Institute for Advanced
Planning, Beverly Hills, Califor-
nia

Questions and Answers

“People Are Your Future. For
Good or Ill, You and Your Com-
pany Depend on Their Wisdom,
Their Motivation and Their
Energy”
Dr. Mortimer R. Feinberg, Chatr-
man of the Board. BFS Psycho-
logical Associates. Inc.. New
York City

Questions and Answers

 
",True,True,2.397,2.17
169,"english, french and spanish",form,medium,"The Organizing Committee
is honored to invite you to participate
in the

sponsored by the
Mexican Government
and the
International Union of
Nutritional Sciences
(IUNS)
which will take place in the
CONGRESS UNIT of the CENTRO
MEDICO NACIONAL in Mexico City

from September 3 to 9, 1972.

The Congress will essentially consist of
symposia and colloquia, by invitation and
short communications. In the symposia,
particular attention will be given to the
nutritional problems of underdeveloped
human groups.

Official Languages: English, French and
Spanish

 
","The Organizing Committee
is honored to invite you to participate
in the

sponsored by the
Mexican Government
and the
International Union of
Nutritional Sciences
(UNS)
which will take place in the
CONGRESS UNIT of the CENTRO
MEDICO NACIONAL in Mexico City

from September 3 to 9, 1972.

The Congress will essentially consist of

symposia and colloquia, by invitation and

short communications. In the symposia,

particular attention will be given to the

nutritional problems of underdeveloped
human groups.

Official Languages: English, French and
Spanish

 
",False,False,2.294,2.276
170,questions and answers,table/list,medium,"9:53 to

10:08 a.m.

10:09 to

10:59 a.m.

10:59 to

11:14 a.m.

MONDAY, MAY 15

Exhibits Open
Capt. Jack Stoney Room

OPENING GENERAL SESSION
Leamington Hall

(Ladies are invited to hear Dr.
Klaus and Dr. Feinberg)

Presiding: Charles D. Nesbit,
IARW Chairman

“Opening Remarks”
Charles D. Nesbit, IARW Chair-
man

Report of IARW Nominating Com-
mittee
James G. Talbot, Chairman

Report of TRRF Nominating Com-
mittee
Willis S. McLeese, Chairman

“Be Tomorrow’s Person Today”
Dr. Gunther Klaus, Managing
Director, Institute for Advanced
Planning, Beverly Hills, Califor-
nia

Questions and Answers

“People Are Your Future. For
Good or Ill, You and Your Com-
pany Depend on Their Wisdom,
Their Motivation and Their
Energy”
Dr. Mortimer R. Feinberg, Chair-
man of the Board, BFS Psycho-
logical Associates, Inc., New
York City

Questions and Answers

 
","9:53 to

10:08 a.m.

10:09 to
10:59 a.m

10:59 to
11:14am

MONDAY, MAY 15

Exhibits Open
Capt. Jack Stoney Room

OPENING GENERAL SESSION
Leamington Hall

(Ladies are invited to hear Dr
Klaus and Dr. Feinberg)

Presiding: Charles D. Nesbit.
IARW Chairman

“Opening Remarks”
Charles D. Nesbit. IARW Chair-
man

Report of IARW Nominating Com-
mittee
James G. Talbot. Chairman

Report of TRRF Nominating Com-
mittee
Willis S. McLeese, Chairman

“Be Tomorrow's Person Today”
Dr. Gunther Kiaus. Managing
Director. Institute for Advanced
Planning, Beverly Hills, Califor-
nia

Questions and Answers

“People Are Your Future. For
Good or Ill, You and Your Com-
pany Depend on Their Wisdom,
Their Motivation and Their
Energy”
Dr. Mortimer R. Feinberg, Chatr-
man of the Board. BFS Psycho-
logical Associates. Inc.. New
York City

Questions and Answers

 
",True,True,2.546,2.21
171,mexico city,layout,simple,"The Organizing Committee
is honored to invite you to participate
in the

sponsored by the
Mexican Government
and the
International Union of
Nutritional Sciences
(IUNS)
which will take place in the
CONGRESS UNIT of the CENTRO
MEDICO NACIONAL in Mexico City

from September 3 to 9, 1972.

The Congress will essentially consist of
symposia and colloquia, by invitation and
short communications. In the symposia,
particular attention will be given to the
nutritional problems of underdeveloped
human groups.

Official Languages: English, French and
Spanish

 
","The Organizing Committee
is honored to invite you to participate
in the

sponsored by the
Mexican Government
and the
International Union of
Nutritional Sciences
(UNS)
which will take place in the
CONGRESS UNIT of the CENTRO
MEDICO NACIONAL in Mexico City

from September 3 to 9, 1972.

The Congress will essentially consist of

symposia and colloquia, by invitation and

short communications. In the symposia,

particular attention will be given to the

nutritional problems of underdeveloped
human groups.

Official Languages: English, French and
Spanish

 
",True,True,1.536,1.341
172,charles d. nesbit,table/list,medium,"9:53 to

10:08 a.m.

10:09 to

10:59 a.m.

10:59 to

11:14 a.m.

MONDAY, MAY 15

Exhibits Open
Capt. Jack Stoney Room

OPENING GENERAL SESSION
Leamington Hall

(Ladies are invited to hear Dr.
Klaus and Dr. Feinberg)

Presiding: Charles D. Nesbit,
IARW Chairman

“Opening Remarks”
Charles D. Nesbit, IARW Chair-
man

Report of IARW Nominating Com-
mittee
James G. Talbot, Chairman

Report of TRRF Nominating Com-
mittee
Willis S. McLeese, Chairman

“Be Tomorrow’s Person Today”
Dr. Gunther Klaus, Managing
Director, Institute for Advanced
Planning, Beverly Hills, Califor-
nia

Questions and Answers

“People Are Your Future. For
Good or Ill, You and Your Com-
pany Depend on Their Wisdom,
Their Motivation and Their
Energy”
Dr. Mortimer R. Feinberg, Chair-
man of the Board, BFS Psycho-
logical Associates, Inc., New
York City

Questions and Answers

 
","9:53 to

10:08 a.m.

10:09 to
10:59 a.m

10:59 to
11:14am

MONDAY, MAY 15

Exhibits Open
Capt. Jack Stoney Room

OPENING GENERAL SESSION
Leamington Hall

(Ladies are invited to hear Dr
Klaus and Dr. Feinberg)

Presiding: Charles D. Nesbit.
IARW Chairman

“Opening Remarks”
Charles D. Nesbit. IARW Chair-
man

Report of IARW Nominating Com-
mittee
James G. Talbot. Chairman

Report of TRRF Nominating Com-
mittee
Willis S. McLeese, Chairman

“Be Tomorrow's Person Today”
Dr. Gunther Kiaus. Managing
Director. Institute for Advanced
Planning, Beverly Hills, Califor-
nia

Questions and Answers

“People Are Your Future. For
Good or Ill, You and Your Com-
pany Depend on Their Wisdom,
Their Motivation and Their
Energy”
Dr. Mortimer R. Feinberg, Chatr-
man of the Board. BFS Psycho-
logical Associates. Inc.. New
York City

Questions and Answers

 
",True,True,2.31,3.429
173,"february 7, 1994",form,medium,"we
Baw

BROWN & WILLIAMSON TGBACCO CORPORATION
RESEARCH & DEVELOPMENT

MEETING REPORT

SUBJECT: Reduced Ignition Propensity/498
PRESENT: J. Wu, F..&. St. Charles, L. C. Chao, R. A. Gonterman
MEETING DATE: February 7, 1994

ISSUE DATE: February 7, 1994

cc: Attendees, T, F. Riehl, A. McMurtrie, R. H. Honeycutt,
S. W. Brooks

The purpose of this meeting was to review the specific follow-up items
from the January 24th meeting.
"" Lee Chao

1. Run 17-21mm products and SAVANNAH Browns on RIP-& - Complete
(results attached).

2. Run 498057-062 cigarettes on RIP-4 - Done (results attached).

3. Run P4049-99, 99A, 99B, and 100 on RIP-4 ~ In progress (partial
results on RIP-6 attached).

4. Request Art Diesing approval of banded papers - Approved.
5S. Evaluate aluminum chloride as a burn retardant - In progress (a
result on GPC attached), Art Diesing approval still needed.
* Kelley St. Charles

1. Check with Ecusta on status of IR camera studies - Ecusta
getting data ready to be sent - In progress.

2. Check with KC to see if they could put bands “long-ways” - The
answer is negative.

3. Check on ""shrinking"" paper (Cogbill and others) - In progress,

584100573

 
","wy

Baw

BROWN & WILLIAMSON TOBACCO CORPORATION
RESEARCH & DEVELOPMENT

MEETING REPORT

SUBJECT: Reduced Ignition Propensity/498

PRESENT: J. Wu, F.-X. Sc. Charles, L. C. Chao, R. A. Gonterman
MEETING DATE: February 7, 1994

ISSUE DATE: February 7, 1994

CC: Attendees, T. F. Riehl, A. McMurcrie, R. H. Honeycutt,
S. W. Brooks

The purpose of this meeting was to review the specific follow-up items
from the January 24th meeting.
© Lee Chao

1. Run 17-21ma products and SAVANNAH Browns on RIP-4 - Complete
(results attached).

2. Run 498057-062 cigarettes on RIP-4& - Done (results attached).

3. Run P4049-99, 99A, 99B, and 100 on RIP-4& - Im progress (partial
results on RIP-6 attached).

4. Request Art Diesing approval of banded papers - Approved.
5. Evaluate aluminum chloride as a burn retardant - In progress (a
result on GPC attached). Art Diesing approval still needed.
© Kelley St. Charles

1. Check vith Ecusta on status of IR camera studies - Ecusta
getting data ready to be sent - In progress.

2. Check with KC to see if they could put bands “long-ways” - The
answer is negative,

3. Check on “shrinking” paper (Cogbill and others) - In progress,

584100573

 

Source: https mdustrydocuments west eduvdacsncjgg3 /

 
",True,True,4.415,3.911
174,brown & williamson tobacco corporation,layout,medium,"we
Baw

BROWN & WILLIAMSON TGBACCO CORPORATION
RESEARCH & DEVELOPMENT

MEETING REPORT

SUBJECT: Reduced Ignition Propensity/498
PRESENT: J. Wu, F..&. St. Charles, L. C. Chao, R. A. Gonterman
MEETING DATE: February 7, 1994

ISSUE DATE: February 7, 1994

cc: Attendees, T, F. Riehl, A. McMurtrie, R. H. Honeycutt,
S. W. Brooks

The purpose of this meeting was to review the specific follow-up items
from the January 24th meeting.
"" Lee Chao

1. Run 17-21mm products and SAVANNAH Browns on RIP-& - Complete
(results attached).

2. Run 498057-062 cigarettes on RIP-4 - Done (results attached).

3. Run P4049-99, 99A, 99B, and 100 on RIP-4 ~ In progress (partial
results on RIP-6 attached).

4. Request Art Diesing approval of banded papers - Approved.
5S. Evaluate aluminum chloride as a burn retardant - In progress (a
result on GPC attached), Art Diesing approval still needed.
* Kelley St. Charles

1. Check with Ecusta on status of IR camera studies - Ecusta
getting data ready to be sent - In progress.

2. Check with KC to see if they could put bands “long-ways” - The
answer is negative.

3. Check on ""shrinking"" paper (Cogbill and others) - In progress,

584100573

 
","wy

Baw

BROWN & WILLIAMSON TOBACCO CORPORATION
RESEARCH & DEVELOPMENT

MEETING REPORT

SUBJECT: Reduced Ignition Propensity/498

PRESENT: J. Wu, F.-X. Sc. Charles, L. C. Chao, R. A. Gonterman
MEETING DATE: February 7, 1994

ISSUE DATE: February 7, 1994

CC: Attendees, T. F. Riehl, A. McMurcrie, R. H. Honeycutt,
S. W. Brooks

The purpose of this meeting was to review the specific follow-up items
from the January 24th meeting.
© Lee Chao

1. Run 17-21ma products and SAVANNAH Browns on RIP-4 - Complete
(results attached).

2. Run 498057-062 cigarettes on RIP-4& - Done (results attached).

3. Run P4049-99, 99A, 99B, and 100 on RIP-4& - Im progress (partial
results on RIP-6 attached).

4. Request Art Diesing approval of banded papers - Approved.
5. Evaluate aluminum chloride as a burn retardant - In progress (a
result on GPC attached). Art Diesing approval still needed.
© Kelley St. Charles

1. Check vith Ecusta on status of IR camera studies - Ecusta
getting data ready to be sent - In progress.

2. Check with KC to see if they could put bands “long-ways” - The
answer is negative,

3. Check on “shrinking” paper (Cogbill and others) - In progress,

584100573

 

Source: https mdustrydocuments west eduvdacsncjgg3 /

 
",False,True,3.951,5.615
175,approved,free_text,simple,"we
Baw

BROWN & WILLIAMSON TGBACCO CORPORATION
RESEARCH & DEVELOPMENT

MEETING REPORT

SUBJECT: Reduced Ignition Propensity/498
PRESENT: J. Wu, F..&. St. Charles, L. C. Chao, R. A. Gonterman
MEETING DATE: February 7, 1994

ISSUE DATE: February 7, 1994

cc: Attendees, T, F. Riehl, A. McMurtrie, R. H. Honeycutt,
S. W. Brooks

The purpose of this meeting was to review the specific follow-up items
from the January 24th meeting.
"" Lee Chao

1. Run 17-21mm products and SAVANNAH Browns on RIP-& - Complete
(results attached).

2. Run 498057-062 cigarettes on RIP-4 - Done (results attached).

3. Run P4049-99, 99A, 99B, and 100 on RIP-4 ~ In progress (partial
results on RIP-6 attached).

4. Request Art Diesing approval of banded papers - Approved.
5S. Evaluate aluminum chloride as a burn retardant - In progress (a
result on GPC attached), Art Diesing approval still needed.
* Kelley St. Charles

1. Check with Ecusta on status of IR camera studies - Ecusta
getting data ready to be sent - In progress.

2. Check with KC to see if they could put bands “long-ways” - The
answer is negative.

3. Check on ""shrinking"" paper (Cogbill and others) - In progress,

584100573

 
","wy

Baw

BROWN & WILLIAMSON TOBACCO CORPORATION
RESEARCH & DEVELOPMENT

MEETING REPORT

SUBJECT: Reduced Ignition Propensity/498

PRESENT: J. Wu, F.-X. Sc. Charles, L. C. Chao, R. A. Gonterman
MEETING DATE: February 7, 1994

ISSUE DATE: February 7, 1994

CC: Attendees, T. F. Riehl, A. McMurcrie, R. H. Honeycutt,
S. W. Brooks

The purpose of this meeting was to review the specific follow-up items
from the January 24th meeting.
© Lee Chao

1. Run 17-21ma products and SAVANNAH Browns on RIP-4 - Complete
(results attached).

2. Run 498057-062 cigarettes on RIP-4& - Done (results attached).

3. Run P4049-99, 99A, 99B, and 100 on RIP-4& - Im progress (partial
results on RIP-6 attached).

4. Request Art Diesing approval of banded papers - Approved.
5. Evaluate aluminum chloride as a burn retardant - In progress (a
result on GPC attached). Art Diesing approval still needed.
© Kelley St. Charles

1. Check vith Ecusta on status of IR camera studies - Ecusta
getting data ready to be sent - In progress.

2. Check with KC to see if they could put bands “long-ways” - The
answer is negative,

3. Check on “shrinking” paper (Cogbill and others) - In progress,

584100573

 

Source: https mdustrydocuments west eduvdacsncjgg3 /

 
",True,True,3.637,4.039
176,"monday, may 15",layout,medium,"9:53 to

10:08 a.m.

10:09 to

10:59 a.m.

10:59 to

11:14 a.m.

MONDAY, MAY 15

Exhibits Open
Capt. Jack Stoney Room

OPENING GENERAL SESSION
Leamington Hall

(Ladies are invited to hear Dr.
Klaus and Dr. Feinberg)

Presiding: Charles D. Nesbit,
IARW Chairman

“Opening Remarks”
Charles D. Nesbit, IARW Chair-
man

Report of IARW Nominating Com-
mittee
James G. Talbot, Chairman

Report of TRRF Nominating Com-
mittee
Willis S. McLeese, Chairman

“Be Tomorrow’s Person Today”
Dr. Gunther Klaus, Managing
Director, Institute for Advanced
Planning, Beverly Hills, Califor-
nia

Questions and Answers

“People Are Your Future. For
Good or Ill, You and Your Com-
pany Depend on Their Wisdom,
Their Motivation and Their
Energy”
Dr. Mortimer R. Feinberg, Chair-
man of the Board, BFS Psycho-
logical Associates, Inc., New
York City

Questions and Answers

 
","9:53 to

10:08 a.m.

10:09 to
10:59 a.m

10:59 to
11:14am

MONDAY, MAY 15

Exhibits Open
Capt. Jack Stoney Room

OPENING GENERAL SESSION
Leamington Hall

(Ladies are invited to hear Dr
Klaus and Dr. Feinberg)

Presiding: Charles D. Nesbit.
IARW Chairman

“Opening Remarks”
Charles D. Nesbit. IARW Chair-
man

Report of IARW Nominating Com-
mittee
James G. Talbot. Chairman

Report of TRRF Nominating Com-
mittee
Willis S. McLeese, Chairman

“Be Tomorrow's Person Today”
Dr. Gunther Kiaus. Managing
Director. Institute for Advanced
Planning, Beverly Hills, Califor-
nia

Questions and Answers

“People Are Your Future. For
Good or Ill, You and Your Com-
pany Depend on Their Wisdom,
Their Motivation and Their
Energy”
Dr. Mortimer R. Feinberg, Chatr-
man of the Board. BFS Psycho-
logical Associates. Inc.. New
York City

Questions and Answers

 
",True,True,3.709,3.025
177,94.7680,table/list,simple," 

THE FOLLOWING IS SUFFICIENT FOR A 10,000 LB BATCH OF MT-768 D
INCLUDING UP TO A 200 LB PURGE

SCC OCC OGG OK CICK IIR ARK AIK I CK UOC AR COR ORI OK

CUT TOBACCO: MT-768 D  BST391 BEST PROTOTYPE, 327391
CASING: VIRGINIA ; C-727 TOTAL CASING AMOUNT: 894.3551 LBS
ITEM INGREDIENT MATERIAL # POUNDS
1 CELANDO 60-0130 94.7680
2 HALWAY 60-0560 142.1520
3 QUASER 60-1120 220.8094
4 GRELANTER 60-0280 199.0128
5 UKELON 60-2260 47.3840
6 XCF-2488 60-399T 5.7335
HOTANTIS 60-2520 184.4955 22.1297 GAL
HOTANTIS ADJUSTMENT..... 220.5854 26.4586 GAL

MIXING INSTRUCTIONS

1. ADD ALL INGREDIENTS TO HOTANTIS AT 110-120 F.
2. MIX THOROUGHLY.
3. HOLD AT 120 F. AND APPLY WITH AIR ATOMIZATION.

383232688
"," 

THE FOLLOWING IS SUFFICIENT FOR A 10,000 LB BATCH OF MT-768 D
INCLUDING UP TO A 200 LB PURGE

BRAC} OOOO ICO OCI IC IORI OOK IORI ICC OK I aK

CUT TOBACCO: MT-768 D BST391 BEST PROTOTYPE, 327391
CASING: VIRGINIA ; C-727 TOTAL CASING AMOUNT: 894.3551 LBS
ITEM INGREDIENT MATERIAL # POUNDS
1 CELANDO 60-0130 94.7680
2 HALWAY 60-0560 142.1520
3 QUASER 60-1120 220.8094
4 GRELANTER 60-0280 199.0128
5 UKELON 60-2260 47.3840
6 XCF-2488 60-399T 5.7335
HOTANTIS 60-2520 184.4955 22.1297 GAL
HOTANTIS ADJUSTMENT..... 220.5854 26.4586 GAL

MIXING INSTRUCTIONS

1. ADD ALL INGREDIENTS TO HOTANTIS AT 110-120 F.
2. MIX THOROUGHLY.
3. HOLD AT 120 F. AND APPLY WITH AIR ATOMIZATION.

383232688
",True,True,2.432,2.597
178,60-1120,table/list,simple," 

THE FOLLOWING IS SUFFICIENT FOR A 10,000 LB BATCH OF MT-768 D
INCLUDING UP TO A 200 LB PURGE

SCC OCC OGG OK CICK IIR ARK AIK I CK UOC AR COR ORI OK

CUT TOBACCO: MT-768 D  BST391 BEST PROTOTYPE, 327391
CASING: VIRGINIA ; C-727 TOTAL CASING AMOUNT: 894.3551 LBS
ITEM INGREDIENT MATERIAL # POUNDS
1 CELANDO 60-0130 94.7680
2 HALWAY 60-0560 142.1520
3 QUASER 60-1120 220.8094
4 GRELANTER 60-0280 199.0128
5 UKELON 60-2260 47.3840
6 XCF-2488 60-399T 5.7335
HOTANTIS 60-2520 184.4955 22.1297 GAL
HOTANTIS ADJUSTMENT..... 220.5854 26.4586 GAL

MIXING INSTRUCTIONS

1. ADD ALL INGREDIENTS TO HOTANTIS AT 110-120 F.
2. MIX THOROUGHLY.
3. HOLD AT 120 F. AND APPLY WITH AIR ATOMIZATION.

383232688
"," 

THE FOLLOWING IS SUFFICIENT FOR A 10,000 LB BATCH OF MT-768 D
INCLUDING UP TO A 200 LB PURGE

BRAC} OOOO ICO OCI IC IORI OOK IORI ICC OK I aK

CUT TOBACCO: MT-768 D BST391 BEST PROTOTYPE, 327391
CASING: VIRGINIA ; C-727 TOTAL CASING AMOUNT: 894.3551 LBS
ITEM INGREDIENT MATERIAL # POUNDS
1 CELANDO 60-0130 94.7680
2 HALWAY 60-0560 142.1520
3 QUASER 60-1120 220.8094
4 GRELANTER 60-0280 199.0128
5 UKELON 60-2260 47.3840
6 XCF-2488 60-399T 5.7335
HOTANTIS 60-2520 184.4955 22.1297 GAL
HOTANTIS ADJUSTMENT..... 220.5854 26.4586 GAL

MIXING INSTRUCTIONS

1. ADD ALL INGREDIENTS TO HOTANTIS AT 110-120 F.
2. MIX THOROUGHLY.
3. HOLD AT 120 F. AND APPLY WITH AIR ATOMIZATION.

383232688
",True,True,2.408,3.417
179,110-120 f,free_text,simple," 

THE FOLLOWING IS SUFFICIENT FOR A 10,000 LB BATCH OF MT-768 D
INCLUDING UP TO A 200 LB PURGE

SCC OCC OGG OK CICK IIR ARK AIK I CK UOC AR COR ORI OK

CUT TOBACCO: MT-768 D  BST391 BEST PROTOTYPE, 327391
CASING: VIRGINIA ; C-727 TOTAL CASING AMOUNT: 894.3551 LBS
ITEM INGREDIENT MATERIAL # POUNDS
1 CELANDO 60-0130 94.7680
2 HALWAY 60-0560 142.1520
3 QUASER 60-1120 220.8094
4 GRELANTER 60-0280 199.0128
5 UKELON 60-2260 47.3840
6 XCF-2488 60-399T 5.7335
HOTANTIS 60-2520 184.4955 22.1297 GAL
HOTANTIS ADJUSTMENT..... 220.5854 26.4586 GAL

MIXING INSTRUCTIONS

1. ADD ALL INGREDIENTS TO HOTANTIS AT 110-120 F.
2. MIX THOROUGHLY.
3. HOLD AT 120 F. AND APPLY WITH AIR ATOMIZATION.

383232688
"," 

THE FOLLOWING IS SUFFICIENT FOR A 10,000 LB BATCH OF MT-768 D
INCLUDING UP TO A 200 LB PURGE

BRAC} OOOO ICO OCI IC IORI OOK IORI ICC OK I aK

CUT TOBACCO: MT-768 D BST391 BEST PROTOTYPE, 327391
CASING: VIRGINIA ; C-727 TOTAL CASING AMOUNT: 894.3551 LBS
ITEM INGREDIENT MATERIAL # POUNDS
1 CELANDO 60-0130 94.7680
2 HALWAY 60-0560 142.1520
3 QUASER 60-1120 220.8094
4 GRELANTER 60-0280 199.0128
5 UKELON 60-2260 47.3840
6 XCF-2488 60-399T 5.7335
HOTANTIS 60-2520 184.4955 22.1297 GAL
HOTANTIS ADJUSTMENT..... 220.5854 26.4586 GAL

MIXING INSTRUCTIONS

1. ADD ALL INGREDIENTS TO HOTANTIS AT 110-120 F.
2. MIX THOROUGHLY.
3. HOLD AT 120 F. AND APPLY WITH AIR ATOMIZATION.

383232688
",True,True,3.469,2.509
180,4-30-92,handwritten,simple,"Toregle wood - Smoothness 4- B0-FG

3-5 minutes

Smoothness ,
~ Wty De fr thot ks where the sens. Js
~ covbonyls

Shannon: Bie Joy eal ackvily/ as pho se

= Sas fre phomdepiind J farvekinih J rym phos

~ oe ON ore forte
levitation - HOM, aervolern tn by omts,

~ Kespiy o vy dey.
é Boek be, Lundblowd work , ChEemsews é]
— In Flammation Lk Edema, pylttis —abyonchsoles |
-Ghasfesis Lue eC Fits, cliagtosis]
- cy fopaicily ~ grout 40% of Poarie sty iso. ae

>

# Thyoat ivwed = US smoothness |

Nwmwan - Defn. ef Srrvoefhness > obeenre of

“To help, wotlk fr consis ney

Liew cans, Is gas ph dif Fomebehveen kIg- fr?
2 pornoke

PM — bland 2° reow a/

@S6L 6SLTS

Tost of nvcodine — woybing vw Ocid s already ah tobteco

Ingvedients ssye
froesses thot smooth ouP nve-
","Torglewood - Smoothness 4-30-9%
3-5 minutes
Smoothness
~ Or Defry thet kilo where the sens. js
- carbonyls
Shannon: Boley sca| ackvily 4 as phos

~ Sm. ae pond pred g hevecdinnty gd Rye Pitvers

Ten ONy Oe pate
“Veritotonw - Hen, ocvolesn in by omts.

~ kespiyo vy de ,
, wd berg, lurdblawd work , CHEMSEWS E]
— In flommation Lh Zima, palottis —abponchsates |
-~Ghasfsis Lue e€ Flpvs, clitstos.s]
vey fopaicity ~ qrosuk 40% of Paice ty ison bs eb

# Thvoot iat Us smoothness ?

Adyeman, - Detn. 2f Srnovthness = obence of

-To hop, wotk fr coasis dency

OS6L 6SLTS

Siew. Is as yh. di fl Rawr be bvern Rie Pra?
fh — bland” Br rN prneke revety way .
Tosk of nvcodine ~ working vw cid s olreody on tobtace
Inyvediends i sSve

Prive sses thet Smooth dud Nye.

 
",False,False,2.671,2.725
181,laboratory research division,layout,medium,"Figure 1

ORGANIZATIONAL PLAN
LABORATORY RESEARCH DIVISION

THE SAMUEL ROBERTS NOBLE FOUNDATION, INC,

LABORATORY RESEARCH DIVISION

Research Service Lepartment Research Department

Ent ue

 

Library Stockroom irati Small Animal
q Section Section

 

cee Vata ww, tw.@ Cox ‘de on tw

ad Steclereracet ex \ Ln “ar

 
","Figure 1

ORGANIZATIONAL PLAN
LABORATORY RESEARCH DIVISION

THE SAMUEL ROBERTS NOBLE FOUNDATION, INC,

LABORATORY RESEARCH DIVISION

Research Service Lepartment

Patten,

Library Stockroom Growth and Respiratio Small Animal
Section Section

Dept WS

tebe ae

 
",True,True,2.879,1.953
182,University of Maine,free_text,medium,"sidestream TPM collection procedure. Correlation of the two sets of results was excellent. The
values Ecusta obtains for sidestream reduction are about 2/3 of the values we obtain.

Cigarettes have been requested in Semiworks for mechanistic studies of magnesium
containing papers.

A study was completed in the hand sheet lab to determine if drainage times for
magnesium carbonate fillers could be predicted by the amount of material centrifuged down
from an aqueous slurry in a given period of time. Such a correlation was indeed shown to exist.
This provides us with a screening tool to investigate whether or not fillers will have
unacceptably long drainage times.

Project Tomorrow

The second trial run of the “daubing dandy"" at the University of Maine took place last
week. Attempts to use a more viscous cellulose slurry in order to obtain well-defined bands
were not successful, The short distance between the ""daubing dandy"" and the couch roll did
not allow for sufficient drainage, and the still wet web continually wound itself around the first
press roll. When the cellulose level was cut in half, paper was made successfully. However,
band definition was not sufficient. The last attempt utilized a 2% microcrystalline cellulose as
the feedstock. Drainage time was adequate for this material, and a considerable amount of
paper was run. Band spreading still occurred; however, the resulting paper was clearly banded.
For the next trial a second shell will be made with 2 mm instead of 5 mm slits. This change
will lead to less band spreading. Work will be carried out in the hand sheet lab in order to find
a material which will increase slurry viscosity without increasing drainage time. Lastly,
attempts. will be made to increase.the distance between the dandy and the couch roll in order to
allow for longer drainage time.

PM Web

The patent specification from James River describing their proprietary cellulose acetate
web has been requested and will be sent.

We have located a Forest Products Laboratory in Madison, Wisconsin, which has
considerable experience in the acetylation of cellulose webs as well as cellulose pulps. They
have indicated that they would be quite willing to work with us on collaborative projects. We
are being sent a number of reprints and reports. Once we have looked these over, we will
negotiate a secrecy agreement, and visit the laboratory to discuss what they can do for us.

Miscellaneous

SSSSst2z02
","sidestream TPM collection procedure. Correlation of the two sets of results was excellent. The
values Ecusta obtains for sidestream reduction are about 2/3 of the values we obtain.

Cigarettes have been requested in Semiworks for mechanistic studies of magnesium
containing papers.

A study was completed in the hand sheet lab to determine if drainage times for
magnesium carbonate fillers could be predicted by the amount of material centrifuged down
from an aqueous slurry in a given period of time. Such a correlation was indeed shown to exist.
This provides us with a screening tool to investigate whether or not fillers will have
unacceptably long drainage times.

Project Tomorrow

The second trial run of the “daubing dandy"" at the University of Maine took place last
week, Attempts to use a more viscous cellulose slurry in order to obtain well-defined bands
were not successful The short distance between the “daubing dandy"" and the couch roll did
not allow for sufficient drainage, and the still wet web continually wound itself around the first
press roll. When the cellulose level was cut in half, paper was made successfully. However,
band definition was not sufficient. The last attempt utilized a 2% microcrystalline cellulose as
the feedstock. Drainage time was adequate for this material, and a considerable amount of
paper was run. Band spreading still occurred; however, the resulting paper was clearly banded.
For the next trial a second shell will be made with 2 mm instead of 5 mm slits. This change
will lead to less band spreading. Work will be carried out in the hand sheet lab in order to find
a material which will increase slurry viscosity without increasing drainage time. Lastly,
attempts will be made to increase the distance between the dandy and the couch roll in order to
allow for longer drainage time.

PM Web

The patent specification from James River describing their proprietary cellulose acetate
web has been requested and will be sent.

We have located a Forest Products Laboratory in Madison, Wisconsin, which has
considerable experience in the acetylation of cellulose webs as well as cellulose pulps. They
have indicated that they would be quite willing to work with us on collaborative projects. We
are being sent a number of reprints and reports. Once we have looked these over, we will
negotiate a secrecy agreement, and visit the laboratory to discuss what they can do for us.

Miscellaneous

SSSSst2z02z
",True,True,6.354,7.423
183,Forest Products Laboratory,free_text,medium,"sidestream TPM collection procedure. Correlation of the two sets of results was excellent. The
values Ecusta obtains for sidestream reduction are about 2/3 of the values we obtain.

Cigarettes have been requested in Semiworks for mechanistic studies of magnesium
containing papers.

A study was completed in the hand sheet lab to determine if drainage times for
magnesium carbonate fillers could be predicted by the amount of material centrifuged down
from an aqueous slurry in a given period of time. Such a correlation was indeed shown to exist.
This provides us with a screening tool to investigate whether or not fillers will have
unacceptably long drainage times.

Project Tomorrow

The second trial run of the “daubing dandy"" at the University of Maine took place last
week. Attempts to use a more viscous cellulose slurry in order to obtain well-defined bands
were not successful, The short distance between the ""daubing dandy"" and the couch roll did
not allow for sufficient drainage, and the still wet web continually wound itself around the first
press roll. When the cellulose level was cut in half, paper was made successfully. However,
band definition was not sufficient. The last attempt utilized a 2% microcrystalline cellulose as
the feedstock. Drainage time was adequate for this material, and a considerable amount of
paper was run. Band spreading still occurred; however, the resulting paper was clearly banded.
For the next trial a second shell will be made with 2 mm instead of 5 mm slits. This change
will lead to less band spreading. Work will be carried out in the hand sheet lab in order to find
a material which will increase slurry viscosity without increasing drainage time. Lastly,
attempts. will be made to increase.the distance between the dandy and the couch roll in order to
allow for longer drainage time.

PM Web

The patent specification from James River describing their proprietary cellulose acetate
web has been requested and will be sent.

We have located a Forest Products Laboratory in Madison, Wisconsin, which has
considerable experience in the acetylation of cellulose webs as well as cellulose pulps. They
have indicated that they would be quite willing to work with us on collaborative projects. We
are being sent a number of reprints and reports. Once we have looked these over, we will
negotiate a secrecy agreement, and visit the laboratory to discuss what they can do for us.

Miscellaneous

SSSSst2z02
","sidestream TPM collection procedure. Correlation of the two sets of results was excellent. The
values Ecusta obtains for sidestream reduction are about 2/3 of the values we obtain.

Cigarettes have been requested in Semiworks for mechanistic studies of magnesium
containing papers.

A study was completed in the hand sheet lab to determine if drainage times for
magnesium carbonate fillers could be predicted by the amount of material centrifuged down
from an aqueous slurry in a given period of time. Such a correlation was indeed shown to exist.
This provides us with a screening tool to investigate whether or not fillers will have
unacceptably long drainage times.

Project Tomorrow

The second trial run of the “daubing dandy"" at the University of Maine took place last
week, Attempts to use a more viscous cellulose slurry in order to obtain well-defined bands
were not successful The short distance between the “daubing dandy"" and the couch roll did
not allow for sufficient drainage, and the still wet web continually wound itself around the first
press roll. When the cellulose level was cut in half, paper was made successfully. However,
band definition was not sufficient. The last attempt utilized a 2% microcrystalline cellulose as
the feedstock. Drainage time was adequate for this material, and a considerable amount of
paper was run. Band spreading still occurred; however, the resulting paper was clearly banded.
For the next trial a second shell will be made with 2 mm instead of 5 mm slits. This change
will lead to less band spreading. Work will be carried out in the hand sheet lab in order to find
a material which will increase slurry viscosity without increasing drainage time. Lastly,
attempts will be made to increase the distance between the dandy and the couch roll in order to
allow for longer drainage time.

PM Web

The patent specification from James River describing their proprietary cellulose acetate
web has been requested and will be sent.

We have located a Forest Products Laboratory in Madison, Wisconsin, which has
considerable experience in the acetylation of cellulose webs as well as cellulose pulps. They
have indicated that they would be quite willing to work with us on collaborative projects. We
are being sent a number of reprints and reports. Once we have looked these over, we will
negotiate a secrecy agreement, and visit the laboratory to discuss what they can do for us.

Miscellaneous

SSSSst2z02z
",True,True,6.826,6.973
184,proprietary cellulose acetate web,free_text,medium,"sidestream TPM collection procedure. Correlation of the two sets of results was excellent. The
values Ecusta obtains for sidestream reduction are about 2/3 of the values we obtain.

Cigarettes have been requested in Semiworks for mechanistic studies of magnesium
containing papers.

A study was completed in the hand sheet lab to determine if drainage times for
magnesium carbonate fillers could be predicted by the amount of material centrifuged down
from an aqueous slurry in a given period of time. Such a correlation was indeed shown to exist.
This provides us with a screening tool to investigate whether or not fillers will have
unacceptably long drainage times.

Project Tomorrow

The second trial run of the “daubing dandy"" at the University of Maine took place last
week. Attempts to use a more viscous cellulose slurry in order to obtain well-defined bands
were not successful, The short distance between the ""daubing dandy"" and the couch roll did
not allow for sufficient drainage, and the still wet web continually wound itself around the first
press roll. When the cellulose level was cut in half, paper was made successfully. However,
band definition was not sufficient. The last attempt utilized a 2% microcrystalline cellulose as
the feedstock. Drainage time was adequate for this material, and a considerable amount of
paper was run. Band spreading still occurred; however, the resulting paper was clearly banded.
For the next trial a second shell will be made with 2 mm instead of 5 mm slits. This change
will lead to less band spreading. Work will be carried out in the hand sheet lab in order to find
a material which will increase slurry viscosity without increasing drainage time. Lastly,
attempts. will be made to increase.the distance between the dandy and the couch roll in order to
allow for longer drainage time.

PM Web

The patent specification from James River describing their proprietary cellulose acetate
web has been requested and will be sent.

We have located a Forest Products Laboratory in Madison, Wisconsin, which has
considerable experience in the acetylation of cellulose webs as well as cellulose pulps. They
have indicated that they would be quite willing to work with us on collaborative projects. We
are being sent a number of reprints and reports. Once we have looked these over, we will
negotiate a secrecy agreement, and visit the laboratory to discuss what they can do for us.

Miscellaneous

SSSSst2z02
","sidestream TPM collection procedure. Correlation of the two sets of results was excellent. The
values Ecusta obtains for sidestream reduction are about 2/3 of the values we obtain.

Cigarettes have been requested in Semiworks for mechanistic studies of magnesium
containing papers.

A study was completed in the hand sheet lab to determine if drainage times for
magnesium carbonate fillers could be predicted by the amount of material centrifuged down
from an aqueous slurry in a given period of time. Such a correlation was indeed shown to exist.
This provides us with a screening tool to investigate whether or not fillers will have
unacceptably long drainage times.

Project Tomorrow

The second trial run of the “daubing dandy"" at the University of Maine took place last
week, Attempts to use a more viscous cellulose slurry in order to obtain well-defined bands
were not successful The short distance between the “daubing dandy"" and the couch roll did
not allow for sufficient drainage, and the still wet web continually wound itself around the first
press roll. When the cellulose level was cut in half, paper was made successfully. However,
band definition was not sufficient. The last attempt utilized a 2% microcrystalline cellulose as
the feedstock. Drainage time was adequate for this material, and a considerable amount of
paper was run. Band spreading still occurred; however, the resulting paper was clearly banded.
For the next trial a second shell will be made with 2 mm instead of 5 mm slits. This change
will lead to less band spreading. Work will be carried out in the hand sheet lab in order to find
a material which will increase slurry viscosity without increasing drainage time. Lastly,
attempts will be made to increase the distance between the dandy and the couch roll in order to
allow for longer drainage time.

PM Web

The patent specification from James River describing their proprietary cellulose acetate
web has been requested and will be sent.

We have located a Forest Products Laboratory in Madison, Wisconsin, which has
considerable experience in the acetylation of cellulose webs as well as cellulose pulps. They
have indicated that they would be quite willing to work with us on collaborative projects. We
are being sent a number of reprints and reports. Once we have looked these over, we will
negotiate a secrecy agreement, and visit the laboratory to discuss what they can do for us.

Miscellaneous

SSSSst2z02z
",False,False,7.405,6.653
185,research department,layout,simple,"Figure 1

ORGANIZATIONAL PLAN
LABORATORY RESEARCH DIVISION

THE SAMUEL ROBERTS NOBLE FOUNDATION, INC,

LABORATORY RESEARCH DIVISION

Research Service Lepartment Research Department

Ent ue

 

Library Stockroom irati Small Animal
q Section Section

 

cee Vata ww, tw.@ Cox ‘de on tw

ad Steclereracet ex \ Ln “ar

 
","Figure 1

ORGANIZATIONAL PLAN
LABORATORY RESEARCH DIVISION

THE SAMUEL ROBERTS NOBLE FOUNDATION, INC,

LABORATORY RESEARCH DIVISION

Research Service Lepartment

Patten,

Library Stockroom Growth and Respiratio Small Animal
Section Section

Dept WS

tebe ae

 
",True,False,3.286,1.155
186,research service department,layout,medium,"Figure 1

ORGANIZATIONAL PLAN
LABORATORY RESEARCH DIVISION

THE SAMUEL ROBERTS NOBLE FOUNDATION, INC,

LABORATORY RESEARCH DIVISION

Research Service Lepartment Research Department

Ent ue

 

Library Stockroom irati Small Animal
q Section Section

 

cee Vata ww, tw.@ Cox ‘de on tw

ad Steclereracet ex \ Ln “ar

 
","Figure 1

ORGANIZATIONAL PLAN
LABORATORY RESEARCH DIVISION

THE SAMUEL ROBERTS NOBLE FOUNDATION, INC,

LABORATORY RESEARCH DIVISION

Research Service Lepartment

Patten,

Library Stockroom Growth and Respiratio Small Animal
Section Section

Dept WS

tebe ae

 
",False,False,2.094,1.139
187,"USMM 1/95-6/95, 12-Month Data",form,medium,"Consumer Dynamics

Retention of Franchise: 83.6%
» Rate of Switching Losses 10.3%
» Rate of Quitting Losses 6.1%

Single Brand Users in the Franchise: 78.2%

 

Share of Industry Switchers Gained: 0.8%

Share of the 21-25 Segment: 1.0%

Source: USMM 1/95-6/95, 12-Month Data

SESZOOPTE

 
","Consumer Dynamics
KOOL

Retention of Franchise: 83.6%
>» Rate of Switching Losses 10.3%
>» Rate of Quitting Losses 6.1%

Single Brand Users in the Franchise: 78.2%

 

 

Share of Industry Switchers Gained: 0.8%

Share of the 21-25 Segment: 1.0%

Source: USMM 1/95-6/95, 12-Month Data

SESZOOPTE

 
",True,True,1.112,1.091
188,KOOLS,table/list,simple,"«Individually packaged cigarettes; convenience store has roll dispensers of individually
packaged cigarettes. This enables consumer to purchase as many as he/she desires.
Potential for new brand intreductions.

Minimize packaging.

«Bulk package cigarettes.

Eliminate carton. .
All recycled packaging materials. i

Brand Extensions

*Gold tipped KOOLS.

*KOOL 100 Box.

Very high menthol full flavor cigarette,
Very low menthot lights product.
«Shorter version of CAPRI.

The next stage will focus on adding to these ideas by organizing additional brainstorming
sessions with other groups within and outside R&D, including marketing, consultants and major
suppliers. A master list will be compiled following these sessions and ideas rated by
appropriate personnel in the areas of novelty, likability, feasibility and market potential
(domestic and export}. Ratings will range fram 1 - 5, with 5 being the most favorable and 1 the
least. Highest scoring ideas will be presented to marketing for final short listing.

499150501
","«Individually packaged cigarettes; convenience store has roll dispensers of individually
packaged cigarettes. This enables consumer to purchase as many as he/she desires.
Potential for new brand introductions.

eMinimize packaging.

«Bulk package cigarettes.
Eliminate carton.

All recycled packaging materials.

Brand Extensions

«Gold tipped KOOLS.

*KOOL 100 Box.

eVery high menthol full flaver cigarette,
Very low menthol! lights product.
eShorter version of CAPRI.

The next stage will focus on adding to thesa ideas by organizing additional brainstarming
sessions with other groups within and outside R&D, including marketing, consultants and major
suppliers. A master fist will be compiled following these sessions and ideas rated by
appropriate personnel in the areas of novelty, likability, feasibility and market potential
(domestic and export). Ratings will range from 1 - 5, with 5 being the most favorable and 1 the
least. Highest scoring ideas will be presented to marketing for final short listing.

499150501

Source: Atos. Vee db strydoce iments Ueshedih. dacs i cjG03 ?
",True,True,3.051,4.768
189,78.2%,table/list,simple,"Consumer Dynamics

Retention of Franchise: 83.6%
» Rate of Switching Losses 10.3%
» Rate of Quitting Losses 6.1%

Single Brand Users in the Franchise: 78.2%

 

Share of Industry Switchers Gained: 0.8%

Share of the 21-25 Segment: 1.0%

Source: USMM 1/95-6/95, 12-Month Data

SESZOOPTE

 
","Consumer Dynamics
KOOL

Retention of Franchise: 83.6%
>» Rate of Switching Losses 10.3%
>» Rate of Quitting Losses 6.1%

Single Brand Users in the Franchise: 78.2%

 

 

Share of Industry Switchers Gained: 0.8%

Share of the 21-25 Segment: 1.0%

Source: USMM 1/95-6/95, 12-Month Data

SESZOOPTE

 
",True,True,1.134,1.055
190,CAPRI,table/list,simple,"«Individually packaged cigarettes; convenience store has roll dispensers of individually
packaged cigarettes. This enables consumer to purchase as many as he/she desires.
Potential for new brand intreductions.

Minimize packaging.

«Bulk package cigarettes.

Eliminate carton. .
All recycled packaging materials. i

Brand Extensions

*Gold tipped KOOLS.

*KOOL 100 Box.

Very high menthol full flavor cigarette,
Very low menthot lights product.
«Shorter version of CAPRI.

The next stage will focus on adding to these ideas by organizing additional brainstorming
sessions with other groups within and outside R&D, including marketing, consultants and major
suppliers. A master list will be compiled following these sessions and ideas rated by
appropriate personnel in the areas of novelty, likability, feasibility and market potential
(domestic and export}. Ratings will range fram 1 - 5, with 5 being the most favorable and 1 the
least. Highest scoring ideas will be presented to marketing for final short listing.

499150501
","«Individually packaged cigarettes; convenience store has roll dispensers of individually
packaged cigarettes. This enables consumer to purchase as many as he/she desires.
Potential for new brand introductions.

eMinimize packaging.

«Bulk package cigarettes.
Eliminate carton.

All recycled packaging materials.

Brand Extensions

«Gold tipped KOOLS.

*KOOL 100 Box.

eVery high menthol full flaver cigarette,
Very low menthol! lights product.
eShorter version of CAPRI.

The next stage will focus on adding to thesa ideas by organizing additional brainstarming
sessions with other groups within and outside R&D, including marketing, consultants and major
suppliers. A master fist will be compiled following these sessions and ideas rated by
appropriate personnel in the areas of novelty, likability, feasibility and market potential
(domestic and export). Ratings will range from 1 - 5, with 5 being the most favorable and 1 the
least. Highest scoring ideas will be presented to marketing for final short listing.

499150501

Source: Atos. Vee db strydoce iments Ueshedih. dacs i cjG03 ?
",True,True,2.975,2.783
191,"August 31, 1963",layout,medium,"    
   
  
  
  
   
  
   
  
 

W. K. KELLOGG FOUNDATION

INCOME AND EXPENDITURES
Fiscal Year Ended August 31, 1963

Income

eres gf Ba eh oe a ae Bp ak are apn ROMER? te Ry: aig, Bee ceo arean: Saha at oe ee
TY ereGEVieenes = sm VEE. 2. Dee are bye ok Np gy ge ane Me Ra eee iat sa a 1,634,431

8,899,947

Expenditures

Program payments. . . . be” eat, a CL ce Ee eee to Sar Se
efunds.on-expentlitures in-prior years. a ow Ae ee eS een ce fe Ses oe es (42,262)
(AclipineClOne be fee Kier rec sk cae. 5 oO ce ON eae TEN OIE es hay asl, Sear 610,775

11,938,391

    

Excont if expenditures over income) ik in ee AS ee wa Pe, Se Se
","    
   
  
  
   
   
  
   
  
 

W. K. KELLOGG FOUNDATION

INCOME AND EXPENDITURES
Fiseal Year Ended August 31, 1963

Income

Trusts 6. 8 7.265.516
Investments 200 1.634.431

8,899,947

Expenditures

Program payments 206. ee ee. 11,369,878
Refunds on expenditures in prior years 6 (42,262 )
Administration 2 0 02... 610.775

11,938.391

    

Excess of expenditures over income 206 6 6 ee $3,088 444
",True,True,3.872,4.035
192,31,table/list,simple,"Consumer Dynamics

Retention of Franchise: 83.6%
» Rate of Switching Losses 10.3%
» Rate of Quitting Losses 6.1%

Single Brand Users in the Franchise: 78.2%

 

Share of Industry Switchers Gained: 0.8%

Share of the 21-25 Segment: 1.0%

Source: USMM 1/95-6/95, 12-Month Data

SESZOOPTE

 
","Consumer Dynamics
KOOL

Retention of Franchise: 83.6%
>» Rate of Switching Losses 10.3%
>» Rate of Quitting Losses 6.1%

Single Brand Users in the Franchise: 78.2%

 

 

Share of Industry Switchers Gained: 0.8%

Share of the 21-25 Segment: 1.0%

Source: USMM 1/95-6/95, 12-Month Data

SESZOOPTE

 
",False,False,1.099,1.073
193,"$ 7,265,516",table/list,simple,"    
   
  
  
  
   
  
   
  
 

W. K. KELLOGG FOUNDATION

INCOME AND EXPENDITURES
Fiscal Year Ended August 31, 1963

Income

eres gf Ba eh oe a ae Bp ak are apn ROMER? te Ry: aig, Bee ceo arean: Saha at oe ee
TY ereGEVieenes = sm VEE. 2. Dee are bye ok Np gy ge ane Me Ra eee iat sa a 1,634,431

8,899,947

Expenditures

Program payments. . . . be” eat, a CL ce Ee eee to Sar Se
efunds.on-expentlitures in-prior years. a ow Ae ee eS een ce fe Ses oe es (42,262)
(AclipineClOne be fee Kier rec sk cae. 5 oO ce ON eae TEN OIE es hay asl, Sear 610,775

11,938,391

    

Excont if expenditures over income) ik in ee AS ee wa Pe, Se Se
","    
   
  
  
   
   
  
   
  
 

W. K. KELLOGG FOUNDATION

INCOME AND EXPENDITURES
Fiseal Year Ended August 31, 1963

Income

Trusts 6. 8 7.265.516
Investments 200 1.634.431

8,899,947

Expenditures

Program payments 206. ee ee. 11,369,878
Refunds on expenditures in prior years 6 (42,262 )
Administration 2 0 02... 610.775

11,938.391

    

Excess of expenditures over income 206 6 6 ee $3,088 444
",False,False,3.048,2.762
194,METH DEV,table/list,simple," 
  

  

   
  
  
   
  
  

GEPESECOLS

Appendix IIB

Methods Development Two-Year Project Plan

 

 

  

 

     
     

   

 

  

   
 

 

 

 

  

   

  

  

 

 

  

    
 
 

 

 

 

    

 

 

 

    

 

 

 

   

  

 

      

 

   

 

 

 

 

 

 

 

 

 

 

 

 

 

* NMD

* R&D DURATION | PROJECT
PROJECTS TO BE DELEGATED OR DROPPED CUSTOMER | PRIORITY | MONTHS | LEADER
1. Replace Flex Tester METH DEV 1. 6

2. Water on Tobacco METH DEV 2. 4

3. Develop Filter Hardness Method AM 2. 4
|4, RAA Starch on Tobacco . METH DEV 3. 4

5. R&D Smoke vs ISO Method for H20/Nicotine KMW 4. 3

|6. RAA Inorganic lons METH DEV A. 8

7. Develop Filter Hardness Method KRK_ 6. 4

8. Develop Hot Collapse Hardness Method KRK 7. 4

9. Water Activity on Snuff RRB. 9. 6 :
10. Instron Tob. Firmness/Fill Value AM 10. 8 EY

11. RAA Organic Tobacco Acids RRB 12. 12 NMD3 |
12. HPLC Methoprene Method for Tobacco _ RRB 13.0 4 TVB |

 

* NMD
* NMD

1s
2=
3 =

STH Replacement
Robotics/Analytical Chemist
VLG Replacement

 
 
"," 

ERPESEOLS

 

|4. RAA Starch on Tobacco

           
 
 
 

Appendix IIB
Methods Development Two-Year Project Plan

 

lf.

PROJECTS TO BE DELEGATED OR DROPPED

R&D
CUSTOMER

DURATION | PROJECT

   

 

 

 

   

  

METH DEV

AM
KMW.
~_RRB ~

1. Replace Flex Tester
2. Water on Tobacco
3. Develop Filter Hardness Method

 

 
 
   
  
  
 

 

 

5. R&D Smoke vs ISO Method for H20/Nicotine
6. RAA Inorganic lons

17. Develop Filter Hardness Method
8. Develop Hot Collapse Hardness Method
9. Water Activity on Snuff

10. Instron Tob. Firmness/Fill Value
11. RAA Organic Tobacco Acids

12. HPLC Methoprene Method for Tobacco _

   
  
 

O!1o hi OlO

ae
SClololo

 
  
 
  
    

   

 

 

*NMD1 = STH Replacement
* NMD2 = Robotics/Analytical Chemist
* NMD3 = VLG Replacement

Source: https:/www. industrydocuments.ucsfedu/docs/nrcj0037
",True,True,3.723,3.101
195,TVB,table/list,simple," 
  

  

   
  
  
   
  
  

GEPESECOLS

Appendix IIB

Methods Development Two-Year Project Plan

 

 

  

 

     
     

   

 

  

   
 

 

 

 

  

   

  

  

 

 

  

    
 
 

 

 

 

    

 

 

 

    

 

 

 

   

  

 

      

 

   

 

 

 

 

 

 

 

 

 

 

 

 

 

* NMD

* R&D DURATION | PROJECT
PROJECTS TO BE DELEGATED OR DROPPED CUSTOMER | PRIORITY | MONTHS | LEADER
1. Replace Flex Tester METH DEV 1. 6

2. Water on Tobacco METH DEV 2. 4

3. Develop Filter Hardness Method AM 2. 4
|4, RAA Starch on Tobacco . METH DEV 3. 4

5. R&D Smoke vs ISO Method for H20/Nicotine KMW 4. 3

|6. RAA Inorganic lons METH DEV A. 8

7. Develop Filter Hardness Method KRK_ 6. 4

8. Develop Hot Collapse Hardness Method KRK 7. 4

9. Water Activity on Snuff RRB. 9. 6 :
10. Instron Tob. Firmness/Fill Value AM 10. 8 EY

11. RAA Organic Tobacco Acids RRB 12. 12 NMD3 |
12. HPLC Methoprene Method for Tobacco _ RRB 13.0 4 TVB |

 

* NMD
* NMD

1s
2=
3 =

STH Replacement
Robotics/Analytical Chemist
VLG Replacement

 
 
"," 

ERPESEOLS

 

|4. RAA Starch on Tobacco

           
 
 
 

Appendix IIB
Methods Development Two-Year Project Plan

 

lf.

PROJECTS TO BE DELEGATED OR DROPPED

R&D
CUSTOMER

DURATION | PROJECT

   

 

 

 

   

  

METH DEV

AM
KMW.
~_RRB ~

1. Replace Flex Tester
2. Water on Tobacco
3. Develop Filter Hardness Method

 

 
 
   
  
  
 

 

 

5. R&D Smoke vs ISO Method for H20/Nicotine
6. RAA Inorganic lons

17. Develop Filter Hardness Method
8. Develop Hot Collapse Hardness Method
9. Water Activity on Snuff

10. Instron Tob. Firmness/Fill Value
11. RAA Organic Tobacco Acids

12. HPLC Methoprene Method for Tobacco _

   
  
 

O!1o hi OlO

ae
SClololo

 
  
 
  
    

   

 

 

*NMD1 = STH Replacement
* NMD2 = Robotics/Analytical Chemist
* NMD3 = VLG Replacement

Source: https:/www. industrydocuments.ucsfedu/docs/nrcj0037
",True,False,2.554,2.367
196,1.0,table/list,simple," 
  

  

   
  
  
   
  
  

GEPESECOLS

Appendix IIB

Methods Development Two-Year Project Plan

 

 

  

 

     
     

   

 

  

   
 

 

 

 

  

   

  

  

 

 

  

    
 
 

 

 

 

    

 

 

 

    

 

 

 

   

  

 

      

 

   

 

 

 

 

 

 

 

 

 

 

 

 

 

* NMD

* R&D DURATION | PROJECT
PROJECTS TO BE DELEGATED OR DROPPED CUSTOMER | PRIORITY | MONTHS | LEADER
1. Replace Flex Tester METH DEV 1. 6

2. Water on Tobacco METH DEV 2. 4

3. Develop Filter Hardness Method AM 2. 4
|4, RAA Starch on Tobacco . METH DEV 3. 4

5. R&D Smoke vs ISO Method for H20/Nicotine KMW 4. 3

|6. RAA Inorganic lons METH DEV A. 8

7. Develop Filter Hardness Method KRK_ 6. 4

8. Develop Hot Collapse Hardness Method KRK 7. 4

9. Water Activity on Snuff RRB. 9. 6 :
10. Instron Tob. Firmness/Fill Value AM 10. 8 EY

11. RAA Organic Tobacco Acids RRB 12. 12 NMD3 |
12. HPLC Methoprene Method for Tobacco _ RRB 13.0 4 TVB |

 

* NMD
* NMD

1s
2=
3 =

STH Replacement
Robotics/Analytical Chemist
VLG Replacement

 
 
"," 

ERPESEOLS

 

|4. RAA Starch on Tobacco

           
 
 
 

Appendix IIB
Methods Development Two-Year Project Plan

 

lf.

PROJECTS TO BE DELEGATED OR DROPPED

R&D
CUSTOMER

DURATION | PROJECT

   

 

 

 

   

  

METH DEV

AM
KMW.
~_RRB ~

1. Replace Flex Tester
2. Water on Tobacco
3. Develop Filter Hardness Method

 

 
 
   
  
  
 

 

 

5. R&D Smoke vs ISO Method for H20/Nicotine
6. RAA Inorganic lons

17. Develop Filter Hardness Method
8. Develop Hot Collapse Hardness Method
9. Water Activity on Snuff

10. Instron Tob. Firmness/Fill Value
11. RAA Organic Tobacco Acids

12. HPLC Methoprene Method for Tobacco _

   
  
 

O!1o hi OlO

ae
SClololo

 
  
 
  
    

   

 

 

*NMD1 = STH Replacement
* NMD2 = Robotics/Analytical Chemist
* NMD3 = VLG Replacement

Source: https:/www. industrydocuments.ucsfedu/docs/nrcj0037
",False,False,2.491,3.198
197,"8,899,947",table/list,simple,"    
   
  
  
  
   
  
   
  
 

W. K. KELLOGG FOUNDATION

INCOME AND EXPENDITURES
Fiscal Year Ended August 31, 1963

Income

eres gf Ba eh oe a ae Bp ak are apn ROMER? te Ry: aig, Bee ceo arean: Saha at oe ee
TY ereGEVieenes = sm VEE. 2. Dee are bye ok Np gy ge ane Me Ra eee iat sa a 1,634,431

8,899,947

Expenditures

Program payments. . . . be” eat, a CL ce Ee eee to Sar Se
efunds.on-expentlitures in-prior years. a ow Ae ee eS een ce fe Ses oe es (42,262)
(AclipineClOne be fee Kier rec sk cae. 5 oO ce ON eae TEN OIE es hay asl, Sear 610,775

11,938,391

    

Excont if expenditures over income) ik in ee AS ee wa Pe, Se Se
","    
   
  
  
   
   
  
   
  
 

W. K. KELLOGG FOUNDATION

INCOME AND EXPENDITURES
Fiseal Year Ended August 31, 1963

Income

Trusts 6. 8 7.265.516
Investments 200 1.634.431

8,899,947

Expenditures

Program payments 206. ee ee. 11,369,878
Refunds on expenditures in prior years 6 (42,262 )
Administration 2 0 02... 610.775

11,938.391

    

Excess of expenditures over income 206 6 6 ee $3,088 444
",True,True,4.17,2.704
198,6,table/list,simple," 
  

  

   
  
  
   
  
  

GEPESECOLS

Appendix IIB

Methods Development Two-Year Project Plan

 

 

  

 

     
     

   

 

  

   
 

 

 

 

  

   

  

  

 

 

  

    
 
 

 

 

 

    

 

 

 

    

 

 

 

   

  

 

      

 

   

 

 

 

 

 

 

 

 

 

 

 

 

 

* NMD

* R&D DURATION | PROJECT
PROJECTS TO BE DELEGATED OR DROPPED CUSTOMER | PRIORITY | MONTHS | LEADER
1. Replace Flex Tester METH DEV 1. 6

2. Water on Tobacco METH DEV 2. 4

3. Develop Filter Hardness Method AM 2. 4
|4, RAA Starch on Tobacco . METH DEV 3. 4

5. R&D Smoke vs ISO Method for H20/Nicotine KMW 4. 3

|6. RAA Inorganic lons METH DEV A. 8

7. Develop Filter Hardness Method KRK_ 6. 4

8. Develop Hot Collapse Hardness Method KRK 7. 4

9. Water Activity on Snuff RRB. 9. 6 :
10. Instron Tob. Firmness/Fill Value AM 10. 8 EY

11. RAA Organic Tobacco Acids RRB 12. 12 NMD3 |
12. HPLC Methoprene Method for Tobacco _ RRB 13.0 4 TVB |

 

* NMD
* NMD

1s
2=
3 =

STH Replacement
Robotics/Analytical Chemist
VLG Replacement

 
 
"," 

ERPESEOLS

 

|4. RAA Starch on Tobacco

           
 
 
 

Appendix IIB
Methods Development Two-Year Project Plan

 

lf.

PROJECTS TO BE DELEGATED OR DROPPED

R&D
CUSTOMER

DURATION | PROJECT

   

 

 

 

   

  

METH DEV

AM
KMW.
~_RRB ~

1. Replace Flex Tester
2. Water on Tobacco
3. Develop Filter Hardness Method

 

 
 
   
  
  
 

 

 

5. R&D Smoke vs ISO Method for H20/Nicotine
6. RAA Inorganic lons

17. Develop Filter Hardness Method
8. Develop Hot Collapse Hardness Method
9. Water Activity on Snuff

10. Instron Tob. Firmness/Fill Value
11. RAA Organic Tobacco Acids

12. HPLC Methoprene Method for Tobacco _

   
  
 

O!1o hi OlO

ae
SClololo

 
  
 
  
    

   

 

 

*NMD1 = STH Replacement
* NMD2 = Robotics/Analytical Chemist
* NMD3 = VLG Replacement

Source: https:/www. industrydocuments.ucsfedu/docs/nrcj0037
",True,True,2.448,2.299
199,administration,table/list,simple,"    
   
  
  
  
   
  
   
  
 

W. K. KELLOGG FOUNDATION

INCOME AND EXPENDITURES
Fiscal Year Ended August 31, 1963

Income

eres gf Ba eh oe a ae Bp ak are apn ROMER? te Ry: aig, Bee ceo arean: Saha at oe ee
TY ereGEVieenes = sm VEE. 2. Dee are bye ok Np gy ge ane Me Ra eee iat sa a 1,634,431

8,899,947

Expenditures

Program payments. . . . be” eat, a CL ce Ee eee to Sar Se
efunds.on-expentlitures in-prior years. a ow Ae ee eS een ce fe Ses oe es (42,262)
(AclipineClOne be fee Kier rec sk cae. 5 oO ce ON eae TEN OIE es hay asl, Sear 610,775

11,938,391

    

Excont if expenditures over income) ik in ee AS ee wa Pe, Se Se
","    
   
  
  
   
   
  
   
  
 

W. K. KELLOGG FOUNDATION

INCOME AND EXPENDITURES
Fiseal Year Ended August 31, 1963

Income

Trusts 6. 8 7.265.516
Investments 200 1.634.431

8,899,947

Expenditures

Program payments 206. ee ee. 11,369,878
Refunds on expenditures in prior years 6 (42,262 )
Administration 2 0 02... 610.775

11,938.391

    

Excess of expenditures over income 206 6 6 ee $3,088 444
",False,True,4.544,3.129
200,"$ 3,038,444",table/list,simple,"    
   
  
  
  
   
  
   
  
 

W. K. KELLOGG FOUNDATION

INCOME AND EXPENDITURES
Fiscal Year Ended August 31, 1963

Income

eres gf Ba eh oe a ae Bp ak are apn ROMER? te Ry: aig, Bee ceo arean: Saha at oe ee
TY ereGEVieenes = sm VEE. 2. Dee are bye ok Np gy ge ane Me Ra eee iat sa a 1,634,431

8,899,947

Expenditures

Program payments. . . . be” eat, a CL ce Ee eee to Sar Se
efunds.on-expentlitures in-prior years. a ow Ae ee eS een ce fe Ses oe es (42,262)
(AclipineClOne be fee Kier rec sk cae. 5 oO ce ON eae TEN OIE es hay asl, Sear 610,775

11,938,391

    

Excont if expenditures over income) ik in ee AS ee wa Pe, Se Se
","    
   
  
  
   
   
  
   
  
 

W. K. KELLOGG FOUNDATION

INCOME AND EXPENDITURES
Fiseal Year Ended August 31, 1963

Income

Trusts 6. 8 7.265.516
Investments 200 1.634.431

8,899,947

Expenditures

Program payments 206. ee ee. 11,369,878
Refunds on expenditures in prior years 6 (42,262 )
Administration 2 0 02... 610.775

11,938.391

    

Excess of expenditures over income 206 6 6 ee $3,088 444
",False,False,3.051,2.703
201,KOOL KS,layout,simple,"wy KOOL KS

B&siv

> Monitor Results

* KOOL KS Vs. Newport KS

— KOOL KS Was Found To Be At Parity With Newport KS
Among KOOL KS And Newport KS Smokers

e KOOL KS Vs. Salem KS

— KOOL KS Was Found To Be Superior To Salem KS Among
Salem KS Smokers And At Parity Among KOOL KS Smokers

> Status

* KOOL KS Vs. Newport KS Monitor Will Be
Conducted Again Using A Greater Number Of _?
Total Smokers (n > 400 compared ton < 300)

28L00066E

OMP4b

 

 
"," 

28f00066E

wy KOOL KS

Baw

> Monitor Results

* KOOL KS Vs. Newport KS

- KOOL KS Was Found To Be At Parity With Newport KS
Among KOOL KS And Newport KS Smokers

* KOOL KS Vs. Salem KS

- KOOL KS Was Found To Be Superior To Salem KS Among
Salem KS Smokers And At Parity Among KOOL KS Smokers

> Status

* KOOL KS Vs. Newport KS Monitor Will Be :
Conducted Again Using A Greater Number Of !
Total Smokers (n > 400 compared ton < 300)

DMP4b
",True,True,1.528,2.512
202,KOOL KS,free_text,simple,"wy KOOL KS

B&siv

> Monitor Results

* KOOL KS Vs. Newport KS

— KOOL KS Was Found To Be At Parity With Newport KS
Among KOOL KS And Newport KS Smokers

e KOOL KS Vs. Salem KS

— KOOL KS Was Found To Be Superior To Salem KS Among
Salem KS Smokers And At Parity Among KOOL KS Smokers

> Status

* KOOL KS Vs. Newport KS Monitor Will Be
Conducted Again Using A Greater Number Of _?
Total Smokers (n > 400 compared ton < 300)

28L00066E

OMP4b

 

 
"," 

28f00066E

wy KOOL KS

Baw

> Monitor Results

* KOOL KS Vs. Newport KS

- KOOL KS Was Found To Be At Parity With Newport KS
Among KOOL KS And Newport KS Smokers

* KOOL KS Vs. Salem KS

- KOOL KS Was Found To Be Superior To Salem KS Among
Salem KS Smokers And At Parity Among KOOL KS Smokers

> Status

* KOOL KS Vs. Newport KS Monitor Will Be :
Conducted Again Using A Greater Number Of !
Total Smokers (n > 400 compared ton < 300)

DMP4b
",True,True,2.684,1.724
203,1R4F REFERENCE RESULTS,layout,medium,"1R4F REFERENCE RESULTS
AVERAGE 1R4F RESPONSES PER S9 LOT
STRAIN TA100

REVERTANTS/MG TAR
O°
oO
oO
: 4S
—_
2 a,

AVERAGE RESULTS FOR S9 LOT 0329: 1159
AVERAGE RESULTS FOR S9 LOT 0349: 1137

1 6 11 16 21 26 31 36
NUMBER OF DAYS 1R4F TESTED

®L60 eeots =S9 LOT 0329 +S9 LOT 0349
","1R4F REFERENCE RESULTS
AVERAGE 1R4F RESPONSES PER S9 LOT
STRAIN TA100

aywuy

REVERTANTS/MG TAR
°
O°
°
<Se
* —

AVERAGE RESULTS FOR S9 LOT 0329: 1159
AVERAGE RESULTS FOR S9 LOT 0849: 1137

1 6 14 16 21 26 31 36
NUMBER OF DAYS 1R4F TESTED

®L6@ ceets ~S§9 LOT 0329 +S9 LOT 0349
",True,True,1.201,1.244
204,AVERAGE 1R4F RESPONSES PER S9 LOT STRAIN TA100,figure/diagram,complex,"1R4F REFERENCE RESULTS
AVERAGE 1R4F RESPONSES PER S9 LOT
STRAIN TA100

REVERTANTS/MG TAR
O°
oO
oO
: 4S
—_
2 a,

AVERAGE RESULTS FOR S9 LOT 0329: 1159
AVERAGE RESULTS FOR S9 LOT 0349: 1137

1 6 11 16 21 26 31 36
NUMBER OF DAYS 1R4F TESTED

®L60 eeots =S9 LOT 0329 +S9 LOT 0349
","1R4F REFERENCE RESULTS
AVERAGE 1R4F RESPONSES PER S9 LOT
STRAIN TA100

aywuy

REVERTANTS/MG TAR
°
O°
°
<Se
* —

AVERAGE RESULTS FOR S9 LOT 0329: 1159
AVERAGE RESULTS FOR S9 LOT 0849: 1137

1 6 14 16 21 26 31 36
NUMBER OF DAYS 1R4F TESTED

®L6@ ceets ~S§9 LOT 0329 +S9 LOT 0349
",False,False,1.155,1.216
205,MT-778,form,simple,"CUT TOBACCO: MT-778
STATUS: DEVELOPMENTAL
DESCRIPTION: CASED, REDR BUR FOR BEST 327391

BLEND: BW-6068 THE BURLEY IS REDRIED
MOISTURE TARGETS: FINAL (IN CIGARETTE)..............- 15.00 %
FLUE CURED STRIPS IN BULKER........ 21.00 %
BURLEY STRIPS IN STRIPS BULKER..... 30.00 %
REDRIED ONLY- ENTER REDRYER........ 30.00 %
AT COOLING SECTION... 5.00 %
EXIT REDRYER......... 15.00 %

STRIP MOISTURE GAINS FROM MAKE-UP USING HOTANTIS:

 

FLUE CURED STACK..................4. 2.00 %
BURLEY STACK... .... ec eee eee eee eee 2.00 %
TOP DRESSING STACK................. 2.00 %
{--- STRIPS APPLIED TO ---| APPL. RATE {| YIELD {| APPL. {| STEAM
FC CASINGS | FLUE ORNT BRLY RECON | (LBS/M LBS) | M.C.% | TEMP. | TEMP.
NONE { ! t i t
i i 1 i i
BURLEY CASINGS | i { i i
C-726 i x { 422.71 1 26.7 } 180 ; 9
MGC-817 { xX ' 36.42 + 28.0 { 120 | 0
HOTANTIS ' x I 41.68 i; 30.0 } 180 ; 160
CUT TOBACCO: MT-778 GRADE BIN: 979 UNCASED BURLEY, BEST SAMPLE 327277
-- FLUE CURED -- -- BURLEY -- -- ORIENTAL -- -- RECONSTITUTED --

GRADE BIN % GRADE BIN % GRADE BIN %

1 1
! I GRADE BIN %
: 979 BSTU 100.0 |
t t
1 1

TOTAL 0.0 TOTAL 100.0 TOTAL 0.0 TOTAL 0.0
GRADE BIN GRADE PERCENT LBS AT 12.5 % SOLID LBS LBS AT TARGET
979 BSTU BiB 38.10 3,848.1 3,367.1 3,961.3 @ 15.0 %

B2B 28.92 2,920.9 2,555.8 3,006.8

CB2B 5.41 546.4 478.1 562.5

R1B 8.11 819.1 . 716.7 843.2

WB1B 12.16 1,228.2 1,074.6 1,264.3

WB3B 7.30 737.3 645.1 753.0

10,100.0 8,837.5 10,397.1

THE ABOVE GRADES CAN BE STAGED ACCORDING TO THE FOLLOWING FORMULA:

LBS UNITS TOTAL REQUIRED ADDED
GRADE PER UNIT REQUIRED POUNDS POUNDS POUNDS
B1B 962 4 3848 3848 0
B2B 962 3 2886 2921 35
CB2B 962 Q 0 546 546
R1B 362 9 0 819 819
WB1B 400 3 1200 1228 28
WE3B 400 1 400 , 737 337

583232686
","CUT TOBACCO: MT-778
STATUS: DEVELOPMENTAL
DESCRIPTION: CASED, REDR BUR FOR BEST 327391

BLEND: BW-6068 THE BURLEY IS REDRIED
MOISTURE TARGETS: FINAL (IN CIGARETTE)..............- 15.00 %
FLUE CURED STRIPS IN BULKER........ 21.00 %
BURLEY STRIPS IN STRIPS BULKER..... 30.00 %
REDRIED ONLY- ENTER REDRYER........ 30.00 %
AT COOLING SECTION... 5.00 %
EXIT REDRYER......... 15.00 %

STRIP MOISTURE GAINS FROM MAKE-UP USING HOTANTIS:

 

FLUE CURED STACK...............400. 2.00 %
BURLEY STACK......... 02. cue e eens 2.00 %
TOP DRESSING STACK................. 2.00 %
{--- STRIPS APPLIED TO --~; APPL. RATE {| YIELD {| APPL. {| STEAM
FC CASINGS | FLUE ORNT BRLY RECON | (LBS/M LBS) | M.C.% | TEMP. | TEMP.
NONE t ‘ t I !
i ' ' i i
BURLEY CASINGS ; i ' \ '
C-726 i x ‘ 422.71 1 26.7 } 180 | 0
MGC-817 ' xX ' 36.42 i 28.0 { 120 ; 0
HOTANTIS ' x t 41.68 i 30.0 } 180 {| 160
CUT TOBACCO: MT-778 GRADE BIN: 979 UNCASED BURLEY, BEST SAMPLE 327277
-- FLUE CURED -- -- BURLEY -- {| -- ORIENTAL -- -- RECONSTITUTED --

GRADE BIN % GRADE BIN %

i)

' ' GRADE BIN %
: 979 BSTU) 100.0 |

1 t

1 i

GRADE BIN %

'
l
1
1
‘
1
‘
'

TOTAL 0.0 TOTAL 100.0 TOTAL 0.0 TOTAL 0.0
GRADE BIN GRADE PERCENT LBS AT 12.5 % SOLID LBS LBS AT TARGET
979 BSTU BiB 38.10 3,848.1 3,367.1 3,961.3 @ 15.0 %

B2B 28.92 2,920.9 2,555.8 3,006.8

CB2B 5.41 546.4 478.1 562.5

R1B 8.11 819.1 . 716.7 843.2

WB1B 12.16 1,228.2 1,074.6 1,264.3

WB3B 7.30 737.3 645.1 753.0

10,100.0 8,837.5 10,397.1

THE ABOVE GRADES CAN BE STAGED ACCORDING TO THE FOLLOWING FORMULA:

LBS UNITS TOTAL REQUIRED ADDED
GRADE PER UNIT REQUIRED POUNDS POUNDS POUNDS
B1B 962 4 3848 3848 0
B2B 962 3 2886 2921 35
CB2B 962 Q 0 546 546
R1iB 962 0 0 819 819
WB1B 400 3 1200 1228 28
WB3B 400 1 400 737 337

583232686
",True,True,6.98,6.109
206,"CASED, REDR BUR FOR BEST 327391",form,medium,"CUT TOBACCO: MT-778
STATUS: DEVELOPMENTAL
DESCRIPTION: CASED, REDR BUR FOR BEST 327391

BLEND: BW-6068 THE BURLEY IS REDRIED
MOISTURE TARGETS: FINAL (IN CIGARETTE)..............- 15.00 %
FLUE CURED STRIPS IN BULKER........ 21.00 %
BURLEY STRIPS IN STRIPS BULKER..... 30.00 %
REDRIED ONLY- ENTER REDRYER........ 30.00 %
AT COOLING SECTION... 5.00 %
EXIT REDRYER......... 15.00 %

STRIP MOISTURE GAINS FROM MAKE-UP USING HOTANTIS:

 

FLUE CURED STACK..................4. 2.00 %
BURLEY STACK... .... ec eee eee eee eee 2.00 %
TOP DRESSING STACK................. 2.00 %
{--- STRIPS APPLIED TO ---| APPL. RATE {| YIELD {| APPL. {| STEAM
FC CASINGS | FLUE ORNT BRLY RECON | (LBS/M LBS) | M.C.% | TEMP. | TEMP.
NONE { ! t i t
i i 1 i i
BURLEY CASINGS | i { i i
C-726 i x { 422.71 1 26.7 } 180 ; 9
MGC-817 { xX ' 36.42 + 28.0 { 120 | 0
HOTANTIS ' x I 41.68 i; 30.0 } 180 ; 160
CUT TOBACCO: MT-778 GRADE BIN: 979 UNCASED BURLEY, BEST SAMPLE 327277
-- FLUE CURED -- -- BURLEY -- -- ORIENTAL -- -- RECONSTITUTED --

GRADE BIN % GRADE BIN % GRADE BIN %

1 1
! I GRADE BIN %
: 979 BSTU 100.0 |
t t
1 1

TOTAL 0.0 TOTAL 100.0 TOTAL 0.0 TOTAL 0.0
GRADE BIN GRADE PERCENT LBS AT 12.5 % SOLID LBS LBS AT TARGET
979 BSTU BiB 38.10 3,848.1 3,367.1 3,961.3 @ 15.0 %

B2B 28.92 2,920.9 2,555.8 3,006.8

CB2B 5.41 546.4 478.1 562.5

R1B 8.11 819.1 . 716.7 843.2

WB1B 12.16 1,228.2 1,074.6 1,264.3

WB3B 7.30 737.3 645.1 753.0

10,100.0 8,837.5 10,397.1

THE ABOVE GRADES CAN BE STAGED ACCORDING TO THE FOLLOWING FORMULA:

LBS UNITS TOTAL REQUIRED ADDED
GRADE PER UNIT REQUIRED POUNDS POUNDS POUNDS
B1B 962 4 3848 3848 0
B2B 962 3 2886 2921 35
CB2B 962 Q 0 546 546
R1B 362 9 0 819 819
WB1B 400 3 1200 1228 28
WE3B 400 1 400 , 737 337

583232686
","CUT TOBACCO: MT-778
STATUS: DEVELOPMENTAL
DESCRIPTION: CASED, REDR BUR FOR BEST 327391

BLEND: BW-6068 THE BURLEY IS REDRIED
MOISTURE TARGETS: FINAL (IN CIGARETTE)..............- 15.00 %
FLUE CURED STRIPS IN BULKER........ 21.00 %
BURLEY STRIPS IN STRIPS BULKER..... 30.00 %
REDRIED ONLY- ENTER REDRYER........ 30.00 %
AT COOLING SECTION... 5.00 %
EXIT REDRYER......... 15.00 %

STRIP MOISTURE GAINS FROM MAKE-UP USING HOTANTIS:

 

FLUE CURED STACK...............400. 2.00 %
BURLEY STACK......... 02. cue e eens 2.00 %
TOP DRESSING STACK................. 2.00 %
{--- STRIPS APPLIED TO --~; APPL. RATE {| YIELD {| APPL. {| STEAM
FC CASINGS | FLUE ORNT BRLY RECON | (LBS/M LBS) | M.C.% | TEMP. | TEMP.
NONE t ‘ t I !
i ' ' i i
BURLEY CASINGS ; i ' \ '
C-726 i x ‘ 422.71 1 26.7 } 180 | 0
MGC-817 ' xX ' 36.42 i 28.0 { 120 ; 0
HOTANTIS ' x t 41.68 i 30.0 } 180 {| 160
CUT TOBACCO: MT-778 GRADE BIN: 979 UNCASED BURLEY, BEST SAMPLE 327277
-- FLUE CURED -- -- BURLEY -- {| -- ORIENTAL -- -- RECONSTITUTED --

GRADE BIN % GRADE BIN %

i)

' ' GRADE BIN %
: 979 BSTU) 100.0 |

1 t

1 i

GRADE BIN %

'
l
1
1
‘
1
‘
'

TOTAL 0.0 TOTAL 100.0 TOTAL 0.0 TOTAL 0.0
GRADE BIN GRADE PERCENT LBS AT 12.5 % SOLID LBS LBS AT TARGET
979 BSTU BiB 38.10 3,848.1 3,367.1 3,961.3 @ 15.0 %

B2B 28.92 2,920.9 2,555.8 3,006.8

CB2B 5.41 546.4 478.1 562.5

R1B 8.11 819.1 . 716.7 843.2

WB1B 12.16 1,228.2 1,074.6 1,264.3

WB3B 7.30 737.3 645.1 753.0

10,100.0 8,837.5 10,397.1

THE ABOVE GRADES CAN BE STAGED ACCORDING TO THE FOLLOWING FORMULA:

LBS UNITS TOTAL REQUIRED ADDED
GRADE PER UNIT REQUIRED POUNDS POUNDS POUNDS
B1B 962 4 3848 3848 0
B2B 962 3 2886 2921 35
CB2B 962 Q 0 546 546
R1iB 962 0 0 819 819
WB1B 400 3 1200 1228 28
WB3B 400 1 400 737 337

583232686
",True,True,5.839,7.395
207,"1,228.2",table/list,simple,"CUT TOBACCO: MT-778
STATUS: DEVELOPMENTAL
DESCRIPTION: CASED, REDR BUR FOR BEST 327391

BLEND: BW-6068 THE BURLEY IS REDRIED
MOISTURE TARGETS: FINAL (IN CIGARETTE)..............- 15.00 %
FLUE CURED STRIPS IN BULKER........ 21.00 %
BURLEY STRIPS IN STRIPS BULKER..... 30.00 %
REDRIED ONLY- ENTER REDRYER........ 30.00 %
AT COOLING SECTION... 5.00 %
EXIT REDRYER......... 15.00 %

STRIP MOISTURE GAINS FROM MAKE-UP USING HOTANTIS:

 

FLUE CURED STACK..................4. 2.00 %
BURLEY STACK... .... ec eee eee eee eee 2.00 %
TOP DRESSING STACK................. 2.00 %
{--- STRIPS APPLIED TO ---| APPL. RATE {| YIELD {| APPL. {| STEAM
FC CASINGS | FLUE ORNT BRLY RECON | (LBS/M LBS) | M.C.% | TEMP. | TEMP.
NONE { ! t i t
i i 1 i i
BURLEY CASINGS | i { i i
C-726 i x { 422.71 1 26.7 } 180 ; 9
MGC-817 { xX ' 36.42 + 28.0 { 120 | 0
HOTANTIS ' x I 41.68 i; 30.0 } 180 ; 160
CUT TOBACCO: MT-778 GRADE BIN: 979 UNCASED BURLEY, BEST SAMPLE 327277
-- FLUE CURED -- -- BURLEY -- -- ORIENTAL -- -- RECONSTITUTED --

GRADE BIN % GRADE BIN % GRADE BIN %

1 1
! I GRADE BIN %
: 979 BSTU 100.0 |
t t
1 1

TOTAL 0.0 TOTAL 100.0 TOTAL 0.0 TOTAL 0.0
GRADE BIN GRADE PERCENT LBS AT 12.5 % SOLID LBS LBS AT TARGET
979 BSTU BiB 38.10 3,848.1 3,367.1 3,961.3 @ 15.0 %

B2B 28.92 2,920.9 2,555.8 3,006.8

CB2B 5.41 546.4 478.1 562.5

R1B 8.11 819.1 . 716.7 843.2

WB1B 12.16 1,228.2 1,074.6 1,264.3

WB3B 7.30 737.3 645.1 753.0

10,100.0 8,837.5 10,397.1

THE ABOVE GRADES CAN BE STAGED ACCORDING TO THE FOLLOWING FORMULA:

LBS UNITS TOTAL REQUIRED ADDED
GRADE PER UNIT REQUIRED POUNDS POUNDS POUNDS
B1B 962 4 3848 3848 0
B2B 962 3 2886 2921 35
CB2B 962 Q 0 546 546
R1B 362 9 0 819 819
WB1B 400 3 1200 1228 28
WE3B 400 1 400 , 737 337

583232686
","CUT TOBACCO: MT-778
STATUS: DEVELOPMENTAL
DESCRIPTION: CASED, REDR BUR FOR BEST 327391

BLEND: BW-6068 THE BURLEY IS REDRIED
MOISTURE TARGETS: FINAL (IN CIGARETTE)..............- 15.00 %
FLUE CURED STRIPS IN BULKER........ 21.00 %
BURLEY STRIPS IN STRIPS BULKER..... 30.00 %
REDRIED ONLY- ENTER REDRYER........ 30.00 %
AT COOLING SECTION... 5.00 %
EXIT REDRYER......... 15.00 %

STRIP MOISTURE GAINS FROM MAKE-UP USING HOTANTIS:

 

FLUE CURED STACK...............400. 2.00 %
BURLEY STACK......... 02. cue e eens 2.00 %
TOP DRESSING STACK................. 2.00 %
{--- STRIPS APPLIED TO --~; APPL. RATE {| YIELD {| APPL. {| STEAM
FC CASINGS | FLUE ORNT BRLY RECON | (LBS/M LBS) | M.C.% | TEMP. | TEMP.
NONE t ‘ t I !
i ' ' i i
BURLEY CASINGS ; i ' \ '
C-726 i x ‘ 422.71 1 26.7 } 180 | 0
MGC-817 ' xX ' 36.42 i 28.0 { 120 ; 0
HOTANTIS ' x t 41.68 i 30.0 } 180 {| 160
CUT TOBACCO: MT-778 GRADE BIN: 979 UNCASED BURLEY, BEST SAMPLE 327277
-- FLUE CURED -- -- BURLEY -- {| -- ORIENTAL -- -- RECONSTITUTED --

GRADE BIN % GRADE BIN %

i)

' ' GRADE BIN %
: 979 BSTU) 100.0 |

1 t

1 i

GRADE BIN %

'
l
1
1
‘
1
‘
'

TOTAL 0.0 TOTAL 100.0 TOTAL 0.0 TOTAL 0.0
GRADE BIN GRADE PERCENT LBS AT 12.5 % SOLID LBS LBS AT TARGET
979 BSTU BiB 38.10 3,848.1 3,367.1 3,961.3 @ 15.0 %

B2B 28.92 2,920.9 2,555.8 3,006.8

CB2B 5.41 546.4 478.1 562.5

R1B 8.11 819.1 . 716.7 843.2

WB1B 12.16 1,228.2 1,074.6 1,264.3

WB3B 7.30 737.3 645.1 753.0

10,100.0 8,837.5 10,397.1

THE ABOVE GRADES CAN BE STAGED ACCORDING TO THE FOLLOWING FORMULA:

LBS UNITS TOTAL REQUIRED ADDED
GRADE PER UNIT REQUIRED POUNDS POUNDS POUNDS
B1B 962 4 3848 3848 0
B2B 962 3 2886 2921 35
CB2B 962 Q 0 546 546
R1iB 962 0 0 819 819
WB1B 400 3 1200 1228 28
WB3B 400 1 400 737 337

583232686
",True,True,5.488,7.693
208,28.0,table/list,simple,"CUT TOBACCO: MT-778
STATUS: DEVELOPMENTAL
DESCRIPTION: CASED, REDR BUR FOR BEST 327391

BLEND: BW-6068 THE BURLEY IS REDRIED
MOISTURE TARGETS: FINAL (IN CIGARETTE)..............- 15.00 %
FLUE CURED STRIPS IN BULKER........ 21.00 %
BURLEY STRIPS IN STRIPS BULKER..... 30.00 %
REDRIED ONLY- ENTER REDRYER........ 30.00 %
AT COOLING SECTION... 5.00 %
EXIT REDRYER......... 15.00 %

STRIP MOISTURE GAINS FROM MAKE-UP USING HOTANTIS:

 

FLUE CURED STACK..................4. 2.00 %
BURLEY STACK... .... ec eee eee eee eee 2.00 %
TOP DRESSING STACK................. 2.00 %
{--- STRIPS APPLIED TO ---| APPL. RATE {| YIELD {| APPL. {| STEAM
FC CASINGS | FLUE ORNT BRLY RECON | (LBS/M LBS) | M.C.% | TEMP. | TEMP.
NONE { ! t i t
i i 1 i i
BURLEY CASINGS | i { i i
C-726 i x { 422.71 1 26.7 } 180 ; 9
MGC-817 { xX ' 36.42 + 28.0 { 120 | 0
HOTANTIS ' x I 41.68 i; 30.0 } 180 ; 160
CUT TOBACCO: MT-778 GRADE BIN: 979 UNCASED BURLEY, BEST SAMPLE 327277
-- FLUE CURED -- -- BURLEY -- -- ORIENTAL -- -- RECONSTITUTED --

GRADE BIN % GRADE BIN % GRADE BIN %

1 1
! I GRADE BIN %
: 979 BSTU 100.0 |
t t
1 1

TOTAL 0.0 TOTAL 100.0 TOTAL 0.0 TOTAL 0.0
GRADE BIN GRADE PERCENT LBS AT 12.5 % SOLID LBS LBS AT TARGET
979 BSTU BiB 38.10 3,848.1 3,367.1 3,961.3 @ 15.0 %

B2B 28.92 2,920.9 2,555.8 3,006.8

CB2B 5.41 546.4 478.1 562.5

R1B 8.11 819.1 . 716.7 843.2

WB1B 12.16 1,228.2 1,074.6 1,264.3

WB3B 7.30 737.3 645.1 753.0

10,100.0 8,837.5 10,397.1

THE ABOVE GRADES CAN BE STAGED ACCORDING TO THE FOLLOWING FORMULA:

LBS UNITS TOTAL REQUIRED ADDED
GRADE PER UNIT REQUIRED POUNDS POUNDS POUNDS
B1B 962 4 3848 3848 0
B2B 962 3 2886 2921 35
CB2B 962 Q 0 546 546
R1B 362 9 0 819 819
WB1B 400 3 1200 1228 28
WE3B 400 1 400 , 737 337

583232686
","CUT TOBACCO: MT-778
STATUS: DEVELOPMENTAL
DESCRIPTION: CASED, REDR BUR FOR BEST 327391

BLEND: BW-6068 THE BURLEY IS REDRIED
MOISTURE TARGETS: FINAL (IN CIGARETTE)..............- 15.00 %
FLUE CURED STRIPS IN BULKER........ 21.00 %
BURLEY STRIPS IN STRIPS BULKER..... 30.00 %
REDRIED ONLY- ENTER REDRYER........ 30.00 %
AT COOLING SECTION... 5.00 %
EXIT REDRYER......... 15.00 %

STRIP MOISTURE GAINS FROM MAKE-UP USING HOTANTIS:

 

FLUE CURED STACK...............400. 2.00 %
BURLEY STACK......... 02. cue e eens 2.00 %
TOP DRESSING STACK................. 2.00 %
{--- STRIPS APPLIED TO --~; APPL. RATE {| YIELD {| APPL. {| STEAM
FC CASINGS | FLUE ORNT BRLY RECON | (LBS/M LBS) | M.C.% | TEMP. | TEMP.
NONE t ‘ t I !
i ' ' i i
BURLEY CASINGS ; i ' \ '
C-726 i x ‘ 422.71 1 26.7 } 180 | 0
MGC-817 ' xX ' 36.42 i 28.0 { 120 ; 0
HOTANTIS ' x t 41.68 i 30.0 } 180 {| 160
CUT TOBACCO: MT-778 GRADE BIN: 979 UNCASED BURLEY, BEST SAMPLE 327277
-- FLUE CURED -- -- BURLEY -- {| -- ORIENTAL -- -- RECONSTITUTED --

GRADE BIN % GRADE BIN %

i)

' ' GRADE BIN %
: 979 BSTU) 100.0 |

1 t

1 i

GRADE BIN %

'
l
1
1
‘
1
‘
'

TOTAL 0.0 TOTAL 100.0 TOTAL 0.0 TOTAL 0.0
GRADE BIN GRADE PERCENT LBS AT 12.5 % SOLID LBS LBS AT TARGET
979 BSTU BiB 38.10 3,848.1 3,367.1 3,961.3 @ 15.0 %

B2B 28.92 2,920.9 2,555.8 3,006.8

CB2B 5.41 546.4 478.1 562.5

R1B 8.11 819.1 . 716.7 843.2

WB1B 12.16 1,228.2 1,074.6 1,264.3

WB3B 7.30 737.3 645.1 753.0

10,100.0 8,837.5 10,397.1

THE ABOVE GRADES CAN BE STAGED ACCORDING TO THE FOLLOWING FORMULA:

LBS UNITS TOTAL REQUIRED ADDED
GRADE PER UNIT REQUIRED POUNDS POUNDS POUNDS
B1B 962 4 3848 3848 0
B2B 962 3 2886 2921 35
CB2B 962 Q 0 546 546
R1iB 962 0 0 819 819
WB1B 400 3 1200 1228 28
WB3B 400 1 400 737 337

583232686
",True,True,5.464,7.66
209,Z86,form,simple," 

 

 

RESPONSE CODE REQUEST
i Page 2
\.Jeompleted By: Jovee Bagby | Date: June 23, 1097

of

: BRC +. Z86
System Corporate

Conversion Program .NA

Lape mene rhe ay nt

* om

He
i
he
pve
we
te

Program Group .©

Source __28

 

Type A
ClubAffiliation NA
Club Status NA
MFiD __NA
| . Spec. Processes
Prioty Gode
3 Duplicate PIDS

Default Conv. SRC

Default Event

Bounceback Routine
BB Spec. Process ____
Promoting Brand

Call Routine

 

Program Routine
Targeting Routine
Status

Flow

COMMENTS

ee ber

Fz:

ween

fd

. Helpful Hints:

 

TT

System = Brand Sub-system(s) If this code is for evaluation and/or entry Into conversion pgm.
System = Conversion Sub-system if this code is for response to mallings from conversion pgm.
Special Processes: 800 = Personal Selling source / 830 = Flow 2 (Ret/Med/Cont) source.
Default Event = “BRC” for Flow 2 (Ret/Med/Cont) sources.

CLE 99TTS
","He RESPONSE CODE REQUEST

Page 2

-

“Pomplotd By, Joyce Bagby Date: June 23, 1997

. BRC 7 Z86

System __Corporate ‘CPBRC Special Process

BE

re

Conversion Program .NA

ProgramGroup 9. DefaultConv.SRC

Soper,

Source __28 Default Event
Type A
ClubAffiliation NA Bounceback Routine

ClubStatus NA ———“C;C—CCC_ BB Spo. Procenss

MpiID NA —CCéS: Promoting Brad

 

Spec. Processes Call Routine
Prionty Codon Pram Routine
4 DuplicatePIDS Targeting Routine
Status

Flow
COMMENTS

* System = Brand Sub-system(s) If this code is for evaluation and/or entry Into conversion pgm.
System = Conversion Sub-system if this code is for response to mallings from conversion pgm.
Special Processes: 800 = Personal Selling source / 830 = Flow 2 (Ret/Med/Cont) source.
Default Event = ""BRC"" for Flow 2 (Ret/Med/Cont) sources.

 

CLE 99CTS
",True,True,2.511,3.224
210,Consumer Dynamics GPC,layout,medium,"a
~~ .
| we Consumer Dynamics

Bey’ GPE

Retention of Franchise: 83.6%
> Rate of Switching Losses 9.0%
» Rate of Quitting Losses 7.4%

 

Single Brand Users in the Franchise: 48.5% | | :
» Share of Industry Switchers Gained: 11.4% (285) | | |

¢ Share of the 21-25 Segment: 2.5% { 64)

 

Source: USMM 1/95-6/95, 12-Month Data

LESZO00PTE
"," 

~

! we Consumer Dynamics

Bay GPC

Retention of Franchise:
>» Rate of Switching Losses
» Rate of Quitting Losses

 

Single Brand Users in the Franchise: |
i ¢ Share of Industry Switchers Gained: 11.4% (285) ‘ i |

¢ Share of the 21-25 Segment: 2.5% { 64)

 

Source: USMM 1/95-6/95, 12-Month Data

LESZ00PTE
/
|
|
|
|
|
i
|
",False,False,1.34,1.074
211,(89),table/list,simple,"a
~~ .
| we Consumer Dynamics

Bey’ GPE

Retention of Franchise: 83.6%
> Rate of Switching Losses 9.0%
» Rate of Quitting Losses 7.4%

 

Single Brand Users in the Franchise: 48.5% | | :
» Share of Industry Switchers Gained: 11.4% (285) | | |

¢ Share of the 21-25 Segment: 2.5% { 64)

 

Source: USMM 1/95-6/95, 12-Month Data

LESZO00PTE
"," 

~

! we Consumer Dynamics

Bay GPC

Retention of Franchise:
>» Rate of Switching Losses
» Rate of Quitting Losses

 

Single Brand Users in the Franchise: |
i ¢ Share of Industry Switchers Gained: 11.4% (285) ‘ i |

¢ Share of the 21-25 Segment: 2.5% { 64)

 

Source: USMM 1/95-6/95, 12-Month Data

LESZ00PTE
/
|
|
|
|
|
i
|
",False,False,1.38,1.869
212,69,table/list,simple,"a
~~ .
| we Consumer Dynamics

Bey’ GPE

Retention of Franchise: 83.6%
> Rate of Switching Losses 9.0%
» Rate of Quitting Losses 7.4%

 

Single Brand Users in the Franchise: 48.5% | | :
» Share of Industry Switchers Gained: 11.4% (285) | | |

¢ Share of the 21-25 Segment: 2.5% { 64)

 

Source: USMM 1/95-6/95, 12-Month Data

LESZO00PTE
"," 

~

! we Consumer Dynamics

Bay GPC

Retention of Franchise:
>» Rate of Switching Losses
» Rate of Quitting Losses

 

Single Brand Users in the Franchise: |
i ¢ Share of Industry Switchers Gained: 11.4% (285) ‘ i |

¢ Share of the 21-25 Segment: 2.5% { 64)

 

Source: USMM 1/95-6/95, 12-Month Data

LESZ00PTE
/
|
|
|
|
|
i
|
",False,False,2.252,1.241
213,2.5%,table/list,simple,"a
~~ .
| we Consumer Dynamics

Bey’ GPE

Retention of Franchise: 83.6%
> Rate of Switching Losses 9.0%
» Rate of Quitting Losses 7.4%

 

Single Brand Users in the Franchise: 48.5% | | :
» Share of Industry Switchers Gained: 11.4% (285) | | |

¢ Share of the 21-25 Segment: 2.5% { 64)

 

Source: USMM 1/95-6/95, 12-Month Data

LESZO00PTE
"," 

~

! we Consumer Dynamics

Bay GPC

Retention of Franchise:
>» Rate of Switching Losses
» Rate of Quitting Losses

 

Single Brand Users in the Franchise: |
i ¢ Share of Industry Switchers Gained: 11.4% (285) ‘ i |

¢ Share of the 21-25 Segment: 2.5% { 64)

 

Source: USMM 1/95-6/95, 12-Month Data

LESZ00PTE
/
|
|
|
|
|
i
|
",True,True,1.281,1.066
214,"USMM 1/95-6/95, 12 Month Data",form,medium,"a
~~ .
| we Consumer Dynamics

Bey’ GPE

Retention of Franchise: 83.6%
> Rate of Switching Losses 9.0%
» Rate of Quitting Losses 7.4%

 

Single Brand Users in the Franchise: 48.5% | | :
» Share of Industry Switchers Gained: 11.4% (285) | | |

¢ Share of the 21-25 Segment: 2.5% { 64)

 

Source: USMM 1/95-6/95, 12-Month Data

LESZO00PTE
"," 

~

! we Consumer Dynamics

Bay GPC

Retention of Franchise:
>» Rate of Switching Losses
» Rate of Quitting Losses

 

Single Brand Users in the Franchise: |
i ¢ Share of Industry Switchers Gained: 11.4% (285) ‘ i |

¢ Share of the 21-25 Segment: 2.5% { 64)

 

Source: USMM 1/95-6/95, 12-Month Data

LESZ00PTE
/
|
|
|
|
|
i
|
",False,False,1.299,1.106
215,12427,table/list,simple," 

I. COLLABORATION WITH ECUSTA TO DEVELOP RIP PAPER

1. Evaluate 7-15 Coresta papers w/GPC blend to determine Pass/Fail

on RIP-4.

PAPER CODE POROSITY CITRATE RIP-4
12427 15 0.55 LI/INI/4SE
991034 12 0.30 6SE/6
99399 10 0.30 1I/1NL/5SE
99105 7.5 0.30 6SE/6

2. Determine Effect of Citrate on IP (Base Sheet 99103A-12 Coresta)

cIG.# CITRATE (% ALKALE METAL RIP-4
0 Control -- 6SE/6
2 0.25 NA+ 6SE/6
3 0.50 NA+ 6SE/6
4 1.00 NA+ 1NI/5SE
5 0.25 K+ INI/5SE
6 0.50 K+ 11/1NI/4SE
7 0.25 NA+/K+ 6SE/6
8 0.50 NA+/K+ INT/5SE
9 1.00 Na+/K+ 6SE/6

II. THE EFFECT OF RINSE OF FABRIC ON IGNITION PROPENSITY

 

CIG. NAME RIP-4 RIP-6

Before Wash After Wash Before Wash After Wash
KOOL KS 4I/1INI/ISE 8NI/8 81/8 1I/7NI
CAPRI 100 2NI/4SE SNI/3SE

Flame Test of Cotton Ducks Before and After Rinse:

 

COTTON DUCK# FLAME OUT TIME(S)*
Before After
4 276 128
6 316 133

*Four Measurements Average

p4fa77.wp .3

384100579

 
","I. COLLABORATION WITH ECUSTA TO DEVELOP RIP PAPER

1. Evaluate 7-15 Coresta papers w/GPC blend to determine Pass/Fail

on RIP-4.

PAPER CODE POROSITY SITRATE RIP-4
12427 15 0.55 LI/INT/4SE
991034 12 0.30 6SE/6
99399 10 0.30 LL/INL/SSE
99105 7.5 0.30 6SE/6

2. Determine Effect of Citrate on IP (Base Sheet 99103A-12 Coresta)

SIG.it GETRATE (3) ALKALI METAL =
Control .- 6SE/6

 

2 0.25 NA+ 6SE/6

3 0.50 NA+ 6SE/6

4 1.00 NA+ 1NI/5SE

5 0.25 K+ 1INI/5SE

6 0.50 K+ 1I/INI/4SE
7 0.25 NA+/K+ 6SE/6

8 0.50 NA+/R+ 1NT/5SE

9 1.00 NA+/K+ 6SE/6

II. THE EFFECT OF RINSE OF FABRIC ON IGNITION PROPENSITY

CG. NAME RIP-4 RIP-6
Before Wash After Wash Before Vash After Wash

KOOL KS 4I/INI/ISE = 8N1/8 81/8 11/7NI
CAPRI 100 2NI/4SE SNI/3SE
St Cot. s Before and

COTTON DUCK; FLAME OUT TIME(S)*
Before After
4 276 128
6 316 133

*Four Measurements Average

p4f477.wp .3

584100579

 

Source: hitps sandustrydocuments.ucsf edufdocs/sncjO03 7

 
",True,True,2.508,3.876
216,12,table/list,simple," 

I. COLLABORATION WITH ECUSTA TO DEVELOP RIP PAPER

1. Evaluate 7-15 Coresta papers w/GPC blend to determine Pass/Fail

on RIP-4.

PAPER CODE POROSITY CITRATE RIP-4
12427 15 0.55 LI/INI/4SE
991034 12 0.30 6SE/6
99399 10 0.30 1I/1NL/5SE
99105 7.5 0.30 6SE/6

2. Determine Effect of Citrate on IP (Base Sheet 99103A-12 Coresta)

cIG.# CITRATE (% ALKALE METAL RIP-4
0 Control -- 6SE/6
2 0.25 NA+ 6SE/6
3 0.50 NA+ 6SE/6
4 1.00 NA+ 1NI/5SE
5 0.25 K+ INI/5SE
6 0.50 K+ 11/1NI/4SE
7 0.25 NA+/K+ 6SE/6
8 0.50 NA+/K+ INT/5SE
9 1.00 Na+/K+ 6SE/6

II. THE EFFECT OF RINSE OF FABRIC ON IGNITION PROPENSITY

 

CIG. NAME RIP-4 RIP-6

Before Wash After Wash Before Wash After Wash
KOOL KS 4I/1INI/ISE 8NI/8 81/8 1I/7NI
CAPRI 100 2NI/4SE SNI/3SE

Flame Test of Cotton Ducks Before and After Rinse:

 

COTTON DUCK# FLAME OUT TIME(S)*
Before After
4 276 128
6 316 133

*Four Measurements Average

p4fa77.wp .3

384100579

 
","I. COLLABORATION WITH ECUSTA TO DEVELOP RIP PAPER

1. Evaluate 7-15 Coresta papers w/GPC blend to determine Pass/Fail

on RIP-4.

PAPER CODE POROSITY SITRATE RIP-4
12427 15 0.55 LI/INT/4SE
991034 12 0.30 6SE/6
99399 10 0.30 LL/INL/SSE
99105 7.5 0.30 6SE/6

2. Determine Effect of Citrate on IP (Base Sheet 99103A-12 Coresta)

SIG.it GETRATE (3) ALKALI METAL =
Control .- 6SE/6

 

2 0.25 NA+ 6SE/6

3 0.50 NA+ 6SE/6

4 1.00 NA+ 1NI/5SE

5 0.25 K+ 1INI/5SE

6 0.50 K+ 1I/INI/4SE
7 0.25 NA+/K+ 6SE/6

8 0.50 NA+/R+ 1NT/5SE

9 1.00 NA+/K+ 6SE/6

II. THE EFFECT OF RINSE OF FABRIC ON IGNITION PROPENSITY

CG. NAME RIP-4 RIP-6
Before Wash After Wash Before Vash After Wash

KOOL KS 4I/INI/ISE = 8N1/8 81/8 11/7NI
CAPRI 100 2NI/4SE SNI/3SE
St Cot. s Before and

COTTON DUCK; FLAME OUT TIME(S)*
Before After
4 276 128
6 316 133

*Four Measurements Average

p4f477.wp .3

584100579

 

Source: hitps sandustrydocuments.ucsf edufdocs/sncjO03 7

 
",True,True,3.539,3.016
217,Citrate,free_text,simple," 

I. COLLABORATION WITH ECUSTA TO DEVELOP RIP PAPER

1. Evaluate 7-15 Coresta papers w/GPC blend to determine Pass/Fail

on RIP-4.

PAPER CODE POROSITY CITRATE RIP-4
12427 15 0.55 LI/INI/4SE
991034 12 0.30 6SE/6
99399 10 0.30 1I/1NL/5SE
99105 7.5 0.30 6SE/6

2. Determine Effect of Citrate on IP (Base Sheet 99103A-12 Coresta)

cIG.# CITRATE (% ALKALE METAL RIP-4
0 Control -- 6SE/6
2 0.25 NA+ 6SE/6
3 0.50 NA+ 6SE/6
4 1.00 NA+ 1NI/5SE
5 0.25 K+ INI/5SE
6 0.50 K+ 11/1NI/4SE
7 0.25 NA+/K+ 6SE/6
8 0.50 NA+/K+ INT/5SE
9 1.00 Na+/K+ 6SE/6

II. THE EFFECT OF RINSE OF FABRIC ON IGNITION PROPENSITY

 

CIG. NAME RIP-4 RIP-6

Before Wash After Wash Before Wash After Wash
KOOL KS 4I/1INI/ISE 8NI/8 81/8 1I/7NI
CAPRI 100 2NI/4SE SNI/3SE

Flame Test of Cotton Ducks Before and After Rinse:

 

COTTON DUCK# FLAME OUT TIME(S)*
Before After
4 276 128
6 316 133

*Four Measurements Average

p4fa77.wp .3

384100579

 
","I. COLLABORATION WITH ECUSTA TO DEVELOP RIP PAPER

1. Evaluate 7-15 Coresta papers w/GPC blend to determine Pass/Fail

on RIP-4.

PAPER CODE POROSITY SITRATE RIP-4
12427 15 0.55 LI/INT/4SE
991034 12 0.30 6SE/6
99399 10 0.30 LL/INL/SSE
99105 7.5 0.30 6SE/6

2. Determine Effect of Citrate on IP (Base Sheet 99103A-12 Coresta)

SIG.it GETRATE (3) ALKALI METAL =
Control .- 6SE/6

 

2 0.25 NA+ 6SE/6

3 0.50 NA+ 6SE/6

4 1.00 NA+ 1NI/5SE

5 0.25 K+ 1INI/5SE

6 0.50 K+ 1I/INI/4SE
7 0.25 NA+/K+ 6SE/6

8 0.50 NA+/R+ 1NT/5SE

9 1.00 NA+/K+ 6SE/6

II. THE EFFECT OF RINSE OF FABRIC ON IGNITION PROPENSITY

CG. NAME RIP-4 RIP-6
Before Wash After Wash Before Vash After Wash

KOOL KS 4I/INI/ISE = 8N1/8 81/8 11/7NI
CAPRI 100 2NI/4SE SNI/3SE
St Cot. s Before and

COTTON DUCK; FLAME OUT TIME(S)*
Before After
4 276 128
6 316 133

*Four Measurements Average

p4f477.wp .3

584100579

 

Source: hitps sandustrydocuments.ucsf edufdocs/sncjO03 7

 
",True,True,2.422,3.05
218,KOOL KS and CAPRI 100,table/list,medium," 

I. COLLABORATION WITH ECUSTA TO DEVELOP RIP PAPER

1. Evaluate 7-15 Coresta papers w/GPC blend to determine Pass/Fail

on RIP-4.

PAPER CODE POROSITY CITRATE RIP-4
12427 15 0.55 LI/INI/4SE
991034 12 0.30 6SE/6
99399 10 0.30 1I/1NL/5SE
99105 7.5 0.30 6SE/6

2. Determine Effect of Citrate on IP (Base Sheet 99103A-12 Coresta)

cIG.# CITRATE (% ALKALE METAL RIP-4
0 Control -- 6SE/6
2 0.25 NA+ 6SE/6
3 0.50 NA+ 6SE/6
4 1.00 NA+ 1NI/5SE
5 0.25 K+ INI/5SE
6 0.50 K+ 11/1NI/4SE
7 0.25 NA+/K+ 6SE/6
8 0.50 NA+/K+ INT/5SE
9 1.00 Na+/K+ 6SE/6

II. THE EFFECT OF RINSE OF FABRIC ON IGNITION PROPENSITY

 

CIG. NAME RIP-4 RIP-6

Before Wash After Wash Before Wash After Wash
KOOL KS 4I/1INI/ISE 8NI/8 81/8 1I/7NI
CAPRI 100 2NI/4SE SNI/3SE

Flame Test of Cotton Ducks Before and After Rinse:

 

COTTON DUCK# FLAME OUT TIME(S)*
Before After
4 276 128
6 316 133

*Four Measurements Average

p4fa77.wp .3

384100579

 
","I. COLLABORATION WITH ECUSTA TO DEVELOP RIP PAPER

1. Evaluate 7-15 Coresta papers w/GPC blend to determine Pass/Fail

on RIP-4.

PAPER CODE POROSITY SITRATE RIP-4
12427 15 0.55 LI/INT/4SE
991034 12 0.30 6SE/6
99399 10 0.30 LL/INL/SSE
99105 7.5 0.30 6SE/6

2. Determine Effect of Citrate on IP (Base Sheet 99103A-12 Coresta)

SIG.it GETRATE (3) ALKALI METAL =
Control .- 6SE/6

 

2 0.25 NA+ 6SE/6

3 0.50 NA+ 6SE/6

4 1.00 NA+ 1NI/5SE

5 0.25 K+ 1INI/5SE

6 0.50 K+ 1I/INI/4SE
7 0.25 NA+/K+ 6SE/6

8 0.50 NA+/R+ 1NT/5SE

9 1.00 NA+/K+ 6SE/6

II. THE EFFECT OF RINSE OF FABRIC ON IGNITION PROPENSITY

CG. NAME RIP-4 RIP-6
Before Wash After Wash Before Vash After Wash

KOOL KS 4I/INI/ISE = 8N1/8 81/8 11/7NI
CAPRI 100 2NI/4SE SNI/3SE
St Cot. s Before and

COTTON DUCK; FLAME OUT TIME(S)*
Before After
4 276 128
6 316 133

*Four Measurements Average

p4f477.wp .3

584100579

 

Source: hitps sandustrydocuments.ucsf edufdocs/sncjO03 7

 
",False,False,3.866,3.516
219,"Fred L. Smith, Jr.",free_text,medium," 

 

THE PRESIDENT

F red L, Smith, Jr. is CEI's founder and president.
Called a ""resourceful and imaginative coalition-builder""
by the National Journal, Fred Smith brings together
leading scientists, business people, and free-market
advocates to promote market-oriented public policy.
An honors graduate of Tulane University, he received
his graduate training in economics and operations
research at the University of Pennsylvania. He is the
co-editor of Environmental Politics: Public Costs,
Private Rewards and has contributed to a number of
books including Market Liberalism: A Paradigm for
the 21st Century and Assessing the Reagan Years.

 

INSTITUTE STAFF

Jonathan Adler - Associate Director of Environmental Studies
James Bovard - Adjunct Analyst

Greg Conko - Policy Analyst

Patrick Cox - Director, Arts Research Center
Christopher Culp - Senior Fellow in Financial Regulation
Michael DeAlessi - Research Associate

Julie DeFalco - Policy Analyst

Julie Eagle - Assistant Director of Development

Paul Georgia - Research Associate

J.J. Green - Research Director

James Heetderks - Director of Administration

Helen Hewitt - Assistant to the President

Sam Kazman - General Counsel

Urs Kreuter - Adjunct Analyst

Marlo Lewis - Executive Director

Ben Lieberman - Evwironmental Research Associate
Michelle Malkin - 1995 Warren T. Brookes Fellow
Thomas Miller - Senior Policy Analyst

Cassandra Chrones Moore - Adjunct Analyst
Robert Nelson - Senior Fellow in Environmental Studies
James Sheehan - Research Associate

Greg Smith - Director of Public Relations

R.J. Smith - Senior Environmental Scholar

Brian Seasholes - Exvironmental Research Associate
Ike Sugg - Fellow in Wildlife and Land Use Policy
Jason Taylor - Director of Development

Jonathan Tolman - Exvironmental Policy Analyst

CEI CONTRIBUTORS

The following foundations, corporations, and individuals
support the Institute's work. These supporters may, of
course, differ with specific policy initiatives, however,
their support indicates their recognition of the value of
CEI's candid and innovative public policy research
examining market-based solutions based on individual
liberty.

Competitive Allies

(annual contributions of $10,000 or more)

Aequus Institute

Amoco Foundation, Inc.

The Lynde and Harry Bradley Foundation

The Carthage Foundation

Anonymous

The Coca-Cola Company

ELL. Craig Foundation

CSX Corporation

Earhart Foundation

Fieldstead and Co.

FMC Foundation

Ford Motor Company Fund

Anonymous

Jaqueline Hume Foundation

Mr. Michael Keiser

David H. Koch Charitable Foundation

Anonymous

Phillip M. McKenna Foundation, Inc.

Anonymous

Philip Morris Companies Inc.

Pfizer Inc.

Anonymous

Precision Valve Corporation

Prince Foundation

Anonymous

Anonymous

The Rodney Fund

Mr. Sheldon Rose

Sarah Scaife Foundation

Anonymous

Anonymous

Anonymous

Anonymous

Texaco Inc.

Texaco Foundation

Mr. William Dunn

 -

COMPETITIVE ENTERPRISE INSTITUTE

   

BB? enna

ae a
if

   

Competitive Enterprise Institute
1001 Connecticut Avenue, NW
Suite 1250

Washington, DC 20036
(202) 331-1010
"," 

 

THE PRESIDENT

F red L. Smith, Jr. is CEI's founder and president.
Called a ""resourceful and imaginative coalition-builder""
by the National Journal, Fred Smith brings together
leading scientists, business people, and free-market
advocates to promote market-oriented public policy.
An honors graduate of Tulane University, he received
his graduate training in economics and operations
Tesearch at the University of Pennsylvania. He is the
co-editor of Environmental Politics: Public Costs,
Private Rewards and has contributed to a number of
books including Market Liberalism: A Paradigm for
the 21st Century and Assessing the Reagan Years.

 

INSTITUTE STAFF

Jonathan Adler - Associate Director of Environmental Studies
James Bovard - Adjunct Analyst

Greg Conko - Policy Analyst

Patrick Cox - Director, Aris Research Center
Christopher Culp - Senior Fellow in Financial Regulation
Michael DeAlessi - Research Associate

Julie DeFalco - Poticy Analyst

Julie Eagle - Assistant Director of Development

Paul Georgia - Research Associate

J.J. Green - Research Director

James Heetderks - Director of Administration

Helen Hewitt - Assistant to the President

Sam Kazman - General Counsel

Urs Kreuter - Adjunct Analyst

Marlo Lewis - Executive Director

Ben Lieberman - Exvironmental Research Associate
Michelle Malkin - 1995 Warren T. Brookes Fellow
Thomas Miller - Senior Policy Analyst

Cassandra Chrones Moore - Adjunct Analyst
Robert Nelson - Senior Fellow in Environmental Studies
James Sheehan - Research Associate

Greg Smith - Director of Public Relations

R.J. Smith - Senior Environmental Scholar

Brian Seasholes - Exvironmental Research Associate
Ike Sugg - Fellow in Wildlife and Land Use Policy
Jason Taylor - Director of Development

Jonathan Tolman - Environmental Policy Analyst

CEI CONTRIBUTORS

The following foundations, corporations, and individuals
support the Institute's work. These supporters may, of

course, differ with specific policy initiatives, however,

their support indicates their recognition of the value of

CEI's candid and innovative public policy research

examining market-based solutions based on individual
iberty.

Competitive Allies

(annual contributions of $10,000 or more)
Aequus Institute

Amoco Foundation, Inc.

The Lynde and Harry Bradley Foundation
The Carthage Foundation

Anonymous

The Coca-Cola Company

ELL. Craig Foundation

CSX Corporation

Earhart Foundation

Fieldstead and Co,

FMC Foundation

Ford Motor Company Fund
Anonymous

Jaqueline Hume Foundation

Mr. Michael Keiser

David H. Koch Charitable Foundation
Anonymous

Phillip M. McKenna Foundation, Inc.
Anonymous

Philip Morris Companies Inc.

Pfizer Inc.

Anonymous

Precision Valve Corporation

Prince Foundation

Anonymous

Anonymous

The Rodney Fund

Mr. Sheldon Rose

Sarah Scaife Foundation

Anonymous
Anonymous
Anonymous
Anonymous
Texaco Inc.
Texaco Foundation
Mr. William Dunn

—<$——<

COMPETITIVE ENTERPRISE SNSTITUTE

 

Competitive Enterprise Institute
1001 Connecticut Avenue, NW
Suite 1250

Washington, DC 20036
(202) 331-1010
",False,False,7.214,8.469
220,14-3006-14,form,simple," 

RJRT CONFIDENTIAL
JOB ASSIGNMENT ADDENDUM

TITLE: 2014 NAS KANSAS CITY A/T/P Pre Wave
PROPOSAL #: 14-3006-14
SUPPLIER: BURKE
This Job Assignment Addendum, including the Proposal attached hereto and hereby
incorporated by reference, is made as of the date below pursuant to the Master Contract
between R. J. Reynolds Tobacco Company and Supplier. The provisions thereof are
incorporated herein.

RESEARCH OBJECTIVES:
* Measure the market impact of the Natural American Spirit Consumer Engagement
Program in the Nashville Market in the following areas:
+ Consumer Disposition Funnel
+ Brand Perceptions
+ Opinion of the Brand
+ Awareness and Experience of the NAS CE Activities

   

  

 

TIMING: ACCOUNTING CODES:
Project approval 6/6 Source of Funds: SFNTC Research
e Pre Wave Program Set-Up & Budget
Execution - Early June, 2014 GL Code:3006-560000010-95050
« Data Collection — June, 2014
Internal Order #: 907145-846500

 

ITEMIZED COSTS:

 

Pre Wave: $37,000 $37,000
Post Wave 1: $40,000
Post Wave 2: $40,800

*Total billed in 2014 will be for work delivered
in 2014. Total project anticipated at
$117,800 and includes ~$80,800 to be billed
in 2015. However, work billed in 2015 will
be at 2015 rates upon completion of the

 

 

$37,000*
AGREED TO AND ACCEPTED:

R. J. REYNOLDS TOBACCO COMPANY BURKE

(Name/ Date) (Name/ Date)

53741 0364
"," 

RJRT CONFIDENTIAL
JOB ASSIGNMENT ADDENDUM

TITLE: 2014 NAS KANSAS CITY A/T/P Pre Wave
PROPOSAL #: 14-3006-14
SUPPLIER: BURKE
This Job Assignment Addendum, including the Proposal attached hereto and hereby
incorporated by reference, is made as of the date below pursuant to the Master Contract
between R. J. Reynolds Tobacco Company and Supplier. The provisions thereof are
incorporated herein.

RESEARCH OBJECTIVES:
* Measure the market impact of the Natural American Spirit Consumer Engagement
Program in the Nashville Market in the following areas:
+ Consumer Disposition Funnel
+ Brand Perceptions
+ Opinion of the Brand
« Awareness and Experience of the NAS CE Activities

   

‘TIMING, _ ACCOUNTING CODES: _.
Project approval 6/6 Source of Funds: SFNTC Research
e Pre Wave Program Set-Up & Budget
i Execution - Early June, 2014 GL Code:3006-560000010-95050
: « Data Collection — June, 2014
Internal Order #: 907145-846500
ITEMIZED COSTS:

Phase
Pre Wave: $37,000 $37,000
Post Wave 1: $40,000
Post Wave 2: $40,800

*Total billed in 2014 will be for work delivered
in 2014. Total project anticipated at
$117,800 and includes ~$80,800 to be billed
in 2015. However, work billed in 2015 will
be at 2015 rates upon completion of the

 

 

$37,000*

AGREED TO AND ACCEPTED:
R. J. REYNOLDS TOBACCO COMPANY BURKE

(Name/ Date) (Name/ Date)

53741 0364
",True,True,3.918,4.95
221,"Fred L. Smith, Jr.",free_text,medium," 

 

THE PRESIDENT

F red L, Smith, Jr. is CEI's founder and president.
Called a ""resourceful and imaginative coalition-builder""
by the National Journal, Fred Smith brings together
leading scientists, business people, and free-market
advocates to promote market-oriented public policy.
An honors graduate of Tulane University, he received
his graduate training in economics and operations
research at the University of Pennsylvania. He is the
co-editor of Environmental Politics: Public Costs,
Private Rewards and has contributed to a number of
books including Market Liberalism: A Paradigm for
the 21st Century and Assessing the Reagan Years.

 

INSTITUTE STAFF

Jonathan Adler - Associate Director of Environmental Studies
James Bovard - Adjunct Analyst

Greg Conko - Policy Analyst

Patrick Cox - Director, Arts Research Center
Christopher Culp - Senior Fellow in Financial Regulation
Michael DeAlessi - Research Associate

Julie DeFalco - Policy Analyst

Julie Eagle - Assistant Director of Development

Paul Georgia - Research Associate

J.J. Green - Research Director

James Heetderks - Director of Administration

Helen Hewitt - Assistant to the President

Sam Kazman - General Counsel

Urs Kreuter - Adjunct Analyst

Marlo Lewis - Executive Director

Ben Lieberman - Evwironmental Research Associate
Michelle Malkin - 1995 Warren T. Brookes Fellow
Thomas Miller - Senior Policy Analyst

Cassandra Chrones Moore - Adjunct Analyst
Robert Nelson - Senior Fellow in Environmental Studies
James Sheehan - Research Associate

Greg Smith - Director of Public Relations

R.J. Smith - Senior Environmental Scholar

Brian Seasholes - Exvironmental Research Associate
Ike Sugg - Fellow in Wildlife and Land Use Policy
Jason Taylor - Director of Development

Jonathan Tolman - Exvironmental Policy Analyst

CEI CONTRIBUTORS

The following foundations, corporations, and individuals
support the Institute's work. These supporters may, of
course, differ with specific policy initiatives, however,
their support indicates their recognition of the value of
CEI's candid and innovative public policy research
examining market-based solutions based on individual
liberty.

Competitive Allies

(annual contributions of $10,000 or more)

Aequus Institute

Amoco Foundation, Inc.

The Lynde and Harry Bradley Foundation

The Carthage Foundation

Anonymous

The Coca-Cola Company

ELL. Craig Foundation

CSX Corporation

Earhart Foundation

Fieldstead and Co.

FMC Foundation

Ford Motor Company Fund

Anonymous

Jaqueline Hume Foundation

Mr. Michael Keiser

David H. Koch Charitable Foundation

Anonymous

Phillip M. McKenna Foundation, Inc.

Anonymous

Philip Morris Companies Inc.

Pfizer Inc.

Anonymous

Precision Valve Corporation

Prince Foundation

Anonymous

Anonymous

The Rodney Fund

Mr. Sheldon Rose

Sarah Scaife Foundation

Anonymous

Anonymous

Anonymous

Anonymous

Texaco Inc.

Texaco Foundation

Mr. William Dunn

 -

COMPETITIVE ENTERPRISE INSTITUTE

   

BB? enna

ae a
if

   

Competitive Enterprise Institute
1001 Connecticut Avenue, NW
Suite 1250

Washington, DC 20036
(202) 331-1010
"," 

 

THE PRESIDENT

F red L. Smith, Jr. is CEI's founder and president.
Called a ""resourceful and imaginative coalition-builder""
by the National Journal, Fred Smith brings together
leading scientists, business people, and free-market
advocates to promote market-oriented public policy.
An honors graduate of Tulane University, he received
his graduate training in economics and operations
Tesearch at the University of Pennsylvania. He is the
co-editor of Environmental Politics: Public Costs,
Private Rewards and has contributed to a number of
books including Market Liberalism: A Paradigm for
the 21st Century and Assessing the Reagan Years.

 

INSTITUTE STAFF

Jonathan Adler - Associate Director of Environmental Studies
James Bovard - Adjunct Analyst

Greg Conko - Policy Analyst

Patrick Cox - Director, Aris Research Center
Christopher Culp - Senior Fellow in Financial Regulation
Michael DeAlessi - Research Associate

Julie DeFalco - Poticy Analyst

Julie Eagle - Assistant Director of Development

Paul Georgia - Research Associate

J.J. Green - Research Director

James Heetderks - Director of Administration

Helen Hewitt - Assistant to the President

Sam Kazman - General Counsel

Urs Kreuter - Adjunct Analyst

Marlo Lewis - Executive Director

Ben Lieberman - Exvironmental Research Associate
Michelle Malkin - 1995 Warren T. Brookes Fellow
Thomas Miller - Senior Policy Analyst

Cassandra Chrones Moore - Adjunct Analyst
Robert Nelson - Senior Fellow in Environmental Studies
James Sheehan - Research Associate

Greg Smith - Director of Public Relations

R.J. Smith - Senior Environmental Scholar

Brian Seasholes - Exvironmental Research Associate
Ike Sugg - Fellow in Wildlife and Land Use Policy
Jason Taylor - Director of Development

Jonathan Tolman - Environmental Policy Analyst

CEI CONTRIBUTORS

The following foundations, corporations, and individuals
support the Institute's work. These supporters may, of

course, differ with specific policy initiatives, however,

their support indicates their recognition of the value of

CEI's candid and innovative public policy research

examining market-based solutions based on individual
iberty.

Competitive Allies

(annual contributions of $10,000 or more)
Aequus Institute

Amoco Foundation, Inc.

The Lynde and Harry Bradley Foundation
The Carthage Foundation

Anonymous

The Coca-Cola Company

ELL. Craig Foundation

CSX Corporation

Earhart Foundation

Fieldstead and Co,

FMC Foundation

Ford Motor Company Fund
Anonymous

Jaqueline Hume Foundation

Mr. Michael Keiser

David H. Koch Charitable Foundation
Anonymous

Phillip M. McKenna Foundation, Inc.
Anonymous

Philip Morris Companies Inc.

Pfizer Inc.

Anonymous

Precision Valve Corporation

Prince Foundation

Anonymous

Anonymous

The Rodney Fund

Mr. Sheldon Rose

Sarah Scaife Foundation

Anonymous
Anonymous
Anonymous
Anonymous
Texaco Inc.
Texaco Foundation
Mr. William Dunn

—<$——<

COMPETITIVE ENTERPRISE SNSTITUTE

 

Competitive Enterprise Institute
1001 Connecticut Avenue, NW
Suite 1250

Washington, DC 20036
(202) 331-1010
",False,False,8.167,7.989
222,BURKE,form,simple," 

RJRT CONFIDENTIAL
JOB ASSIGNMENT ADDENDUM

TITLE: 2014 NAS KANSAS CITY A/T/P Pre Wave
PROPOSAL #: 14-3006-14
SUPPLIER: BURKE
This Job Assignment Addendum, including the Proposal attached hereto and hereby
incorporated by reference, is made as of the date below pursuant to the Master Contract
between R. J. Reynolds Tobacco Company and Supplier. The provisions thereof are
incorporated herein.

RESEARCH OBJECTIVES:
* Measure the market impact of the Natural American Spirit Consumer Engagement
Program in the Nashville Market in the following areas:
+ Consumer Disposition Funnel
+ Brand Perceptions
+ Opinion of the Brand
+ Awareness and Experience of the NAS CE Activities

   

  

 

TIMING: ACCOUNTING CODES:
Project approval 6/6 Source of Funds: SFNTC Research
e Pre Wave Program Set-Up & Budget
Execution - Early June, 2014 GL Code:3006-560000010-95050
« Data Collection — June, 2014
Internal Order #: 907145-846500

 

ITEMIZED COSTS:

 

Pre Wave: $37,000 $37,000
Post Wave 1: $40,000
Post Wave 2: $40,800

*Total billed in 2014 will be for work delivered
in 2014. Total project anticipated at
$117,800 and includes ~$80,800 to be billed
in 2015. However, work billed in 2015 will
be at 2015 rates upon completion of the

 

 

$37,000*
AGREED TO AND ACCEPTED:

R. J. REYNOLDS TOBACCO COMPANY BURKE

(Name/ Date) (Name/ Date)

53741 0364
"," 

RJRT CONFIDENTIAL
JOB ASSIGNMENT ADDENDUM

TITLE: 2014 NAS KANSAS CITY A/T/P Pre Wave
PROPOSAL #: 14-3006-14
SUPPLIER: BURKE
This Job Assignment Addendum, including the Proposal attached hereto and hereby
incorporated by reference, is made as of the date below pursuant to the Master Contract
between R. J. Reynolds Tobacco Company and Supplier. The provisions thereof are
incorporated herein.

RESEARCH OBJECTIVES:
* Measure the market impact of the Natural American Spirit Consumer Engagement
Program in the Nashville Market in the following areas:
+ Consumer Disposition Funnel
+ Brand Perceptions
+ Opinion of the Brand
« Awareness and Experience of the NAS CE Activities

   

‘TIMING, _ ACCOUNTING CODES: _.
Project approval 6/6 Source of Funds: SFNTC Research
e Pre Wave Program Set-Up & Budget
i Execution - Early June, 2014 GL Code:3006-560000010-95050
: « Data Collection — June, 2014
Internal Order #: 907145-846500
ITEMIZED COSTS:

Phase
Pre Wave: $37,000 $37,000
Post Wave 1: $40,000
Post Wave 2: $40,800

*Total billed in 2014 will be for work delivered
in 2014. Total project anticipated at
$117,800 and includes ~$80,800 to be billed
in 2015. However, work billed in 2015 will
be at 2015 rates upon completion of the

 

 

$37,000*

AGREED TO AND ACCEPTED:
R. J. REYNOLDS TOBACCO COMPANY BURKE

(Name/ Date) (Name/ Date)

53741 0364
",True,True,4.43,4.114
223,Sidestream Smoke Chamber,free_text,medium,"Sidestream Smoke Chamber - An instrument has been received to monitor CO and CO, from:
mainstream smoke:in conjunction with the normal chamber sidestream operation. It was
designed to our specifications to measure CO,, and CO in the 0-10% range.

The multigas calibration/zero-air system has been installed. The system design provides:
required levels of ozone, carbon monoxide, non-methane hydrocarbons, sulfur dioxide, nitric
oxide:and nitrogen dioxide to perform zero, span checks and multiport calibration of our
current Thermo Environmental instruments.

New. Expansion Processes - Stress relaxation and recovery tests were carried out with bright
lamina to simulate expansion and collapse using the Dynastat instrument. The lamina were
conditioned to 75% RH (16% OV) and then stretched by 50-100% using the ""zero span”
technique. The strain was then maintained constant and the time:dependence of the stress was
monitored. The stress relaxation rates were found'to be very rapid with the stress falling to
33% of its initial value:within one second. The relaxation rate did not appear to be:a strong
function of the initial strain.

Tower exit expanded tobacco was reordered to OV values ranging from 5 to 35%. Both the
reordering rates.and the final OV values varied during the process. The resulting S'V values
were. found! to. decrease in an approximately sigmoidal fashion as the final OV increased. The
steepest portion of the curve appears to be around 60% RH (11.5 to 12% OV). The results:
indicate the collapse is sensitive to both the reordering rate and! the:final OV value.

FILTER RESEARCH AND DEVELOPMENT

Concentric Filters - MEGA look-a-like test (concentric) and control (CA mono) models were
made with MFUL filler.. The test delivered 8.8 mg of tar and the control'8.6. These models
were evaluated for subjective quality by Flavor Development. The-onliy comments from the
panelists were that the control had slightly increased impact and was more peppery than the
test.

Samples of FTR-produced Mega cigarettes with CA mono and the current concentric filter
have been received. The cigarettes are currently being analytically tested.

Web Filter Development - Sample webs were produced at the University of Maine: using: 75%
1/8"" cut CA staple and 25% softwood fiber. Various refining levels were evaluated and CMC
and PVA binders were used to improve elongation. Sample bobbins are currently being:
evaluated :for filter making machinability and cigarettes will be produced! for analytical and
subjective. evaluation.

Fovastezoe

2.

 
","Sidestream Smoke Chamber - An instrument has been received to monitor CO and CO, from
mainstream smoke in conjunction with the normal chamber sidestream operation. It was
designed to our specifications to measure CO, and CO in the 0-10% range.

The multigas calibration/zero-air system has been installed. The system design provides
required levels of ozone, carbon monoxide, non-methane hydrocarbons,.sulfur dioxide, nitric
oxide.and nitrogen dioxide to perform zero, span checks and multiport calibration of our
current Thermo Environmental! instruments.

New Expansion Processes - Stress relaxation and recovery tests were carried out with bright
lamina to simulate expansion and collapse using the Dynastat instrument. The lamina were
conditioned to 75% RH (16% OV) and then stretched by 50-100% using the ""zero span""
technique. The strain was then maintained constant and the time dependence of tle stress was
monitored. The stress relaxation rates were found to be very rapid with the stress falling to
33% of its initial value within one second. The relaxation rate did not appear to be a strong
function of the initial strain.

Tower exit expanded tobacco was reordered to OV values ranging from 5 to 35%. Both the
reordering rates.and the final OV values varied during the process. The resulting SV values
were.found to decrease in an approximately sigmoidal fashion as the final OV increased. The
steepest portion of the curve appears to be around 60% RH (11.5 to 12% OV). The results
indicate the collapse is sensitive to both the reordering rate and! the final OV value.

FILTER RESEARCH AND DEVELOPMENT

Concentric Filters - MEGA look-a-like test (concentric) and control (CA mono) models were
made with MFUL filler. The test delivered 8.8 mg of tar and the control 8.6. These models
were evaluated for subjective quality by Flavor Development. The only comments from the
panelists were that the control had slightly increased impact and was more peppery than the
test.

Samples of FTR-produced Mega cigarettes with CA mono and the current concentric filter
have been received. The cigarettes are currently being analytically tested.

Web Filter Development - Sample webs were produced at the University of Maine using: 75%
1/8"" cut CA staple and 25% softwood fiber. Various refining levels were evaluated and CMC
and PVA binders were used to improve elongation. Sample bobbins are currently being
evaluated for filter making machinability and cigarettes will be produced for analytical and
subjective evaluation.

2.

FOPV9StTzzoe
",True,True,9.36,6.526
224,Zero Span,free_text,simple,"Sidestream Smoke Chamber - An instrument has been received to monitor CO and CO, from:
mainstream smoke:in conjunction with the normal chamber sidestream operation. It was
designed to our specifications to measure CO,, and CO in the 0-10% range.

The multigas calibration/zero-air system has been installed. The system design provides:
required levels of ozone, carbon monoxide, non-methane hydrocarbons, sulfur dioxide, nitric
oxide:and nitrogen dioxide to perform zero, span checks and multiport calibration of our
current Thermo Environmental instruments.

New. Expansion Processes - Stress relaxation and recovery tests were carried out with bright
lamina to simulate expansion and collapse using the Dynastat instrument. The lamina were
conditioned to 75% RH (16% OV) and then stretched by 50-100% using the ""zero span”
technique. The strain was then maintained constant and the time:dependence of the stress was
monitored. The stress relaxation rates were found'to be very rapid with the stress falling to
33% of its initial value:within one second. The relaxation rate did not appear to be:a strong
function of the initial strain.

Tower exit expanded tobacco was reordered to OV values ranging from 5 to 35%. Both the
reordering rates.and the final OV values varied during the process. The resulting S'V values
were. found! to. decrease in an approximately sigmoidal fashion as the final OV increased. The
steepest portion of the curve appears to be around 60% RH (11.5 to 12% OV). The results:
indicate the collapse is sensitive to both the reordering rate and! the:final OV value.

FILTER RESEARCH AND DEVELOPMENT

Concentric Filters - MEGA look-a-like test (concentric) and control (CA mono) models were
made with MFUL filler.. The test delivered 8.8 mg of tar and the control'8.6. These models
were evaluated for subjective quality by Flavor Development. The-onliy comments from the
panelists were that the control had slightly increased impact and was more peppery than the
test.

Samples of FTR-produced Mega cigarettes with CA mono and the current concentric filter
have been received. The cigarettes are currently being analytically tested.

Web Filter Development - Sample webs were produced at the University of Maine: using: 75%
1/8"" cut CA staple and 25% softwood fiber. Various refining levels were evaluated and CMC
and PVA binders were used to improve elongation. Sample bobbins are currently being:
evaluated :for filter making machinability and cigarettes will be produced! for analytical and
subjective. evaluation.

Fovastezoe

2.

 
","Sidestream Smoke Chamber - An instrument has been received to monitor CO and CO, from
mainstream smoke in conjunction with the normal chamber sidestream operation. It was
designed to our specifications to measure CO, and CO in the 0-10% range.

The multigas calibration/zero-air system has been installed. The system design provides
required levels of ozone, carbon monoxide, non-methane hydrocarbons,.sulfur dioxide, nitric
oxide.and nitrogen dioxide to perform zero, span checks and multiport calibration of our
current Thermo Environmental! instruments.

New Expansion Processes - Stress relaxation and recovery tests were carried out with bright
lamina to simulate expansion and collapse using the Dynastat instrument. The lamina were
conditioned to 75% RH (16% OV) and then stretched by 50-100% using the ""zero span""
technique. The strain was then maintained constant and the time dependence of tle stress was
monitored. The stress relaxation rates were found to be very rapid with the stress falling to
33% of its initial value within one second. The relaxation rate did not appear to be a strong
function of the initial strain.

Tower exit expanded tobacco was reordered to OV values ranging from 5 to 35%. Both the
reordering rates.and the final OV values varied during the process. The resulting SV values
were.found to decrease in an approximately sigmoidal fashion as the final OV increased. The
steepest portion of the curve appears to be around 60% RH (11.5 to 12% OV). The results
indicate the collapse is sensitive to both the reordering rate and! the final OV value.

FILTER RESEARCH AND DEVELOPMENT

Concentric Filters - MEGA look-a-like test (concentric) and control (CA mono) models were
made with MFUL filler. The test delivered 8.8 mg of tar and the control 8.6. These models
were evaluated for subjective quality by Flavor Development. The only comments from the
panelists were that the control had slightly increased impact and was more peppery than the
test.

Samples of FTR-produced Mega cigarettes with CA mono and the current concentric filter
have been received. The cigarettes are currently being analytically tested.

Web Filter Development - Sample webs were produced at the University of Maine using: 75%
1/8"" cut CA staple and 25% softwood fiber. Various refining levels were evaluated and CMC
and PVA binders were used to improve elongation. Sample bobbins are currently being
evaluated for filter making machinability and cigarettes will be produced for analytical and
subjective evaluation.

2.

FOPV9StTzzoe
",True,True,9.337,6.618
225,University of Maine,free_text,medium,"Sidestream Smoke Chamber - An instrument has been received to monitor CO and CO, from:
mainstream smoke:in conjunction with the normal chamber sidestream operation. It was
designed to our specifications to measure CO,, and CO in the 0-10% range.

The multigas calibration/zero-air system has been installed. The system design provides:
required levels of ozone, carbon monoxide, non-methane hydrocarbons, sulfur dioxide, nitric
oxide:and nitrogen dioxide to perform zero, span checks and multiport calibration of our
current Thermo Environmental instruments.

New. Expansion Processes - Stress relaxation and recovery tests were carried out with bright
lamina to simulate expansion and collapse using the Dynastat instrument. The lamina were
conditioned to 75% RH (16% OV) and then stretched by 50-100% using the ""zero span”
technique. The strain was then maintained constant and the time:dependence of the stress was
monitored. The stress relaxation rates were found'to be very rapid with the stress falling to
33% of its initial value:within one second. The relaxation rate did not appear to be:a strong
function of the initial strain.

Tower exit expanded tobacco was reordered to OV values ranging from 5 to 35%. Both the
reordering rates.and the final OV values varied during the process. The resulting S'V values
were. found! to. decrease in an approximately sigmoidal fashion as the final OV increased. The
steepest portion of the curve appears to be around 60% RH (11.5 to 12% OV). The results:
indicate the collapse is sensitive to both the reordering rate and! the:final OV value.

FILTER RESEARCH AND DEVELOPMENT

Concentric Filters - MEGA look-a-like test (concentric) and control (CA mono) models were
made with MFUL filler.. The test delivered 8.8 mg of tar and the control'8.6. These models
were evaluated for subjective quality by Flavor Development. The-onliy comments from the
panelists were that the control had slightly increased impact and was more peppery than the
test.

Samples of FTR-produced Mega cigarettes with CA mono and the current concentric filter
have been received. The cigarettes are currently being analytically tested.

Web Filter Development - Sample webs were produced at the University of Maine: using: 75%
1/8"" cut CA staple and 25% softwood fiber. Various refining levels were evaluated and CMC
and PVA binders were used to improve elongation. Sample bobbins are currently being:
evaluated :for filter making machinability and cigarettes will be produced! for analytical and
subjective. evaluation.

Fovastezoe

2.

 
","Sidestream Smoke Chamber - An instrument has been received to monitor CO and CO, from
mainstream smoke in conjunction with the normal chamber sidestream operation. It was
designed to our specifications to measure CO, and CO in the 0-10% range.

The multigas calibration/zero-air system has been installed. The system design provides
required levels of ozone, carbon monoxide, non-methane hydrocarbons,.sulfur dioxide, nitric
oxide.and nitrogen dioxide to perform zero, span checks and multiport calibration of our
current Thermo Environmental! instruments.

New Expansion Processes - Stress relaxation and recovery tests were carried out with bright
lamina to simulate expansion and collapse using the Dynastat instrument. The lamina were
conditioned to 75% RH (16% OV) and then stretched by 50-100% using the ""zero span""
technique. The strain was then maintained constant and the time dependence of tle stress was
monitored. The stress relaxation rates were found to be very rapid with the stress falling to
33% of its initial value within one second. The relaxation rate did not appear to be a strong
function of the initial strain.

Tower exit expanded tobacco was reordered to OV values ranging from 5 to 35%. Both the
reordering rates.and the final OV values varied during the process. The resulting SV values
were.found to decrease in an approximately sigmoidal fashion as the final OV increased. The
steepest portion of the curve appears to be around 60% RH (11.5 to 12% OV). The results
indicate the collapse is sensitive to both the reordering rate and! the final OV value.

FILTER RESEARCH AND DEVELOPMENT

Concentric Filters - MEGA look-a-like test (concentric) and control (CA mono) models were
made with MFUL filler. The test delivered 8.8 mg of tar and the control 8.6. These models
were evaluated for subjective quality by Flavor Development. The only comments from the
panelists were that the control had slightly increased impact and was more peppery than the
test.

Samples of FTR-produced Mega cigarettes with CA mono and the current concentric filter
have been received. The cigarettes are currently being analytically tested.

Web Filter Development - Sample webs were produced at the University of Maine using: 75%
1/8"" cut CA staple and 25% softwood fiber. Various refining levels were evaluated and CMC
and PVA binders were used to improve elongation. Sample bobbins are currently being
evaluated for filter making machinability and cigarettes will be produced for analytical and
subjective evaluation.

2.

FOPV9StTzzoe
",True,True,9.325,7.307
226,12,layout,simple,"WEEKLY DIET [ML] CONSUMED BY CONTROL [C], THIAMINE DEFICIENT [TD],
ETHANOL-FED [ET], AND [TD + ET] GROUPS: * FOOD PROVIDED AD LIB

no
=
2,
O
w
=
a
w”
ee
Oo
O
FE
Ww
Q

3 4
WEEKS OF CONSUMPTION

* Expressed as mean + S.E.

Figure 1

 
","WEEKLY DIET [ML] CONSUMED BY CONTROL [C], THIAMINE DEFICIENT [TD],
ETHANOL-FED [ET], AND [TD + ET] GROUPS: * FOOD PROVIDED AD LIB

n
=
2,
Oo
WwW
2
2D
n
D
Oo
O
be
u
a

3 4
WEEKS OF CONSUMPTION

* Expressed as mean + SE.

Figure 1

 
",False,False,2.546,1.197
227,1,layout,simple,"WEEKLY DIET [ML] CONSUMED BY CONTROL [C], THIAMINE DEFICIENT [TD],
ETHANOL-FED [ET], AND [TD + ET] GROUPS: * FOOD PROVIDED AD LIB

no
=
2,
O
w
=
a
w”
ee
Oo
O
FE
Ww
Q

3 4
WEEKS OF CONSUMPTION

* Expressed as mean + S.E.

Figure 1

 
","WEEKLY DIET [ML] CONSUMED BY CONTROL [C], THIAMINE DEFICIENT [TD],
ETHANOL-FED [ET], AND [TD + ET] GROUPS: * FOOD PROVIDED AD LIB

n
=
2,
Oo
WwW
2
2D
n
D
Oo
O
be
u
a

3 4
WEEKS OF CONSUMPTION

* Expressed as mean + SE.

Figure 1

 
",True,True,1.658,1.112
228,weeks of consumption,figure/diagram,medium,"WEEKLY DIET [ML] CONSUMED BY CONTROL [C], THIAMINE DEFICIENT [TD],
ETHANOL-FED [ET], AND [TD + ET] GROUPS: * FOOD PROVIDED AD LIB

no
=
2,
O
w
=
a
w”
ee
Oo
O
FE
Ww
Q

3 4
WEEKS OF CONSUMPTION

* Expressed as mean + S.E.

Figure 1

 
","WEEKLY DIET [ML] CONSUMED BY CONTROL [C], THIAMINE DEFICIENT [TD],
ETHANOL-FED [ET], AND [TD + ET] GROUPS: * FOOD PROVIDED AD LIB

n
=
2,
Oo
WwW
2
2D
n
D
Oo
O
be
u
a

3 4
WEEKS OF CONSUMPTION

* Expressed as mean + SE.

Figure 1

 
",True,True,1.663,1.069
229,paul saltman,layout,simple," 

Bile eS este! . 0
Purpose of journey and destination in China, TO become more knov

 

 

and Kwangchow ~ Means of travel as prescribed i by ei ngsne.

 

 

SAS, BINS 1
(Date end part of entry int

   

nee
gee

yA
% Sg
Pek
S32

__ Peking - -

 

sril 27, 1978

iL 17, 1978.

 

 

 

Pues Han je a exit from | c xing, ard by what merns of transport Shucway bs by train on

May 2, is7s. oe . ; 2

leeches setae serene ant ene
ae aot SoURTELATE Fey? oes .
au proceed te after leaving Cuina? Whether entry permit to that country hes

 

 

ae
Bey VE S
What cour

    
         
  
 

     
  

1, AER

i family members ‘Yrs Sms, SEX,

 

 

 

 

   

To be filled by the visa officer

 
 

ELF % i HEE aE.

 
"," 

PASS EES Ey

Purpose of journey ard destinatt on in China__ To become more knowledgeable about »

 

 
 

_Rpril , if to Mav 2 a 1972. |

  

Ay te fort

Wo ES PTs

      

 

 

+
cary of trav el and means of transport in China P ai -Nangchow
and Kwangchow ~— Means of travel as prescribed by Luxingshe.

 

   

Jit Ay, 3

  
 
 
 

na, where “Froi> aud by what meana of teansport_ Peking -
_by air from Tokyo Flight JL 785 April 17, 1978.""
MBE, His. HAT aeeI TA

Date and port of exit no China, and by what merns of transport Shusway by | by train on

 

May 2, 1978. . . -

REE Eel?
rts you proceed to after leaving Cuina? Whether entry permit to that country has
bea obtained? - oot

  
      

Fongkong - Yes.  _ =

ft. ey <r
K My TERS . SER¢ .

 

       

 

 

sree cent ener ee weenie othteceensnteneencnteei ttt token tenner eens —ennnett-ernenaunnennenranrennanohat ter neutresraeretueseeneny ft endepmarasnanannninanat wninnnnnenanannnnnmnnenwyahererren ner

 

 

 

BLD A OBI , BUA

Date of application Sigcahuve PAULSAMIMAN
e  %

Remarks _ . er te eet ne tenet rn

 

 
",False,False,2.611,5.717
230,diet consumed [mls],figure/diagram,medium,"WEEKLY DIET [ML] CONSUMED BY CONTROL [C], THIAMINE DEFICIENT [TD],
ETHANOL-FED [ET], AND [TD + ET] GROUPS: * FOOD PROVIDED AD LIB

no
=
2,
O
w
=
a
w”
ee
Oo
O
FE
Ww
Q

3 4
WEEKS OF CONSUMPTION

* Expressed as mean + S.E.

Figure 1

 
","WEEKLY DIET [ML] CONSUMED BY CONTROL [C], THIAMINE DEFICIENT [TD],
ETHANOL-FED [ET], AND [TD + ET] GROUPS: * FOOD PROVIDED AD LIB

n
=
2,
Oo
WwW
2
2D
n
D
Oo
O
be
u
a

3 4
WEEKS OF CONSUMPTION

* Expressed as mean + SE.

Figure 1

 
",False,False,1.671,1.103
231,NNK,free_text,simple,"PHILIP MORRIS U.S. A. C90-03093

INTER-OFFICE CORRESPONDENCE
Richmond, Virginia

To: Richard Carchman Date: May 24, 1990
From: Martha Smith vAarcta Lenk
Subject: NNK or 4-(methylnitrosoamino)-1-(3-pyridyl)-1-butanone

NNK or 4-(methylnitrosoamino)-1-(3-pyridyl)-1-butanone is a tobacco- specific
nitrosamine which is formed during the curing and smoking of tobacco. Formation during
curing occurs through nitrosation. Occurrence in smoke results from pyrosynthesis or by direct
transfer from tobacco. NNK is found in both mainstream smoke and in sidestream smoke.
NNK is carcinogenic in laboratory animals. Hoffmann et al ,1981, (Reference 1) states NNK is
a strong carcinogen which induces lung adenomas in mice, carcinomas in the nasal cavity, liver
and lung of rats, tracheal tumors and carcinomas of the nasal cavity and lung of hamsters.
Hoffmann et al, 1986, (Reference 2) depict NNK as one of the most powerful carcinogens in
tobacco smoke. They say NNK induces benign and malignant tumors in laboratory animals in
both the upper respiratory tract and in the lung. According to Hoffman et al, 1985, (Reference
3) 1 mg of NNK will induce lung tumors in hamsters.

Burley tobacco contains higher levels of NNK and other tobacco-specific nitrosamines
than do other types of tobaccos. Air-curing under hot, humid conditions increases the. amounts
found (Reference 4). Andersen et al, 1985, (Reference 5) measured levels of NNK. They used
Ky 14 burley grown under different shade conditions and air-cured. They also used air-cured
and homogenized-leaf-cured burley tobaccos from conventionally grown tobaccos with
different alkaloid genotypes. They found NNK contents ranged from 0.2s¢/g - 0.5,¢/g in air-
cured Ky 14 tobacco lamina from leaves grown under 0 - 65% shade (100, 65, 35% of natural
light). The highest NNK concentrations were from 45% shade-growil lamina from the lower
leaf positions on stalks according to this study. Andersen et al concluded that NNK contents
increased in lamina from successively lower leaf positions of non-shade-grown and 45% shade-
grown plants. They believe this is due to the leaves of the lower stalk positions being more
mature than the leaves from the upper stalk positions. Andersen et al concluded that levels of
NNK increased during each stage of homogenized-leaf-curing in the tested tobacco genotypes.
Their study indicated that NNK accumulated to a larger extent than NNN'in the homogenized-
jeaf-cured high-alkaloid burley tobacco. NNK was significantly lower in the low-alkaloid line
than in the high-alkaloid line for both the air-cured and the homogenized-leaf-cured tobaccos at
each period of measurement throughout storage.according to this study. MacKown et al, 1984,

(Reference 6) postulate that fertilization with nitrogen plays a role in the amounts of tobacco-
specific nitrosamines found in tobacco. Burley tobacco generally receives more nitrogen
fertilizer than does flue-cured tobacco. NNK levels were measured in several burley genotypes
in 1981 when there was no nitrogen fertilization. The levels ranged from 0.05 - 0.23 ppm. In
1982, with nitrogen fertilizer applied, the levels ranged from 0.08 - 0.71 ppm. Their findings

Ovesste2zo0z
","PHILIP MORRIS U.S. A. C90-03093

INTER-OFFICE CORRESPONDENCE
Richmond, Virginia

To: Richard Carchman Date: May 24, 1990
From: Martha Smith vrarcdta  Srwrh
Subject: NNK or 4-(methylnitrosoamino)- 1-(3-pyridyl)-1-butanone

NNK or 4-(methylnitrosoamino)-1-(3-pyridyl)-1-butanone is a tobacco- specific
nitrosamine which is formed during the curing and smoking of tobacco. Formation during
curing occurs through nitrosation. Occurrence in smoke results from pyrosynthesis or by direct
transfer from tobacco. NNK is found in both mainstream smoke and in sidestream smoke.
NNK is carcinogenic in laboratory animals. Hoffmann et al ,1981, (Reference 1) states NNK is
a strong carcinogen which induces lung adenomas in mice, carcinomas in the nasal cavity, liver
and lung of rats, tracheal tumors and carcinomas of the nasal cavity and lung of hamsters.
Hoffmann et al, 1986, (Reference 2) depict NNK as one of the most powerful carcinogens in
tobacco smoke. They say NNK induces benign and malignant tumors in laboratory animals in
both the upper respiratory tract and in the lung. According to Hoffman et al, 1985, (Reference
3) 1 mg of NNK will induce lung tumors in hamsters.

Burley tobacco contains higher levels of NNK and other tobacco-specific nitrosamines
than do other types of tobaccos. Air-curing under hot, humid conditions increases the amounts
found (Reference 4). Andersen et al, 1985, (Reference 5) measured levels of NNK. They used
Ky 14 burley grown under different shade conditions and air-cured. They also used air-cured
and homogenized-leaf-cured burley tobaccos from conventionally grown tobaccos with
different alkaloid genotypes. They found NNK contents ranged from 0.2s¢/g - 0.5,/g in air-
cured Ky 14 tobacco lamina from leaves grown under 0 - 65% shade (100, 65, 35% of natural
light). The highest NNK concentrations were from 45% shade-growi lamina from the lower
leaf positions on stalks according to this study. Andersen et al concluded that NNK contents
increased in lamina from successively lower leaf positions of non-shade-grown and 45% shade-
grown plants. They believe this is due to the leaves of the lower stalk positions being more
mature than the leaves from the upper stalk positions. Andersen et al concluded that levels of
NNK increased during each stage of homogenized-leaf-curing in the tested tobacco genotypes.
Their study indicated that NNK accumulated to a larger extent than NNN'in the homogenized-
leaf-cured high-alkaloid burley tobacco. NNK was significantly lower in the low-alkaloid line
than in the high-alkaloid line for both the air-cured and the homogenized-leaf-cured tobaccos at
each period of measurement throughout storage according to this study. MacKown et al, 1984,
(Reference 6) postulate that fertilization with nitrogen plays a role in the amounts of tobacco-
specific nitrosamines found in tobacco. Burley tobacco generally receives more nitrogen
fertilizer than does flue-cured tobacco. NNK levels were measured in several burley genotypes

in 1981 when there was no nitrogen fertilization. The levels ranged from 0.05 - 0.23 ppm. In
1982, with nitrogen fertilizer applied, the levels ranged from 0.08 - 0.71 ppm. Their findings

OvESST2z02
",True,True,7.244,9.213
232,tobacco-specific nitrosamine,free_text,simple,"PHILIP MORRIS U.S. A. C90-03093

INTER-OFFICE CORRESPONDENCE
Richmond, Virginia

To: Richard Carchman Date: May 24, 1990
From: Martha Smith vAarcta Lenk
Subject: NNK or 4-(methylnitrosoamino)-1-(3-pyridyl)-1-butanone

NNK or 4-(methylnitrosoamino)-1-(3-pyridyl)-1-butanone is a tobacco- specific
nitrosamine which is formed during the curing and smoking of tobacco. Formation during
curing occurs through nitrosation. Occurrence in smoke results from pyrosynthesis or by direct
transfer from tobacco. NNK is found in both mainstream smoke and in sidestream smoke.
NNK is carcinogenic in laboratory animals. Hoffmann et al ,1981, (Reference 1) states NNK is
a strong carcinogen which induces lung adenomas in mice, carcinomas in the nasal cavity, liver
and lung of rats, tracheal tumors and carcinomas of the nasal cavity and lung of hamsters.
Hoffmann et al, 1986, (Reference 2) depict NNK as one of the most powerful carcinogens in
tobacco smoke. They say NNK induces benign and malignant tumors in laboratory animals in
both the upper respiratory tract and in the lung. According to Hoffman et al, 1985, (Reference
3) 1 mg of NNK will induce lung tumors in hamsters.

Burley tobacco contains higher levels of NNK and other tobacco-specific nitrosamines
than do other types of tobaccos. Air-curing under hot, humid conditions increases the. amounts
found (Reference 4). Andersen et al, 1985, (Reference 5) measured levels of NNK. They used
Ky 14 burley grown under different shade conditions and air-cured. They also used air-cured
and homogenized-leaf-cured burley tobaccos from conventionally grown tobaccos with
different alkaloid genotypes. They found NNK contents ranged from 0.2s¢/g - 0.5,¢/g in air-
cured Ky 14 tobacco lamina from leaves grown under 0 - 65% shade (100, 65, 35% of natural
light). The highest NNK concentrations were from 45% shade-growil lamina from the lower
leaf positions on stalks according to this study. Andersen et al concluded that NNK contents
increased in lamina from successively lower leaf positions of non-shade-grown and 45% shade-
grown plants. They believe this is due to the leaves of the lower stalk positions being more
mature than the leaves from the upper stalk positions. Andersen et al concluded that levels of
NNK increased during each stage of homogenized-leaf-curing in the tested tobacco genotypes.
Their study indicated that NNK accumulated to a larger extent than NNN'in the homogenized-
jeaf-cured high-alkaloid burley tobacco. NNK was significantly lower in the low-alkaloid line
than in the high-alkaloid line for both the air-cured and the homogenized-leaf-cured tobaccos at
each period of measurement throughout storage.according to this study. MacKown et al, 1984,

(Reference 6) postulate that fertilization with nitrogen plays a role in the amounts of tobacco-
specific nitrosamines found in tobacco. Burley tobacco generally receives more nitrogen
fertilizer than does flue-cured tobacco. NNK levels were measured in several burley genotypes
in 1981 when there was no nitrogen fertilization. The levels ranged from 0.05 - 0.23 ppm. In
1982, with nitrogen fertilizer applied, the levels ranged from 0.08 - 0.71 ppm. Their findings

Ovesste2zo0z
","PHILIP MORRIS U.S. A. C90-03093

INTER-OFFICE CORRESPONDENCE
Richmond, Virginia

To: Richard Carchman Date: May 24, 1990
From: Martha Smith vrarcdta  Srwrh
Subject: NNK or 4-(methylnitrosoamino)- 1-(3-pyridyl)-1-butanone

NNK or 4-(methylnitrosoamino)-1-(3-pyridyl)-1-butanone is a tobacco- specific
nitrosamine which is formed during the curing and smoking of tobacco. Formation during
curing occurs through nitrosation. Occurrence in smoke results from pyrosynthesis or by direct
transfer from tobacco. NNK is found in both mainstream smoke and in sidestream smoke.
NNK is carcinogenic in laboratory animals. Hoffmann et al ,1981, (Reference 1) states NNK is
a strong carcinogen which induces lung adenomas in mice, carcinomas in the nasal cavity, liver
and lung of rats, tracheal tumors and carcinomas of the nasal cavity and lung of hamsters.
Hoffmann et al, 1986, (Reference 2) depict NNK as one of the most powerful carcinogens in
tobacco smoke. They say NNK induces benign and malignant tumors in laboratory animals in
both the upper respiratory tract and in the lung. According to Hoffman et al, 1985, (Reference
3) 1 mg of NNK will induce lung tumors in hamsters.

Burley tobacco contains higher levels of NNK and other tobacco-specific nitrosamines
than do other types of tobaccos. Air-curing under hot, humid conditions increases the amounts
found (Reference 4). Andersen et al, 1985, (Reference 5) measured levels of NNK. They used
Ky 14 burley grown under different shade conditions and air-cured. They also used air-cured
and homogenized-leaf-cured burley tobaccos from conventionally grown tobaccos with
different alkaloid genotypes. They found NNK contents ranged from 0.2s¢/g - 0.5,/g in air-
cured Ky 14 tobacco lamina from leaves grown under 0 - 65% shade (100, 65, 35% of natural
light). The highest NNK concentrations were from 45% shade-growi lamina from the lower
leaf positions on stalks according to this study. Andersen et al concluded that NNK contents
increased in lamina from successively lower leaf positions of non-shade-grown and 45% shade-
grown plants. They believe this is due to the leaves of the lower stalk positions being more
mature than the leaves from the upper stalk positions. Andersen et al concluded that levels of
NNK increased during each stage of homogenized-leaf-curing in the tested tobacco genotypes.
Their study indicated that NNK accumulated to a larger extent than NNN'in the homogenized-
leaf-cured high-alkaloid burley tobacco. NNK was significantly lower in the low-alkaloid line
than in the high-alkaloid line for both the air-cured and the homogenized-leaf-cured tobaccos at
each period of measurement throughout storage according to this study. MacKown et al, 1984,
(Reference 6) postulate that fertilization with nitrogen plays a role in the amounts of tobacco-
specific nitrosamines found in tobacco. Burley tobacco generally receives more nitrogen
fertilizer than does flue-cured tobacco. NNK levels were measured in several burley genotypes

in 1981 when there was no nitrogen fertilization. The levels ranged from 0.05 - 0.23 ppm. In
1982, with nitrogen fertilizer applied, the levels ranged from 0.08 - 0.71 ppm. Their findings

OvESST2z02
",True,True,8.785,7.957
233,The levels ranged from 0.05 - 0.23 ppm,free_text,complex,"PHILIP MORRIS U.S. A. C90-03093

INTER-OFFICE CORRESPONDENCE
Richmond, Virginia

To: Richard Carchman Date: May 24, 1990
From: Martha Smith vAarcta Lenk
Subject: NNK or 4-(methylnitrosoamino)-1-(3-pyridyl)-1-butanone

NNK or 4-(methylnitrosoamino)-1-(3-pyridyl)-1-butanone is a tobacco- specific
nitrosamine which is formed during the curing and smoking of tobacco. Formation during
curing occurs through nitrosation. Occurrence in smoke results from pyrosynthesis or by direct
transfer from tobacco. NNK is found in both mainstream smoke and in sidestream smoke.
NNK is carcinogenic in laboratory animals. Hoffmann et al ,1981, (Reference 1) states NNK is
a strong carcinogen which induces lung adenomas in mice, carcinomas in the nasal cavity, liver
and lung of rats, tracheal tumors and carcinomas of the nasal cavity and lung of hamsters.
Hoffmann et al, 1986, (Reference 2) depict NNK as one of the most powerful carcinogens in
tobacco smoke. They say NNK induces benign and malignant tumors in laboratory animals in
both the upper respiratory tract and in the lung. According to Hoffman et al, 1985, (Reference
3) 1 mg of NNK will induce lung tumors in hamsters.

Burley tobacco contains higher levels of NNK and other tobacco-specific nitrosamines
than do other types of tobaccos. Air-curing under hot, humid conditions increases the. amounts
found (Reference 4). Andersen et al, 1985, (Reference 5) measured levels of NNK. They used
Ky 14 burley grown under different shade conditions and air-cured. They also used air-cured
and homogenized-leaf-cured burley tobaccos from conventionally grown tobaccos with
different alkaloid genotypes. They found NNK contents ranged from 0.2s¢/g - 0.5,¢/g in air-
cured Ky 14 tobacco lamina from leaves grown under 0 - 65% shade (100, 65, 35% of natural
light). The highest NNK concentrations were from 45% shade-growil lamina from the lower
leaf positions on stalks according to this study. Andersen et al concluded that NNK contents
increased in lamina from successively lower leaf positions of non-shade-grown and 45% shade-
grown plants. They believe this is due to the leaves of the lower stalk positions being more
mature than the leaves from the upper stalk positions. Andersen et al concluded that levels of
NNK increased during each stage of homogenized-leaf-curing in the tested tobacco genotypes.
Their study indicated that NNK accumulated to a larger extent than NNN'in the homogenized-
jeaf-cured high-alkaloid burley tobacco. NNK was significantly lower in the low-alkaloid line
than in the high-alkaloid line for both the air-cured and the homogenized-leaf-cured tobaccos at
each period of measurement throughout storage.according to this study. MacKown et al, 1984,

(Reference 6) postulate that fertilization with nitrogen plays a role in the amounts of tobacco-
specific nitrosamines found in tobacco. Burley tobacco generally receives more nitrogen
fertilizer than does flue-cured tobacco. NNK levels were measured in several burley genotypes
in 1981 when there was no nitrogen fertilization. The levels ranged from 0.05 - 0.23 ppm. In
1982, with nitrogen fertilizer applied, the levels ranged from 0.08 - 0.71 ppm. Their findings

Ovesste2zo0z
","PHILIP MORRIS U.S. A. C90-03093

INTER-OFFICE CORRESPONDENCE
Richmond, Virginia

To: Richard Carchman Date: May 24, 1990
From: Martha Smith vrarcdta  Srwrh
Subject: NNK or 4-(methylnitrosoamino)- 1-(3-pyridyl)-1-butanone

NNK or 4-(methylnitrosoamino)-1-(3-pyridyl)-1-butanone is a tobacco- specific
nitrosamine which is formed during the curing and smoking of tobacco. Formation during
curing occurs through nitrosation. Occurrence in smoke results from pyrosynthesis or by direct
transfer from tobacco. NNK is found in both mainstream smoke and in sidestream smoke.
NNK is carcinogenic in laboratory animals. Hoffmann et al ,1981, (Reference 1) states NNK is
a strong carcinogen which induces lung adenomas in mice, carcinomas in the nasal cavity, liver
and lung of rats, tracheal tumors and carcinomas of the nasal cavity and lung of hamsters.
Hoffmann et al, 1986, (Reference 2) depict NNK as one of the most powerful carcinogens in
tobacco smoke. They say NNK induces benign and malignant tumors in laboratory animals in
both the upper respiratory tract and in the lung. According to Hoffman et al, 1985, (Reference
3) 1 mg of NNK will induce lung tumors in hamsters.

Burley tobacco contains higher levels of NNK and other tobacco-specific nitrosamines
than do other types of tobaccos. Air-curing under hot, humid conditions increases the amounts
found (Reference 4). Andersen et al, 1985, (Reference 5) measured levels of NNK. They used
Ky 14 burley grown under different shade conditions and air-cured. They also used air-cured
and homogenized-leaf-cured burley tobaccos from conventionally grown tobaccos with
different alkaloid genotypes. They found NNK contents ranged from 0.2s¢/g - 0.5,/g in air-
cured Ky 14 tobacco lamina from leaves grown under 0 - 65% shade (100, 65, 35% of natural
light). The highest NNK concentrations were from 45% shade-growi lamina from the lower
leaf positions on stalks according to this study. Andersen et al concluded that NNK contents
increased in lamina from successively lower leaf positions of non-shade-grown and 45% shade-
grown plants. They believe this is due to the leaves of the lower stalk positions being more
mature than the leaves from the upper stalk positions. Andersen et al concluded that levels of
NNK increased during each stage of homogenized-leaf-curing in the tested tobacco genotypes.
Their study indicated that NNK accumulated to a larger extent than NNN'in the homogenized-
leaf-cured high-alkaloid burley tobacco. NNK was significantly lower in the low-alkaloid line
than in the high-alkaloid line for both the air-cured and the homogenized-leaf-cured tobaccos at
each period of measurement throughout storage according to this study. MacKown et al, 1984,
(Reference 6) postulate that fertilization with nitrogen plays a role in the amounts of tobacco-
specific nitrosamines found in tobacco. Burley tobacco generally receives more nitrogen
fertilizer than does flue-cured tobacco. NNK levels were measured in several burley genotypes

in 1981 when there was no nitrogen fertilization. The levels ranged from 0.05 - 0.23 ppm. In
1982, with nitrogen fertilizer applied, the levels ranged from 0.08 - 0.71 ppm. Their findings

OvESST2z02
",True,True,9.1,7.585
234,"Control [C], Thiamine deficient [TD], Ethanol-fed [ET], AND [TD+ ET] groups",layout,complex,"WEEKLY DIET [ML] CONSUMED BY CONTROL [C], THIAMINE DEFICIENT [TD],
ETHANOL-FED [ET], AND [TD + ET] GROUPS: * FOOD PROVIDED AD LIB

no
=
2,
O
w
=
a
w”
ee
Oo
O
FE
Ww
Q

3 4
WEEKS OF CONSUMPTION

* Expressed as mean + S.E.

Figure 1

 
","WEEKLY DIET [ML] CONSUMED BY CONTROL [C], THIAMINE DEFICIENT [TD],
ETHANOL-FED [ET], AND [TD + ET] GROUPS: * FOOD PROVIDED AD LIB

n
=
2,
Oo
WwW
2
2D
n
D
Oo
O
be
u
a

3 4
WEEKS OF CONSUMPTION

* Expressed as mean + SE.

Figure 1

 
",False,False,2.082,1.909
235,Hongkong,form,simple," 

Bile eS este! . 0
Purpose of journey and destination in China, TO become more knov

 

 

and Kwangchow ~ Means of travel as prescribed i by ei ngsne.

 

 

SAS, BINS 1
(Date end part of entry int

   

nee
gee

yA
% Sg
Pek
S32

__ Peking - -

 

sril 27, 1978

iL 17, 1978.

 

 

 

Pues Han je a exit from | c xing, ard by what merns of transport Shucway bs by train on

May 2, is7s. oe . ; 2

leeches setae serene ant ene
ae aot SoURTELATE Fey? oes .
au proceed te after leaving Cuina? Whether entry permit to that country hes

 

 

ae
Bey VE S
What cour

    
         
  
 

     
  

1, AER

i family members ‘Yrs Sms, SEX,

 

 

 

 

   

To be filled by the visa officer

 
 

ELF % i HEE aE.

 
"," 

PASS EES Ey

Purpose of journey ard destinatt on in China__ To become more knowledgeable about »

 

 
 

_Rpril , if to Mav 2 a 1972. |

  

Ay te fort

Wo ES PTs

      

 

 

+
cary of trav el and means of transport in China P ai -Nangchow
and Kwangchow ~— Means of travel as prescribed by Luxingshe.

 

   

Jit Ay, 3

  
 
 
 

na, where “Froi> aud by what meana of teansport_ Peking -
_by air from Tokyo Flight JL 785 April 17, 1978.""
MBE, His. HAT aeeI TA

Date and port of exit no China, and by what merns of transport Shusway by | by train on

 

May 2, 1978. . . -

REE Eel?
rts you proceed to after leaving Cuina? Whether entry permit to that country has
bea obtained? - oot

  
      

Fongkong - Yes.  _ =

ft. ey <r
K My TERS . SER¢ .

 

       

 

 

sree cent ener ee weenie othteceensnteneencnteei ttt token tenner eens —ennnett-ernenaunnennenranrennanohat ter neutresraeretueseeneny ft endepmarasnanannninanat wninnnnnenanannnnnmnnenwyahererren ner

 

 

 

BLD A OBI , BUA

Date of application Sigcahuve PAULSAMIMAN
e  %

Remarks _ . er te eet ne tenet rn

 

 
",False,False,3.388,3.686
236,change of due dates for monthly payroll recommendations for december - academic and nonacademic,form,complex,"pea x]
WASHINGTON Hera UNV - EOR Sik YN;

SCHOOL OF MEDICINE

SAINT LOUIS

660 SOUTH KINGSHIGHWAY BLVD.
OFFICE OF THE DEAN

December 11, 1967

MEMORANDUM

TO: DEPARTMENT HEADS
FROM: DEAN'S OFFICE

SUBJECT: Change of Due Dates for Monthly Payroll Recommendations
for December - Academic and Nonacademic

Due to the decreased number of working days available to
process payrolls during this month, the Payroll Office on the Main
Campus has changed the deadline for December. To accomodate their
deadline, it becomes necessary to request your December payroll

recommendations as soon as possible, but no later than December 14,
1967,
The paychecks will be issued in the usual manner at 2:00

p.m. on December 29, 1967. (No change)

 

Source: https://www.industrydocuments.ucsf.edu/docs/thvd022/
","/

: pea a]
: WASHINGTON Eg UNIVERSITY

SCHOOL OF MEDICINE

BAINT LOUIS

660 SOUTH KINGSHIGHWAY SLVD.
OFFICE OF THE OCEAN

December 11, 1967

MEMORANDUM

TO: DEPARTMENT HEADS
FROM: DEAN'S OFFICE

SUBJECT: Change of Due Dates for Monthly Payroll Recommendations
for December - Academic and Nonacademic

Due to the decreased number of working days available to
process payrolls during this month, the Payroll Office on the Main
Campus has changed the deadline for December, To accomodate their
deadline, it becomes necessary to request your December payroll

- recommendations as soon as possible, but no later than December 14,
1967.
The paychecks will be issued in the usual manner at 2:00

p.m, on December 29, 1967. (No change)

 
",False,False,3.691,3.86
237,240.00,table/list,simple,"Remuneration Policy

ITC’s remuneration strategy aims at attracting and
retaining high calibre talent. The remuneration policy,
therefore, is market-led and takes into account the
competitive circumstance of each business so as to
attract and retain quality talent and leverage
performance significantly.

Remuneration of Directors

Remuneration of Executive Directors is determined
by the Compensation Committee comprising only
Non-Executive Directors. The recommendations of the
Compensation Committee are considered and approved
by the Board subject to the approval of the Shareholders.
The Chairman and Executive Directors are entitled to
Performance Bonus for each financial year up to a
maximum of 200% and 150% of their consolidated
salary, respectively, as approved by the Shareholders,
and as may be determined by the Board on the
recommendation of the Compensation Committee.

Non-Executive Directors are entitled to remuneration
by way of commission for each financial year, up to a
maximum of Rs. 6,00,000/- individually, as approved
by the Shareholders. Non-Executive Directors’
commission is determined by the Board based, inter
alia, on the Company’s performance and regulatory
provisions. Such commission is payable on a uniform
basis to reinforce the principle of collective responsibility.
Non-Executive Directors are also entitled to sitting fees
for attending meetings of the Board and Committees
thereof, the limits for which have been approved by
the Shareholders. The sitting fees, as determined by
the Board, are presently Rs. 20,000/- for attending
each meeting of the Board, Audit Committee,
Compensation Committee, Nominations Committee
and Sustainability Committee and Rs. 5,000/- for each
meeting of the Investor Services Committee.
Non-Executive Directors are also entitled to coverage
under Personal Accident Insurance.

 

A

ITC Limited

Report on Corporate Governance

Details of Remuneration paid to the Directors during
the financial year ended 31st March, 2009

(Rs. in Lakhs)

aH CTO Ma OST OEE Ho TCU
Ua aS
Benefits | Commission

A, Baijal

0K Mehrotra

PB: Ramanujan

B Sen : : 260. 600
8 Venchaven : : 26 bo
JP Day? : , 2 400
CR Green! : : : an
SSH Rehman 10481 33.66 - 30047
RamS Taman® . . i 080 4b

 

 

 

@ Waived entitlement to sitting fees.
* Paid to the Institution / Company the Director represents.
# Includes Rs.1.29 lakhs paid to the Institution the Director represented.
1. Appointed Director w.e.f. 7th May, 2008.
2. Appointed Director w.e.f. 20th January, 2009.
3. Ceased to be Director w.e.f. 8th January, 2009.
4. Ceased to be Director w.e.t. 1st April, 2008.
5. Ceased to be Director w.e.f. 21st March, 2009.
6. Ceased to be Director w.e.f. 27th August, 2008.

Note: Disclosure with respect to Non-Executive Directors -
Pecuniary relationship: None.

The Sustainability Committee will guide the Company
in integrating its social and environmental objectives
with its business strategies, and shape ITC’s goals

in contributing to climate change mitigation.

(EG Report and Accounts 2009 5
","Remuneration Policy

ITC’s remuneration strategy aims at attracting and
retaining high calibre talent. The remuneration policy,
therefore, is market-led and takes into account the
competitive circumstance of each business so as to
attract and retain quality talent and leverage
performance significantly.

Remuneration of Directors

Remuneration of Executive Directors is determined
by the Compensation Committee comprising only
Non-Executive Directors. The recommendations of the
Compensation Committee are considered and approved
by the Board subject to the approval of the Shareholders.
The Chairman and Executive Directors are entitled to
Performance Bonus for each financial year up to a
maximum of 200% and 150% of their consolidated
salary, respectively, as approved by the Shareholders,
and as may be determined by the Board on the
recommendation of the Compensation Committee.

Non-Executive Directors are entitled to remuneration
by way of commission for each financial year, up to a
maximum of Rs. 6,00,000/- individually, as approved
by the Shareholders. Non-Executive Directors’
commission is determined by the Board based, inter
alia, on the Company’s performance and regulatory
provisions. Such commission is payable on a uniform
basis to reinforce the principle of collective responsibility.
Non-Executive Directors are also entitled to sitting fees
for attending meetings of the Board and Committees
thereof, the limits for which have been approved by
the Shareholders. The sitting fees, as determined by
the Board, are presently Rs. 20,000/- for attending
each meeting of the Board, Audit Committee,
Compensation Committee, Nominations Committee
and Sustainability Committee and Rs. 5,000/- for each
meeting of the Investor Services Committee.
Non-Executive Directors are also entitled to coverage
under Personal Accident Insurance.

 

AS

ITC Limited

Report on Corporate Governance

Details of Remuneration paid to the Directors during
the financial year ended 31st March, 2009

(Rs. in Lakhs)

CUDA tC OT REL TU
andother | Bonus / nN
Benefits | Commission

 

YE Deveshwar 24000 aee0 48000 - 7880
A. Singh 108.00 2273 162.00 - 29273
& Vardarath 93.00 aio 19880 - men
A. Bail - : am’ 0805
RK iu : - 260 1G0t a
SH. Khan - . 4001.00 8.00
$.B Mathur : - 24% 300 Ae
D.K. Mehrotra - . 400 080"" 4.80
BG. Powell! : - NA 060) Cao
PB. Ramanujam : : 400 320720
A Rus? : - NA 020 020
B. Sen - . 400 2806.80
8. Vijgvaraghavan - - 40029565
J.P. Daly? 4,00 -2 400
CR Green! 40""
S.S.H Rehman 104.81 33.66 162.00 - 30047
Ram S Tame? - - 400-080 480

@ Waived entitlement to sitting fees.
* Paid to the institution / Company the Director represents.
# Includes Rs.1.29 lakhs paid to the Institution the Director represented.
. Appointed Director w.e.f. 7th May. 2008.
. Appointed Director w.e.f. 20th January. 2009.
. Ceased to be Director w.e.t. 8th January. 2009.
. Ceased to be Director w.e.t. 1st April. 2008.
. Ceased to be Director w.e.t. 2ist March. 2009.
. Ceased to be Director w.e.t. 27th August. 2008.

RAR whs om

Note: Disclosure with respect to Non-Executive Directors -
Pecuniary relationship: None.

The Sustainability Committee will guide the Company
in integrating its social and environmental objectives
with its business strategies, and shape ITC’s goals

in contributing to climate change mitigation.

ITC: Report and Accounts 2009 [Ry
",False,False,8.323,10.758
238,thiamine deficient,layout,simple,"WEEKLY DIET [ML] CONSUMED BY CONTROL [C], THIAMINE DEFICIENT [TD],
ETHANOL-FED [ET], AND [TD + ET] GROUPS: * FOOD PROVIDED AD LIB

no
=
2,
O
w
=
a
w”
ee
Oo
O
FE
Ww
Q

3 4
WEEKS OF CONSUMPTION

* Expressed as mean + S.E.

Figure 1

 
","WEEKLY DIET [ML] CONSUMED BY CONTROL [C], THIAMINE DEFICIENT [TD],
ETHANOL-FED [ET], AND [TD + ET] GROUPS: * FOOD PROVIDED AD LIB

n
=
2,
Oo
WwW
2
2D
n
D
Oo
O
be
u
a

3 4
WEEKS OF CONSUMPTION

* Expressed as mean + SE.

Figure 1

 
",True,True,1.683,1.106
239,dean's office,form,simple,"pea x]
WASHINGTON Hera UNV - EOR Sik YN;

SCHOOL OF MEDICINE

SAINT LOUIS

660 SOUTH KINGSHIGHWAY BLVD.
OFFICE OF THE DEAN

December 11, 1967

MEMORANDUM

TO: DEPARTMENT HEADS
FROM: DEAN'S OFFICE

SUBJECT: Change of Due Dates for Monthly Payroll Recommendations
for December - Academic and Nonacademic

Due to the decreased number of working days available to
process payrolls during this month, the Payroll Office on the Main
Campus has changed the deadline for December. To accomodate their
deadline, it becomes necessary to request your December payroll

recommendations as soon as possible, but no later than December 14,
1967,
The paychecks will be issued in the usual manner at 2:00

p.m. on December 29, 1967. (No change)

 

Source: https://www.industrydocuments.ucsf.edu/docs/thvd022/
","/

: pea a]
: WASHINGTON Eg UNIVERSITY

SCHOOL OF MEDICINE

BAINT LOUIS

660 SOUTH KINGSHIGHWAY SLVD.
OFFICE OF THE OCEAN

December 11, 1967

MEMORANDUM

TO: DEPARTMENT HEADS
FROM: DEAN'S OFFICE

SUBJECT: Change of Due Dates for Monthly Payroll Recommendations
for December - Academic and Nonacademic

Due to the decreased number of working days available to
process payrolls during this month, the Payroll Office on the Main
Campus has changed the deadline for December, To accomodate their
deadline, it becomes necessary to request your December payroll

- recommendations as soon as possible, but no later than December 14,
1967.
The paychecks will be issued in the usual manner at 2:00

p.m, on December 29, 1967. (No change)

 
",True,True,3.676,4.035
240,2,figure/diagram,simple,"WEEKLY DIET [ML] CONSUMED BY CONTROL [C], THIAMINE DEFICIENT [TD],
ETHANOL-FED [ET], AND [TD + ET] GROUPS: * FOOD PROVIDED AD LIB

no
=
2,
O
w
=
a
w”
ee
Oo
O
FE
Ww
Q

3 4
WEEKS OF CONSUMPTION

* Expressed as mean + S.E.

Figure 1

 
","WEEKLY DIET [ML] CONSUMED BY CONTROL [C], THIAMINE DEFICIENT [TD],
ETHANOL-FED [ET], AND [TD + ET] GROUPS: * FOOD PROVIDED AD LIB

n
=
2,
Oo
WwW
2
2D
n
D
Oo
O
be
u
a

3 4
WEEKS OF CONSUMPTION

* Expressed as mean + SE.

Figure 1

 
",True,True,2.093,1.096
241,62272,form,simple,"Vantage Qi Job #: 2565-16 J
$020/ 4B Invoice #: 62272

April 24, 1997 - Revision ttl Billing Period: 4/4/97 4 MA ial
Billing Period 03/29/97 - 04/04/97 Palak

Sue Wall 52283 6694 YA Job Quote/Invoice PO# 93-51954
R. J. Reynolds Tabacco Co. + / Release #: 243
XY

 

       

PRICE QUOTATION | CURRENT INVOICE | CUMM. TOTALS

SUPPORT SERVICES % Ord. Qty Cost Total Cost Cum $ Balance
1 $ 18.00 FS 90.00 $ (180.00)
43 $ y

wile

+ Budget History 18 26.00
$ 245.00 $ (385.00)

Report « inventory ManagementRotl - up 418 35.00
Report Set Up Fees
|Special Handling Written Comespondence

”

420.
630.
300

|
3

ary

mame ee ae |
of 1s as. 100.00_$ 250.00}
of 1s 35.00)
of os 200.00 :
woo 8 ser
436.04
Lngqualtiow Fraud - Handled tu Checking v8 153.32
LUnqualiied - Matec to Consumers ’ 0. yr) ee eS)
os 226154

00

|

3% 25.00

=
wie

3% 1825

E
i

   

g
E
8
«

E

   

Unqualified Proofs Retumed to Consumer a
‘ransmissions ta Third Party 21480 0.009

“lw

Retum Source (At Order Forms to rec cir) 21480 0.002 42.56
Certified Mail Charges (.05% X # orders) ail 1,00
|Express/Delivery Services/Freight 100.00
iSmoker Data Base Processing (orders)

“

 
  

$
24,480 0.0445, 1197 13.77
20 o.0iaa 200.72
$ z
4

|

 
  

247.02

womf os |

|
“

+“

(33.42)
$ .
199.32 160.72_$ 32.60
. @
16.48
3 .f
arehouse Tme/Physical ventory 0 20.00 . is
262503 (362.50

Special Adminstrative Service 2s 265.00
: $ (300.00)} +""

si Changes ‘ 200.00 poe ls ds
woof oo os Is 3s (12.00
poo ss

”

625.00

”

300.00

”

‘ape Load Charge 4 12.00
On Hold Chames/Out of Stock 300.00
information Services Support

+
300.00

wle

90.00 210.00.

200
srl mos soos eee se)
wire} os Is ose scan
waz} 3s esos 100s eat2y
_——

225.00 msmf os
IP © Box Annual Reservation Feo 3.00 30.00

Key PID Fiker Error (.5% of orders) 05% 107 6.000 $ rr) ee ee

SS 6432.70

4464 S$

 
 

)

Proot of Purchase Shredding (tems) 24,480 0.0025
Out Of Area Letters/Checks 3% O44 0.489

Bitthday/Sig. Letters. 4 G44 0.500
#bxs #6 months

oe lwde

IP Q Bax Sortation/Rental

ajo
=
wee

  

aL

-_s 00)
(9.06)
, .

$ 3,873.21 $ (2,559.49)

TOTAL SUPPORT SERVICES

 
 

  
 
 

 

Page 1

  
","    
     
  
    

 

Sue Wall $2283 6694 YA Job Quote/Invoice PO# 93-51954
R. J. Reynolds Tabacco Co. . / Release #: 243
Vantage Q1 Ww Job #: 2565-16 J
$020 / 4B Lb Invoice #: 62272
April 24, 1997 - Revision lil Billing Pertod: we f a ia
Billing Period 03/29/97 - 04/04/97 Path

 
 

PRICE QUOTATION | CURRENT INVOICE | CUMM, TOTALS
lance

SUPPORT SERVICES % Ord. Qty Cost Total Qty Cost Ccum$ Ba
18 46.00 270.06 1 $ 16.00 1 $ 90.00 $ (180.00))

   

 

“

[___ SuproRTseRvicES __|
ems ao} ss aso fs ven so
ee
htsaueren 1 eon swe) sss ws
vs sens wef es
ve ewes as] eats ts
sos vane] es tao fs aos ra
a
zo oom $s ___wase|_awsva| :
coms nate | ae safes
lExpress/Delvery Services/Freight ° 100.00 3 : fs 3 16.48 $ 16.48
sar al es cnn mae eons sea] ws fs sta

21,480 0.0140 300.72 1200 3 16.50 FS 24998 5 (50.79)

°
8
3
vle

ab
E

&
&
8

i
EYE

ne Loed Charge
On Ho CnargaiOee of Stock

8
8
é
8

ltindormation Senaces Support

Proof of Purchase Shredding (tems) 24.480 00025 $
0.189 $ 121.79

    
 

Letters %

P O Box Annual Reservation Foo
PID Finer Error (.5% of orders)

TOTAL SUPPORT SERVICES

 
",True,True,7.332,6.689
242,thiamine deficient [td],figure/diagram,medium,"WEEKLY DIET [ML] CONSUMED BY CONTROL [C], THIAMINE DEFICIENT [TD],
ETHANOL-FED [ET], AND [TD + ET] GROUPS: * FOOD PROVIDED AD LIB

no
=
2,
O
w
=
a
w”
ee
Oo
O
FE
Ww
Q

3 4
WEEKS OF CONSUMPTION

* Expressed as mean + S.E.

Figure 1

 
","WEEKLY DIET [ML] CONSUMED BY CONTROL [C], THIAMINE DEFICIENT [TD],
ETHANOL-FED [ET], AND [TD + ET] GROUPS: * FOOD PROVIDED AD LIB

n
=
2,
Oo
WwW
2
2D
n
D
Oo
O
be
u
a

3 4
WEEKS OF CONSUMPTION

* Expressed as mean + SE.

Figure 1

 
",True,True,1.675,1.087
243,KOOL 100,free_text,simple,"id KOOL 100

>» Objective |
¢ Using KOOL ""C"" Technologies, Develop A KOOL 100 Product
That Is Superior To Newport 100 Among KOOL 100 Smokers

>» CPT Results
¢ KOOL ""C"" Was Superior (94% C.L.) To Newport 100 And At
Parity With Current KOOL 100 Among KOOL 100 Smokers

¢ KOOL 100 Smokers Found KOOL ""C"" To Have More And —
‘Better Menthol! Taste

>» Status .
¢ KOOL ""C"" With 0.57% Menthol And 17% Vent Was Implemented
October 1994

eseo006ee

 

 
","wy KOOL 100

>» Objective |
¢ Using KOOL ""C"" Technologies, Develop A KOOL 100 Product
That Is Superior To Newport 100 Among KOOL 100 Smokers

> CPT Results
¢ KOOL '""C"" Was Superior (94% C.L.) To Newport 100 And At
Parity With Current KOOL 100 Among KOOL 100 Smokers
¢ KOOL 100 Smokers Found KOOL ""C"" To Have More And
-Better Menthol Taste

> Status |
¢ KOOL ""C"" With 0.57% Menthol And 17% Vent Was implemented
October 1994

escoo006ee

 
",True,True,2.097,1.867
244,B&W,free_text,simple,"id KOOL 100

>» Objective |
¢ Using KOOL ""C"" Technologies, Develop A KOOL 100 Product
That Is Superior To Newport 100 Among KOOL 100 Smokers

>» CPT Results
¢ KOOL ""C"" Was Superior (94% C.L.) To Newport 100 And At
Parity With Current KOOL 100 Among KOOL 100 Smokers

¢ KOOL 100 Smokers Found KOOL ""C"" To Have More And —
‘Better Menthol! Taste

>» Status .
¢ KOOL ""C"" With 0.57% Menthol And 17% Vent Was Implemented
October 1994

eseo006ee

 

 
","wy KOOL 100

>» Objective |
¢ Using KOOL ""C"" Technologies, Develop A KOOL 100 Product
That Is Superior To Newport 100 Among KOOL 100 Smokers

> CPT Results
¢ KOOL '""C"" Was Superior (94% C.L.) To Newport 100 And At
Parity With Current KOOL 100 Among KOOL 100 Smokers
¢ KOOL 100 Smokers Found KOOL ""C"" To Have More And
-Better Menthol Taste

> Status |
¢ KOOL ""C"" With 0.57% Menthol And 17% Vent Was implemented
October 1994

escoo006ee

 
",False,False,2.186,3.293
245,0.57%,free_text,simple,"id KOOL 100

>» Objective |
¢ Using KOOL ""C"" Technologies, Develop A KOOL 100 Product
That Is Superior To Newport 100 Among KOOL 100 Smokers

>» CPT Results
¢ KOOL ""C"" Was Superior (94% C.L.) To Newport 100 And At
Parity With Current KOOL 100 Among KOOL 100 Smokers

¢ KOOL 100 Smokers Found KOOL ""C"" To Have More And —
‘Better Menthol! Taste

>» Status .
¢ KOOL ""C"" With 0.57% Menthol And 17% Vent Was Implemented
October 1994

eseo006ee

 

 
","wy KOOL 100

>» Objective |
¢ Using KOOL ""C"" Technologies, Develop A KOOL 100 Product
That Is Superior To Newport 100 Among KOOL 100 Smokers

> CPT Results
¢ KOOL '""C"" Was Superior (94% C.L.) To Newport 100 And At
Parity With Current KOOL 100 Among KOOL 100 Smokers
¢ KOOL 100 Smokers Found KOOL ""C"" To Have More And
-Better Menthol Taste

> Status |
¢ KOOL ""C"" With 0.57% Menthol And 17% Vent Was implemented
October 1994

escoo006ee

 
",True,True,2.682,1.868
246,c,figure/diagram,simple,"WEEKLY DIET [ML] CONSUMED BY CONTROL [C], THIAMINE DEFICIENT [TD],
ETHANOL-FED [ET], AND [TD + ET] GROUPS: * FOOD PROVIDED AD LIB

no
=
2,
O
w
=
a
w”
ee
Oo
O
FE
Ww
Q

3 4
WEEKS OF CONSUMPTION

* Expressed as mean + S.E.

Figure 1

 
","WEEKLY DIET [ML] CONSUMED BY CONTROL [C], THIAMINE DEFICIENT [TD],
ETHANOL-FED [ET], AND [TD + ET] GROUPS: * FOOD PROVIDED AD LIB

n
=
2,
Oo
WwW
2
2D
n
D
Oo
O
be
u
a

3 4
WEEKS OF CONSUMPTION

* Expressed as mean + SE.

Figure 1

 
",True,True,1.657,1.086
247,93-51954,form,simple,"Vantage Qi Job #: 2565-16 J
$020/ 4B Invoice #: 62272

April 24, 1997 - Revision ttl Billing Period: 4/4/97 4 MA ial
Billing Period 03/29/97 - 04/04/97 Palak

Sue Wall 52283 6694 YA Job Quote/Invoice PO# 93-51954
R. J. Reynolds Tabacco Co. + / Release #: 243
XY

 

       

PRICE QUOTATION | CURRENT INVOICE | CUMM. TOTALS

SUPPORT SERVICES % Ord. Qty Cost Total Cost Cum $ Balance
1 $ 18.00 FS 90.00 $ (180.00)
43 $ y

wile

+ Budget History 18 26.00
$ 245.00 $ (385.00)

Report « inventory ManagementRotl - up 418 35.00
Report Set Up Fees
|Special Handling Written Comespondence

”

420.
630.
300

|
3

ary

mame ee ae |
of 1s as. 100.00_$ 250.00}
of 1s 35.00)
of os 200.00 :
woo 8 ser
436.04
Lngqualtiow Fraud - Handled tu Checking v8 153.32
LUnqualiied - Matec to Consumers ’ 0. yr) ee eS)
os 226154

00

|

3% 25.00

=
wie

3% 1825

E
i

   

g
E
8
«

E

   

Unqualified Proofs Retumed to Consumer a
‘ransmissions ta Third Party 21480 0.009

“lw

Retum Source (At Order Forms to rec cir) 21480 0.002 42.56
Certified Mail Charges (.05% X # orders) ail 1,00
|Express/Delivery Services/Freight 100.00
iSmoker Data Base Processing (orders)

“

 
  

$
24,480 0.0445, 1197 13.77
20 o.0iaa 200.72
$ z
4

|

 
  

247.02

womf os |

|
“

+“

(33.42)
$ .
199.32 160.72_$ 32.60
. @
16.48
3 .f
arehouse Tme/Physical ventory 0 20.00 . is
262503 (362.50

Special Adminstrative Service 2s 265.00
: $ (300.00)} +""

si Changes ‘ 200.00 poe ls ds
woof oo os Is 3s (12.00
poo ss

”

625.00

”

300.00

”

‘ape Load Charge 4 12.00
On Hold Chames/Out of Stock 300.00
information Services Support

+
300.00

wle

90.00 210.00.

200
srl mos soos eee se)
wire} os Is ose scan
waz} 3s esos 100s eat2y
_——

225.00 msmf os
IP © Box Annual Reservation Feo 3.00 30.00

Key PID Fiker Error (.5% of orders) 05% 107 6.000 $ rr) ee ee

SS 6432.70

4464 S$

 
 

)

Proot of Purchase Shredding (tems) 24,480 0.0025
Out Of Area Letters/Checks 3% O44 0.489

Bitthday/Sig. Letters. 4 G44 0.500
#bxs #6 months

oe lwde

IP Q Bax Sortation/Rental

ajo
=
wee

  

aL

-_s 00)
(9.06)
, .

$ 3,873.21 $ (2,559.49)

TOTAL SUPPORT SERVICES

 
 

  
 
 

 

Page 1

  
","    
     
  
    

 

Sue Wall $2283 6694 YA Job Quote/Invoice PO# 93-51954
R. J. Reynolds Tabacco Co. . / Release #: 243
Vantage Q1 Ww Job #: 2565-16 J
$020 / 4B Lb Invoice #: 62272
April 24, 1997 - Revision lil Billing Pertod: we f a ia
Billing Period 03/29/97 - 04/04/97 Path

 
 

PRICE QUOTATION | CURRENT INVOICE | CUMM, TOTALS
lance

SUPPORT SERVICES % Ord. Qty Cost Total Qty Cost Ccum$ Ba
18 46.00 270.06 1 $ 16.00 1 $ 90.00 $ (180.00))

   

 

“

[___ SuproRTseRvicES __|
ems ao} ss aso fs ven so
ee
htsaueren 1 eon swe) sss ws
vs sens wef es
ve ewes as] eats ts
sos vane] es tao fs aos ra
a
zo oom $s ___wase|_awsva| :
coms nate | ae safes
lExpress/Delvery Services/Freight ° 100.00 3 : fs 3 16.48 $ 16.48
sar al es cnn mae eons sea] ws fs sta

21,480 0.0140 300.72 1200 3 16.50 FS 24998 5 (50.79)

°
8
3
vle

ab
E

&
&
8

i
EYE

ne Loed Charge
On Ho CnargaiOee of Stock

8
8
é
8

ltindormation Senaces Support

Proof of Purchase Shredding (tems) 24.480 00025 $
0.189 $ 121.79

    
 

Letters %

P O Box Annual Reservation Foo
PID Finer Error (.5% of orders)

TOTAL SUPPORT SERVICES

 
",True,True,9.464,4.677
248,1994,free_text,simple,"id KOOL 100

>» Objective |
¢ Using KOOL ""C"" Technologies, Develop A KOOL 100 Product
That Is Superior To Newport 100 Among KOOL 100 Smokers

>» CPT Results
¢ KOOL ""C"" Was Superior (94% C.L.) To Newport 100 And At
Parity With Current KOOL 100 Among KOOL 100 Smokers

¢ KOOL 100 Smokers Found KOOL ""C"" To Have More And —
‘Better Menthol! Taste

>» Status .
¢ KOOL ""C"" With 0.57% Menthol And 17% Vent Was Implemented
October 1994

eseo006ee

 

 
","wy KOOL 100

>» Objective |
¢ Using KOOL ""C"" Technologies, Develop A KOOL 100 Product
That Is Superior To Newport 100 Among KOOL 100 Smokers

> CPT Results
¢ KOOL '""C"" Was Superior (94% C.L.) To Newport 100 And At
Parity With Current KOOL 100 Among KOOL 100 Smokers
¢ KOOL 100 Smokers Found KOOL ""C"" To Have More And
-Better Menthol Taste

> Status |
¢ KOOL ""C"" With 0.57% Menthol And 17% Vent Was implemented
October 1994

escoo006ee

 
",True,True,2.184,1.925
249,c,figure/diagram,simple,"WEEKLY DIET [ML] CONSUMED BY CONTROL [C], THIAMINE DEFICIENT [TD],
ETHANOL-FED [ET], AND [TD + ET] GROUPS: * FOOD PROVIDED AD LIB

no
=
2,
O
w
=
a
w”
ee
Oo
O
FE
Ww
Q

3 4
WEEKS OF CONSUMPTION

* Expressed as mean + S.E.

Figure 1

 
","WEEKLY DIET [ML] CONSUMED BY CONTROL [C], THIAMINE DEFICIENT [TD],
ETHANOL-FED [ET], AND [TD + ET] GROUPS: * FOOD PROVIDED AD LIB

n
=
2,
Oo
WwW
2
2D
n
D
Oo
O
be
u
a

3 4
WEEKS OF CONSUMPTION

* Expressed as mean + SE.

Figure 1

 
",True,True,2.488,1.904
250,11/8/2001,others,simple," 

Wyeth Pharmaceuticals and Vaccines Brand Marketing Plan

 

List Price Strategy: As the market share leader in hormone replacement therapy (HRT),
Prempro and Premphase are to be priced at a premium to other brand name HRT and
price increases should be aggressive to cover increasing costs and to maximize profit. A
managed care elasticity study completed in 2000, looking at Prempro pricing, indicated
that the list price could be increased to $29.00 for a month supply without raising strong
resistance from managed care. The direct price for a month supply as of March 2001 is
$24.97 and $22.80 for Prempro and Premphase respectively.

Average Selling Price: The weighted ASP is listed below. The increase in gross ASP is
consistent with catalog price increases; the increase in net ASP is also influenced by a
telative decrease in sales deductions.

 

2000 999 Change Change
Gross ASP per Tablet $0.7331 $0.6313 $0.1017 16.1%

Net ASP per Tablet 0.6697__0.5728 0.0969 16.9%
Terms of Sale: All classes of trade receive terms of 2% 30; net 31 days.

1.16 Reimbursement Strategy and Action Plan

Although a variety of ERT/HRT products are reimbursed in the United States, cost
concerns remain an important consideration in the ERT/HRT market. Inexpensive drugs
such as Premarin appear on most formularies, approximately 99% with Prempro on
approximately 96% of all formularies across the United States. Pricier drugs, such as
raloxifene and some transdermal products, are less likely to be reimbursed. As a
consequence, the bottom line for third-party payers, physicians, and patients
themselves, will always factor into prescribing and consumption patterns in the ERT/HRT
market. Pricing of new drugs must therefore remain competitive in each of the major
markets if newer agents are to gain patient and clinician acceptance.

Managed care organizations have made strong inroads in serving both the Medicare and
non-Medicare populations in the United States. Managed care is a mixed blessing with
regard to the future of ERT/HRT in the United States. In the short term, cost constraints
may initially depress the market prospects of higher-cost products. In the long run,
however, the trend toward preventive strategies and the expected positive results of
major trials (e.g. WHI, WISDOM, and RUTH) could pay off for therapies that offer a
proven preventive benefit as well as symptom relief.

6. Tactics

This section presents specific tactics such as programs, promotional materials, and
initiatives that are created to support strategic imperatives.

 

   
    

 

 

Timing

   

 

 

 

 

 

Tactic Description
DTC Advertising - 60 Jan-May 2002
(Including Media, Celebration:
Production, Real Women Jan-Mar. 2002
Fulfillment, -_ Lauren Hutton

© 2001, Wyeth-Ayerst Pharmaceuticals. CONFIDENTIAL Page 34 of 45

ALL RIGHTS RESERVED. RESTRICTED TO INTERNAL USE ONLY Printed on: 11/8/2001

Confidential Pursuant to Confidentiality LAWT021-009907

Order
"," 

Wyeth Pharmaceuticals and Vaccines Brand Marketing Pian

 

List Price Strategy: As the market share leader in hormone replacement therapy (HRT),
Prempro and Premphase are to be priced at a premium to other brand name HRT and
price increases should be aggressive to cover increasing costs and to maximize profit. A
managed care elasticity study completed in 2000, looking at Prempro pricing, indicated
that the list price could be increased to $29.00 for a month supply without raising strong
resistance from managed care. The direct price for a month supply as of March 2001 is
$24.97 and $22.80 for Prempro and Premphase respectively.

Average Selling Price: The weighted ASP is listed below. The increase in gross ASP is
consistent with catalog price increases; the increase in net ASP is also influenced by a
relative decrease in sales deductions.

 

Gross ASP per Tablet $0.7331 $0.6313 $0.1017 16.1%
Net ASP per Tablet 0.6697 0.5728 0.0968 16.9%
Terms of Sale: All classes of trade receive terms of 2% 30; net 31 days.

1.16 Reimbursement Strategy and Action Plan

Although a variety of ERT/HRT products are reimbursed in the United States, cost
concerns remain an important consideration in the ERT/HRT market. Inexpensive drugs
such as Premarin appear on most formularies, approximately 99% with Prempro on
approximately 96% of all formularies across the United States. Pricier drugs, such as
raloxifene and some transdermal products, are less likely to be reimbursed. As a
consequences, the bottom line for third-party payers, physicians, and patients
themselves, will always factor into prescribing and consumption patterns in the ERT/HRT
market. Pricing of new drugs must therefore remain competitive in each of the major
markets if newer agents are to gain patient and clinician acceptance.

Managed care organizations have made strong inroads in serving both the Medicare and
non-Medicare populations in the United States. Managed care is a mixed blessing with
regard to the future of ERT/HRT in the United States. In the short term, cost constraints
may initially depress the market prospects of higher-cost products. In the long run,
however, the trend toward preventive strategies and the expected positive results of
major trials (e.g. WHI, WISDOM, and RUTH) could pay off for therapies that offer a
proven preventive benefit as well as symptom relief.

6. Tactics

This section presents specific tactics such as programs, promotional materials, and
initiatives that are created to support strategic imperatives.

 

  
    

 

   
  

 
  

DTC Advertising Jan-May 2002

   
  
 

    
  

 

 

 

{Including Media, Celebration:
Production, Real Women Jan-Mar. 2002
Fulfillment, -__ Lauren Hutton
©2001, Wyeth-Ayerst Pharmaceuticals. CONFIDENTIAL Page 34 of 45
ALL RIGHTS RESERVED. RESTRICTED TO INTERNAL USE ONLY Printed on: 11/8/2001
Confidential Pursuant to Confidentiality LAWT021-009907

Order

Sol as a dated tree ts test

 
",True,True,7.098,8.873
251,Nicotine RSM Study,table/list,medium," 

PROGRAM

Nicotine RSM Study

 

MAJOR STRATEGIC RESEARCH PROGRAMS

DESCRIPTION

An interdepartmental study which:

1. Comprehensively defines the role of
nicotine in smoker acceptance
and physiological/pharmacological
measures of satisfaction.

2. Generates learning immediately
actionable in product development
efforts towards optimization of
high/low T/N ratio products.

TIMING

SQW
Program complete 299+ for
product optimization among
FFLT/FF smokers.
","PROGRAM

Nicotine RSM Study

 

 

MAJOR STRATEGIC RESEARCH PROGRAMS

DESCRIPTION

An interdepartmental study which:

1. Comprehensively defines the role of
nicotine in smoker acceptance
and physiological/pharmacological

measures of satisfaction.

2. Generates learning immediately
actionable in product development
efforts towards optimization of
high/low T/N ratio products.

TIMING

SQUH
Program complete 299+ for
product optimization among
FFLT/FF smokers.
",True,True,1.238,1.366
252,et,figure/diagram,simple,"WEEKLY DIET [ML] CONSUMED BY CONTROL [C], THIAMINE DEFICIENT [TD],
ETHANOL-FED [ET], AND [TD + ET] GROUPS: * FOOD PROVIDED AD LIB

no
=
2,
O
w
=
a
w”
ee
Oo
O
FE
Ww
Q

3 4
WEEKS OF CONSUMPTION

* Expressed as mean + S.E.

Figure 1

 
","WEEKLY DIET [ML] CONSUMED BY CONTROL [C], THIAMINE DEFICIENT [TD],
ETHANOL-FED [ET], AND [TD + ET] GROUPS: * FOOD PROVIDED AD LIB

n
=
2,
Oo
WwW
2
2D
n
D
Oo
O
be
u
a

3 4
WEEKS OF CONSUMPTION

* Expressed as mean + SE.

Figure 1

 
",True,True,1.655,1.091
253,MAJOR STRATEGIC RESEARCH PROGRAMS,layout,medium," 

PROGRAM

Nicotine RSM Study

 

MAJOR STRATEGIC RESEARCH PROGRAMS

DESCRIPTION

An interdepartmental study which:

1. Comprehensively defines the role of
nicotine in smoker acceptance
and physiological/pharmacological
measures of satisfaction.

2. Generates learning immediately
actionable in product development
efforts towards optimization of
high/low T/N ratio products.

TIMING

SQW
Program complete 299+ for
product optimization among
FFLT/FF smokers.
","PROGRAM

Nicotine RSM Study

 

 

MAJOR STRATEGIC RESEARCH PROGRAMS

DESCRIPTION

An interdepartmental study which:

1. Comprehensively defines the role of
nicotine in smoker acceptance
and physiological/pharmacological

measures of satisfaction.

2. Generates learning immediately
actionable in product development
efforts towards optimization of
high/low T/N ratio products.

TIMING

SQUH
Program complete 299+ for
product optimization among
FFLT/FF smokers.
",True,True,1.239,1.35
254,DESCRIPTION,table/list,simple," 

PROGRAM

Nicotine RSM Study

 

MAJOR STRATEGIC RESEARCH PROGRAMS

DESCRIPTION

An interdepartmental study which:

1. Comprehensively defines the role of
nicotine in smoker acceptance
and physiological/pharmacological
measures of satisfaction.

2. Generates learning immediately
actionable in product development
efforts towards optimization of
high/low T/N ratio products.

TIMING

SQW
Program complete 299+ for
product optimization among
FFLT/FF smokers.
","PROGRAM

Nicotine RSM Study

 

 

MAJOR STRATEGIC RESEARCH PROGRAMS

DESCRIPTION

An interdepartmental study which:

1. Comprehensively defines the role of
nicotine in smoker acceptance
and physiological/pharmacological

measures of satisfaction.

2. Generates learning immediately
actionable in product development
efforts towards optimization of
high/low T/N ratio products.

TIMING

SQUH
Program complete 299+ for
product optimization among
FFLT/FF smokers.
",True,True,1.276,2.313
255,"may 2, 1978",form,medium," 

Bile eS este! . 0
Purpose of journey and destination in China, TO become more knov

 

 

and Kwangchow ~ Means of travel as prescribed i by ei ngsne.

 

 

SAS, BINS 1
(Date end part of entry int

   

nee
gee

yA
% Sg
Pek
S32

__ Peking - -

 

sril 27, 1978

iL 17, 1978.

 

 

 

Pues Han je a exit from | c xing, ard by what merns of transport Shucway bs by train on

May 2, is7s. oe . ; 2

leeches setae serene ant ene
ae aot SoURTELATE Fey? oes .
au proceed te after leaving Cuina? Whether entry permit to that country hes

 

 

ae
Bey VE S
What cour

    
         
  
 

     
  

1, AER

i family members ‘Yrs Sms, SEX,

 

 

 

 

   

To be filled by the visa officer

 
 

ELF % i HEE aE.

 
"," 

PASS EES Ey

Purpose of journey ard destinatt on in China__ To become more knowledgeable about »

 

 
 

_Rpril , if to Mav 2 a 1972. |

  

Ay te fort

Wo ES PTs

      

 

 

+
cary of trav el and means of transport in China P ai -Nangchow
and Kwangchow ~— Means of travel as prescribed by Luxingshe.

 

   

Jit Ay, 3

  
 
 
 

na, where “Froi> aud by what meana of teansport_ Peking -
_by air from Tokyo Flight JL 785 April 17, 1978.""
MBE, His. HAT aeeI TA

Date and port of exit no China, and by what merns of transport Shusway by | by train on

 

May 2, 1978. . . -

REE Eel?
rts you proceed to after leaving Cuina? Whether entry permit to that country has
bea obtained? - oot

  
      

Fongkong - Yes.  _ =

ft. ey <r
K My TERS . SER¢ .

 

       

 

 

sree cent ener ee weenie othteceensnteneencnteei ttt token tenner eens —ennnett-ernenaunnennenranrennanohat ter neutresraeretueseeneny ft endepmarasnanannninanat wninnnnnenanannnnnmnnenwyahererren ner

 

 

 

BLD A OBI , BUA

Date of application Sigcahuve PAULSAMIMAN
e  %

Remarks _ . er te eet ne tenet rn

 

 
",False,True,3.586,3.636
256,51092 5213,layout,simple," 

PROGRAM

Nicotine RSM Study

 

MAJOR STRATEGIC RESEARCH PROGRAMS

DESCRIPTION

An interdepartmental study which:

1. Comprehensively defines the role of
nicotine in smoker acceptance
and physiological/pharmacological
measures of satisfaction.

2. Generates learning immediately
actionable in product development
efforts towards optimization of
high/low T/N ratio products.

TIMING

SQW
Program complete 299+ for
product optimization among
FFLT/FF smokers.
","PROGRAM

Nicotine RSM Study

 

 

MAJOR STRATEGIC RESEARCH PROGRAMS

DESCRIPTION

An interdepartmental study which:

1. Comprehensively defines the role of
nicotine in smoker acceptance
and physiological/pharmacological

measures of satisfaction.

2. Generates learning immediately
actionable in product development
efforts towards optimization of
high/low T/N ratio products.

TIMING

SQUH
Program complete 299+ for
product optimization among
FFLT/FF smokers.
",False,False,1.225,1.319
257,curriculum vitae,layout,simple,"CURRICULUM VITAE

Thomas A. McCoy
December 1958

PERSONAL HISTORY

Date of Birth: March 22, 1921
Place of Birth: Bartlesville, Oklahoma
Wife: Jane Garnett McCoy
Children: Ann McCoy

Mike McCoy

EDUCATION

Public Schools of Ponca City, Oklahoma

University of Oklahoma B.S. in Zoology
University of Oklahoma M.S. in Chemistry
University of Oklahoma Ph.D. in Chemistry

SOCIAL SOCIETY
Phi Delta Theta
CIVIC SOCIETY
Rotary Club
HONORARY SOCIETIES
Phi Beta Kappa
Phi Lambda Upsilon
Phi Sigma
Sigma Xi
Alpha Xi Sigma
Alpha Epsilon Delta
SCIENTIFIC SOCIETIES
American Chemical Society
New York Academy of Sciences
American Association for Advancement of Science
Society for Experimental Biology and Medicine
American Association for Cancer Research, Inc.

MILITARY SERVICE

U.S. Army Tank Destroyers 1942-1945

 
","CURRICULUM VITAE

Thomas A. McCoy
December 1958

PERSONAL HISTORY

Date of Birth: March 22, 1921
Place of Birth: Bartlesville, Oklahoma
Wife: Jane Garnett McCoy
Children: Ann McCoy

Mike McCoy

EDUCATION
Public Schools of Ponca City, Oklahoma
University of Oklahoma B.S. in Zoology
University of Oklahoma M.S. in Chemistry
University of Oklahoma Ph.D. in Chemistry
SOCIAL SOCIETY
Phi Delta Theta
CIVIC SOCIETY
Rotary Club
HONORARY SOCIETIES
Phi Beta Kappa
Phi Lambda Upsilon
Phi Sigma
Sigma Xi
Alpha Xi Sigma
Alpha Epsilon Delta
SCIENTIFIC SOCIETIES
American Chemical Society
New York Academy of Sciences
American Association for Advancement of Science
Society for Experimental Biology and Medicine
American Association for Cancer Research, Inc.

MILITARY SERVICE

U.S. Army Tank Destroyers 1942-1945

 
",True,True,3.292,4.259
258,hormone replacement therapy,free_text,medium," 

Wyeth Pharmaceuticals and Vaccines Brand Marketing Plan

 

List Price Strategy: As the market share leader in hormone replacement therapy (HRT),
Prempro and Premphase are to be priced at a premium to other brand name HRT and
price increases should be aggressive to cover increasing costs and to maximize profit. A
managed care elasticity study completed in 2000, looking at Prempro pricing, indicated
that the list price could be increased to $29.00 for a month supply without raising strong
resistance from managed care. The direct price for a month supply as of March 2001 is
$24.97 and $22.80 for Prempro and Premphase respectively.

Average Selling Price: The weighted ASP is listed below. The increase in gross ASP is
consistent with catalog price increases; the increase in net ASP is also influenced by a
telative decrease in sales deductions.

 

2000 999 Change Change
Gross ASP per Tablet $0.7331 $0.6313 $0.1017 16.1%

Net ASP per Tablet 0.6697__0.5728 0.0969 16.9%
Terms of Sale: All classes of trade receive terms of 2% 30; net 31 days.

1.16 Reimbursement Strategy and Action Plan

Although a variety of ERT/HRT products are reimbursed in the United States, cost
concerns remain an important consideration in the ERT/HRT market. Inexpensive drugs
such as Premarin appear on most formularies, approximately 99% with Prempro on
approximately 96% of all formularies across the United States. Pricier drugs, such as
raloxifene and some transdermal products, are less likely to be reimbursed. As a
consequence, the bottom line for third-party payers, physicians, and patients
themselves, will always factor into prescribing and consumption patterns in the ERT/HRT
market. Pricing of new drugs must therefore remain competitive in each of the major
markets if newer agents are to gain patient and clinician acceptance.

Managed care organizations have made strong inroads in serving both the Medicare and
non-Medicare populations in the United States. Managed care is a mixed blessing with
regard to the future of ERT/HRT in the United States. In the short term, cost constraints
may initially depress the market prospects of higher-cost products. In the long run,
however, the trend toward preventive strategies and the expected positive results of
major trials (e.g. WHI, WISDOM, and RUTH) could pay off for therapies that offer a
proven preventive benefit as well as symptom relief.

6. Tactics

This section presents specific tactics such as programs, promotional materials, and
initiatives that are created to support strategic imperatives.

 

   
    

 

 

Timing

   

 

 

 

 

 

Tactic Description
DTC Advertising - 60 Jan-May 2002
(Including Media, Celebration:
Production, Real Women Jan-Mar. 2002
Fulfillment, -_ Lauren Hutton

© 2001, Wyeth-Ayerst Pharmaceuticals. CONFIDENTIAL Page 34 of 45

ALL RIGHTS RESERVED. RESTRICTED TO INTERNAL USE ONLY Printed on: 11/8/2001

Confidential Pursuant to Confidentiality LAWT021-009907

Order
"," 

Wyeth Pharmaceuticals and Vaccines Brand Marketing Pian

 

List Price Strategy: As the market share leader in hormone replacement therapy (HRT),
Prempro and Premphase are to be priced at a premium to other brand name HRT and
price increases should be aggressive to cover increasing costs and to maximize profit. A
managed care elasticity study completed in 2000, looking at Prempro pricing, indicated
that the list price could be increased to $29.00 for a month supply without raising strong
resistance from managed care. The direct price for a month supply as of March 2001 is
$24.97 and $22.80 for Prempro and Premphase respectively.

Average Selling Price: The weighted ASP is listed below. The increase in gross ASP is
consistent with catalog price increases; the increase in net ASP is also influenced by a
relative decrease in sales deductions.

 

Gross ASP per Tablet $0.7331 $0.6313 $0.1017 16.1%
Net ASP per Tablet 0.6697 0.5728 0.0968 16.9%
Terms of Sale: All classes of trade receive terms of 2% 30; net 31 days.

1.16 Reimbursement Strategy and Action Plan

Although a variety of ERT/HRT products are reimbursed in the United States, cost
concerns remain an important consideration in the ERT/HRT market. Inexpensive drugs
such as Premarin appear on most formularies, approximately 99% with Prempro on
approximately 96% of all formularies across the United States. Pricier drugs, such as
raloxifene and some transdermal products, are less likely to be reimbursed. As a
consequences, the bottom line for third-party payers, physicians, and patients
themselves, will always factor into prescribing and consumption patterns in the ERT/HRT
market. Pricing of new drugs must therefore remain competitive in each of the major
markets if newer agents are to gain patient and clinician acceptance.

Managed care organizations have made strong inroads in serving both the Medicare and
non-Medicare populations in the United States. Managed care is a mixed blessing with
regard to the future of ERT/HRT in the United States. In the short term, cost constraints
may initially depress the market prospects of higher-cost products. In the long run,
however, the trend toward preventive strategies and the expected positive results of
major trials (e.g. WHI, WISDOM, and RUTH) could pay off for therapies that offer a
proven preventive benefit as well as symptom relief.

6. Tactics

This section presents specific tactics such as programs, promotional materials, and
initiatives that are created to support strategic imperatives.

 

  
    

 

   
  

 
  

DTC Advertising Jan-May 2002

   
  
 

    
  

 

 

 

{Including Media, Celebration:
Production, Real Women Jan-Mar. 2002
Fulfillment, -__ Lauren Hutton
©2001, Wyeth-Ayerst Pharmaceuticals. CONFIDENTIAL Page 34 of 45
ALL RIGHTS RESERVED. RESTRICTED TO INTERNAL USE ONLY Printed on: 11/8/2001
Confidential Pursuant to Confidentiality LAWT021-009907

Order

Sol as a dated tree ts test

 
",True,True,6.988,8.791
259,thomas a. mccoy,layout,medium,"CURRICULUM VITAE

Thomas A. McCoy
December 1958

PERSONAL HISTORY

Date of Birth: March 22, 1921
Place of Birth: Bartlesville, Oklahoma
Wife: Jane Garnett McCoy
Children: Ann McCoy

Mike McCoy

EDUCATION

Public Schools of Ponca City, Oklahoma

University of Oklahoma B.S. in Zoology
University of Oklahoma M.S. in Chemistry
University of Oklahoma Ph.D. in Chemistry

SOCIAL SOCIETY
Phi Delta Theta
CIVIC SOCIETY
Rotary Club
HONORARY SOCIETIES
Phi Beta Kappa
Phi Lambda Upsilon
Phi Sigma
Sigma Xi
Alpha Xi Sigma
Alpha Epsilon Delta
SCIENTIFIC SOCIETIES
American Chemical Society
New York Academy of Sciences
American Association for Advancement of Science
Society for Experimental Biology and Medicine
American Association for Cancer Research, Inc.

MILITARY SERVICE

U.S. Army Tank Destroyers 1942-1945

 
","CURRICULUM VITAE

Thomas A. McCoy
December 1958

PERSONAL HISTORY

Date of Birth: March 22, 1921
Place of Birth: Bartlesville, Oklahoma
Wife: Jane Garnett McCoy
Children: Ann McCoy

Mike McCoy

EDUCATION
Public Schools of Ponca City, Oklahoma
University of Oklahoma B.S. in Zoology
University of Oklahoma M.S. in Chemistry
University of Oklahoma Ph.D. in Chemistry
SOCIAL SOCIETY
Phi Delta Theta
CIVIC SOCIETY
Rotary Club
HONORARY SOCIETIES
Phi Beta Kappa
Phi Lambda Upsilon
Phi Sigma
Sigma Xi
Alpha Xi Sigma
Alpha Epsilon Delta
SCIENTIFIC SOCIETIES
American Chemical Society
New York Academy of Sciences
American Association for Advancement of Science
Society for Experimental Biology and Medicine
American Association for Cancer Research, Inc.

MILITARY SERVICE

U.S. Army Tank Destroyers 1942-1945

 
",True,True,3.023,2.598
260,For all our tomorrows,layout,medium," 

 

     
    
  

WE

    
        
 
 
 
  
   
 
 
   

SESISISRENIGAR Na

       
     

“i

 

CHStances

Greating Off
Farm Livelihood
Opportunities

Natural Nesource
Management

Source: https:/Awww.industrydocuments.ucsf.edu/docs/rnbx0223
","   

nablity Updates For Al Our Tr

OU Se cei es
Development Project
at Sehore has been
PPG iitetaC iret tts

of 47 best sites hy the
Rajiv Gandhi Mission
for Watershed
Management,
Government of :
Madhya Pradesh ware established during the

ta 206

        
  
 
 
  
 
 
 

PPEOOLS PHIL. ad resources.

Agarbatti
Value Chain

ge of ITC's |
ni Progr. 3G

Agarbattis Business
he brand fh

 

 
    
  
     
 
 

   

Supplementary
Educati

. Pi 8 ee
and Skills
PRE e ces

   
        
 
     
   
       

gery of women by reduc.
burden of carrying

water aver jong distances

 

  

 

Creating Off
Farm Livelihood
Opportunities

iS Gave

objec

Natural Resource
Management

 

The Prog

Ove satte

 

Source: https:/Awww. industrydocuments.ucsf.edu/docs/rnbx0223
",False,False,1.548,4.609
261,Sustainability updates,layout,simple," 

 

     
    
  

WE

    
        
 
 
 
  
   
 
 
   

SESISISRENIGAR Na

       
     

“i

 

CHStances

Greating Off
Farm Livelihood
Opportunities

Natural Nesource
Management

Source: https:/Awww.industrydocuments.ucsf.edu/docs/rnbx0223
","   

nablity Updates For Al Our Tr

OU Se cei es
Development Project
at Sehore has been
PPG iitetaC iret tts

of 47 best sites hy the
Rajiv Gandhi Mission
for Watershed
Management,
Government of :
Madhya Pradesh ware established during the

ta 206

        
  
 
 
  
 
 
 

PPEOOLS PHIL. ad resources.

Agarbatti
Value Chain

ge of ITC's |
ni Progr. 3G

Agarbattis Business
he brand fh

 

 
    
  
     
 
 

   

Supplementary
Educati

. Pi 8 ee
and Skills
PRE e ces

   
        
 
     
   
       

gery of women by reduc.
burden of carrying

water aver jong distances

 

  

 

Creating Off
Farm Livelihood
Opportunities

iS Gave

objec

Natural Resource
Management

 

The Prog

Ove satte

 

Source: https:/Awww. industrydocuments.ucsf.edu/docs/rnbx0223
",False,False,2.046,3.184
262,Mangaldeep,free_text,simple," 

 

     
    
  

WE

    
        
 
 
 
  
   
 
 
   

SESISISRENIGAR Na

       
     

“i

 

CHStances

Greating Off
Farm Livelihood
Opportunities

Natural Nesource
Management

Source: https:/Awww.industrydocuments.ucsf.edu/docs/rnbx0223
","   

nablity Updates For Al Our Tr

OU Se cei es
Development Project
at Sehore has been
PPG iitetaC iret tts

of 47 best sites hy the
Rajiv Gandhi Mission
for Watershed
Management,
Government of :
Madhya Pradesh ware established during the

ta 206

        
  
 
 
  
 
 
 

PPEOOLS PHIL. ad resources.

Agarbatti
Value Chain

ge of ITC's |
ni Progr. 3G

Agarbattis Business
he brand fh

 

 
    
  
     
 
 

   

Supplementary
Educati

. Pi 8 ee
and Skills
PRE e ces

   
        
 
     
   
       

gery of women by reduc.
burden of carrying

water aver jong distances

 

  

 

Creating Off
Farm Livelihood
Opportunities

iS Gave

objec

Natural Resource
Management

 

The Prog

Ove satte

 

Source: https:/Awww. industrydocuments.ucsf.edu/docs/rnbx0223
",False,False,1.519,3.178
263,5960 c,form,simple," 

SENT BY:RU REYNOLDS TOB, CO. + 8- 8-84 + 15:28 i+PT&D MECH & INST DEV

9197410918+8 7

ete ee RII ee ence em oe em KE Mente cote
De petshele NINN TAA ADS REEDS ie,

CSF Run Sheet

Date: 72 9-94
pp_S97fo G

csF- Jal

Run Nos. L934 - 1943 |

Net Pounds Infeed: 5 id |
Net Pounds Out: 437

| y3d%

SeParaz Buen Hyena i) fap fam To 8-3

*S98 LIers

 

 
"," 

©

SENT BY:RJ REYNOLDS TOB, GO. + = 8-04 + 19:26 SPT&D MECH & INST DEV~

O1974100185% 7

+ ee ee RN bee cee cee ae: a
: PEpetany DASA HD N ,

AST SN ete

CSF Run Sheet

Date: 7s 9-94
pp-_ S940 ©

csF- Jal

Run Nos. L924 = 1943

Net Pounds Infeed: 5 34
Net Pounds Out: 437

| y3d%

ScPanaw buvse Hyopeannl iw PP kite To 8-3

'S9g TobTS
",False,False,1.611,2.574
264,december 1958,layout,simple,"CURRICULUM VITAE

Thomas A. McCoy
December 1958

PERSONAL HISTORY

Date of Birth: March 22, 1921
Place of Birth: Bartlesville, Oklahoma
Wife: Jane Garnett McCoy
Children: Ann McCoy

Mike McCoy

EDUCATION

Public Schools of Ponca City, Oklahoma

University of Oklahoma B.S. in Zoology
University of Oklahoma M.S. in Chemistry
University of Oklahoma Ph.D. in Chemistry

SOCIAL SOCIETY
Phi Delta Theta
CIVIC SOCIETY
Rotary Club
HONORARY SOCIETIES
Phi Beta Kappa
Phi Lambda Upsilon
Phi Sigma
Sigma Xi
Alpha Xi Sigma
Alpha Epsilon Delta
SCIENTIFIC SOCIETIES
American Chemical Society
New York Academy of Sciences
American Association for Advancement of Science
Society for Experimental Biology and Medicine
American Association for Cancer Research, Inc.

MILITARY SERVICE

U.S. Army Tank Destroyers 1942-1945

 
","CURRICULUM VITAE

Thomas A. McCoy
December 1958

PERSONAL HISTORY

Date of Birth: March 22, 1921
Place of Birth: Bartlesville, Oklahoma
Wife: Jane Garnett McCoy
Children: Ann McCoy

Mike McCoy

EDUCATION
Public Schools of Ponca City, Oklahoma
University of Oklahoma B.S. in Zoology
University of Oklahoma M.S. in Chemistry
University of Oklahoma Ph.D. in Chemistry
SOCIAL SOCIETY
Phi Delta Theta
CIVIC SOCIETY
Rotary Club
HONORARY SOCIETIES
Phi Beta Kappa
Phi Lambda Upsilon
Phi Sigma
Sigma Xi
Alpha Xi Sigma
Alpha Epsilon Delta
SCIENTIFIC SOCIETIES
American Chemical Society
New York Academy of Sciences
American Association for Advancement of Science
Society for Experimental Biology and Medicine
American Association for Cancer Research, Inc.

MILITARY SERVICE

U.S. Army Tank Destroyers 1942-1945

 
",True,True,3.597,2.548
265,Sehore,free_text,simple," 

 

     
    
  

WE

    
        
 
 
 
  
   
 
 
   

SESISISRENIGAR Na

       
     

“i

 

CHStances

Greating Off
Farm Livelihood
Opportunities

Natural Nesource
Management

Source: https:/Awww.industrydocuments.ucsf.edu/docs/rnbx0223
","   

nablity Updates For Al Our Tr

OU Se cei es
Development Project
at Sehore has been
PPG iitetaC iret tts

of 47 best sites hy the
Rajiv Gandhi Mission
for Watershed
Management,
Government of :
Madhya Pradesh ware established during the

ta 206

        
  
 
 
  
 
 
 

PPEOOLS PHIL. ad resources.

Agarbatti
Value Chain

ge of ITC's |
ni Progr. 3G

Agarbattis Business
he brand fh

 

 
    
  
     
 
 

   

Supplementary
Educati

. Pi 8 ee
and Skills
PRE e ces

   
        
 
     
   
       

gery of women by reduc.
burden of carrying

water aver jong distances

 

  

 

Creating Off
Farm Livelihood
Opportunities

iS Gave

objec

Natural Resource
Management

 

The Prog

Ove satte

 

Source: https:/Awww. industrydocuments.ucsf.edu/docs/rnbx0223
",False,True,1.573,3.135
266,Madhya Pradesh,free_text,simple," 

 

     
    
  

WE

    
        
 
 
 
  
   
 
 
   

SESISISRENIGAR Na

       
     

“i

 

CHStances

Greating Off
Farm Livelihood
Opportunities

Natural Nesource
Management

Source: https:/Awww.industrydocuments.ucsf.edu/docs/rnbx0223
","   

nablity Updates For Al Our Tr

OU Se cei es
Development Project
at Sehore has been
PPG iitetaC iret tts

of 47 best sites hy the
Rajiv Gandhi Mission
for Watershed
Management,
Government of :
Madhya Pradesh ware established during the

ta 206

        
  
 
 
  
 
 
 

PPEOOLS PHIL. ad resources.

Agarbatti
Value Chain

ge of ITC's |
ni Progr. 3G

Agarbattis Business
he brand fh

 

 
    
  
     
 
 

   

Supplementary
Educati

. Pi 8 ee
and Skills
PRE e ces

   
        
 
     
   
       

gery of women by reduc.
burden of carrying

water aver jong distances

 

  

 

Creating Off
Farm Livelihood
Opportunities

iS Gave

objec

Natural Resource
Management

 

The Prog

Ove satte

 

Source: https:/Awww. industrydocuments.ucsf.edu/docs/rnbx0223
",False,True,1.936,4.721
267,education,table/list,simple,"CURRICULUM VITAE

Thomas A. McCoy
December 1958

PERSONAL HISTORY

Date of Birth: March 22, 1921
Place of Birth: Bartlesville, Oklahoma
Wife: Jane Garnett McCoy
Children: Ann McCoy

Mike McCoy

EDUCATION

Public Schools of Ponca City, Oklahoma

University of Oklahoma B.S. in Zoology
University of Oklahoma M.S. in Chemistry
University of Oklahoma Ph.D. in Chemistry

SOCIAL SOCIETY
Phi Delta Theta
CIVIC SOCIETY
Rotary Club
HONORARY SOCIETIES
Phi Beta Kappa
Phi Lambda Upsilon
Phi Sigma
Sigma Xi
Alpha Xi Sigma
Alpha Epsilon Delta
SCIENTIFIC SOCIETIES
American Chemical Society
New York Academy of Sciences
American Association for Advancement of Science
Society for Experimental Biology and Medicine
American Association for Cancer Research, Inc.

MILITARY SERVICE

U.S. Army Tank Destroyers 1942-1945

 
","CURRICULUM VITAE

Thomas A. McCoy
December 1958

PERSONAL HISTORY

Date of Birth: March 22, 1921
Place of Birth: Bartlesville, Oklahoma
Wife: Jane Garnett McCoy
Children: Ann McCoy

Mike McCoy

EDUCATION
Public Schools of Ponca City, Oklahoma
University of Oklahoma B.S. in Zoology
University of Oklahoma M.S. in Chemistry
University of Oklahoma Ph.D. in Chemistry
SOCIAL SOCIETY
Phi Delta Theta
CIVIC SOCIETY
Rotary Club
HONORARY SOCIETIES
Phi Beta Kappa
Phi Lambda Upsilon
Phi Sigma
Sigma Xi
Alpha Xi Sigma
Alpha Epsilon Delta
SCIENTIFIC SOCIETIES
American Chemical Society
New York Academy of Sciences
American Association for Advancement of Science
Society for Experimental Biology and Medicine
American Association for Cancer Research, Inc.

MILITARY SERVICE

U.S. Army Tank Destroyers 1942-1945

 
",True,True,3.034,2.567
268,vanderbilt university,free_text,simple," 

 

 

 

 

 

ee ean eee ae ceca oct. | Nov. | pec. | aa

VANDERBILT UNIVERSITY - LIVING ENDOWMENT PLEDGE
On behalf of Vanderbilt University we gratefully acknowledge your pledge

in the amount of $6.00 for the F Re
payable: through payroll deductions at $1.00 per
month beginning March, 1971

Z
Miss Peggy Ann Garrett
General Clinical Lab
Vanderbilt Medical Center

be February 22, 1971 w
GIFTS MADE TO VANDERBILT UNIVERSITY CONSTITUTE A DEDUCTION UNDER INCOME TAX LAWS.

E — MEDICAL CENTER DEVELOPMENT COPY No. 9018

 
"," 

 

VANDERBILT UNIVERSITY - LIVING ENDOWMENT PLEDGE
On behalf of Vanderbilt University we gratefully acknowledge your pledge

in the amount of $6.00 for the F Re

payable: through payroll deductions at $1.00 per
month beginning March, 1971

rc
Miss Peggy Ann Gerrett
Gensral Clinical Lab
Vanderbilt Medical Center

L February 22, 1971 w
GIFTS MADE TO VANDERBILT UNIVERSITY CONSTITUTE A DEDUCTION UNDER INCOME TAX LAWS.

E — MEDICAL CENTER DEVELOPMENT COPY

 
",True,True,1.634,1.369
269,"march 22, 1921",form,medium,"CURRICULUM VITAE

Thomas A. McCoy
December 1958

PERSONAL HISTORY

Date of Birth: March 22, 1921
Place of Birth: Bartlesville, Oklahoma
Wife: Jane Garnett McCoy
Children: Ann McCoy

Mike McCoy

EDUCATION

Public Schools of Ponca City, Oklahoma

University of Oklahoma B.S. in Zoology
University of Oklahoma M.S. in Chemistry
University of Oklahoma Ph.D. in Chemistry

SOCIAL SOCIETY
Phi Delta Theta
CIVIC SOCIETY
Rotary Club
HONORARY SOCIETIES
Phi Beta Kappa
Phi Lambda Upsilon
Phi Sigma
Sigma Xi
Alpha Xi Sigma
Alpha Epsilon Delta
SCIENTIFIC SOCIETIES
American Chemical Society
New York Academy of Sciences
American Association for Advancement of Science
Society for Experimental Biology and Medicine
American Association for Cancer Research, Inc.

MILITARY SERVICE

U.S. Army Tank Destroyers 1942-1945

 
","CURRICULUM VITAE

Thomas A. McCoy
December 1958

PERSONAL HISTORY

Date of Birth: March 22, 1921
Place of Birth: Bartlesville, Oklahoma
Wife: Jane Garnett McCoy
Children: Ann McCoy

Mike McCoy

EDUCATION
Public Schools of Ponca City, Oklahoma
University of Oklahoma B.S. in Zoology
University of Oklahoma M.S. in Chemistry
University of Oklahoma Ph.D. in Chemistry
SOCIAL SOCIETY
Phi Delta Theta
CIVIC SOCIETY
Rotary Club
HONORARY SOCIETIES
Phi Beta Kappa
Phi Lambda Upsilon
Phi Sigma
Sigma Xi
Alpha Xi Sigma
Alpha Epsilon Delta
SCIENTIFIC SOCIETIES
American Chemical Society
New York Academy of Sciences
American Association for Advancement of Science
Society for Experimental Biology and Medicine
American Association for Cancer Research, Inc.

MILITARY SERVICE

U.S. Army Tank Destroyers 1942-1945

 
",True,True,4.912,2.576
270,1.0%,table/list,simple,"ZESZOOVTE

|
|

”

 

 

Retention of Franchise:

>» Rate of Switching Losses

>» Rate of Quitting Losses

Single Brand Users in the Franchise:

Share of Industry Switchers Gained:

Share of the 21-25 Segment:

Source: USMM

Consumer Dynamics

1994 vs. 1995

1994
80.7%
14.1%
5.3%
75.7%
0.7%

1.0%

 

1995

83.6%
10.3%
6.1%

78.2%
0.8%

1.0%

 

 
"," 

 

- . ~

. wie Consumer Dynamics
| Baw

 

: KOOL
i
|
! 1994 vs. 1995
1994 1995
* Retention of Franchise: 80.7% 83.6%
> Rate of Switching Losses 14.1% 10.3% ,
| > Rate of Quitting Losses 5.3% 6.1%
i

¢ Single Brand Users in the Franchise: 75.7% 78.2% ;

 

¢ Share of Industry Switchers Gained: 0.7% 0.8%

° Share of the 21-25 Segment: 1.0% 1.0%

| Source: USMM

ZESZOOVTE
",True,True,1.181,1.366
271,83.4%,handwritten,simple," 

SENT BY:RU REYNOLDS TOB, CO. + 8- 8-84 + 15:28 i+PT&D MECH & INST DEV

9197410918+8 7

ete ee RII ee ence em oe em KE Mente cote
De petshele NINN TAA ADS REEDS ie,

CSF Run Sheet

Date: 72 9-94
pp_S97fo G

csF- Jal

Run Nos. L934 - 1943 |

Net Pounds Infeed: 5 id |
Net Pounds Out: 437

| y3d%

SeParaz Buen Hyena i) fap fam To 8-3

*S98 LIers

 

 
"," 

©

SENT BY:RJ REYNOLDS TOB, GO. + = 8-04 + 19:26 SPT&D MECH & INST DEV~

O1974100185% 7

+ ee ee RN bee cee cee ae: a
: PEpetany DASA HD N ,

AST SN ete

CSF Run Sheet

Date: 7s 9-94
pp-_ S940 ©

csF- Jal

Run Nos. L924 = 1943

Net Pounds Infeed: 5 34
Net Pounds Out: 437

| y3d%

ScPanaw buvse Hyopeannl iw PP kite To 8-3

'S9g TobTS
",False,False,1.593,1.5
272,"public schools of ponca city, oklahoma",table/list,medium,"CURRICULUM VITAE

Thomas A. McCoy
December 1958

PERSONAL HISTORY

Date of Birth: March 22, 1921
Place of Birth: Bartlesville, Oklahoma
Wife: Jane Garnett McCoy
Children: Ann McCoy

Mike McCoy

EDUCATION

Public Schools of Ponca City, Oklahoma

University of Oklahoma B.S. in Zoology
University of Oklahoma M.S. in Chemistry
University of Oklahoma Ph.D. in Chemistry

SOCIAL SOCIETY
Phi Delta Theta
CIVIC SOCIETY
Rotary Club
HONORARY SOCIETIES
Phi Beta Kappa
Phi Lambda Upsilon
Phi Sigma
Sigma Xi
Alpha Xi Sigma
Alpha Epsilon Delta
SCIENTIFIC SOCIETIES
American Chemical Society
New York Academy of Sciences
American Association for Advancement of Science
Society for Experimental Biology and Medicine
American Association for Cancer Research, Inc.

MILITARY SERVICE

U.S. Army Tank Destroyers 1942-1945

 
","CURRICULUM VITAE

Thomas A. McCoy
December 1958

PERSONAL HISTORY

Date of Birth: March 22, 1921
Place of Birth: Bartlesville, Oklahoma
Wife: Jane Garnett McCoy
Children: Ann McCoy

Mike McCoy

EDUCATION
Public Schools of Ponca City, Oklahoma
University of Oklahoma B.S. in Zoology
University of Oklahoma M.S. in Chemistry
University of Oklahoma Ph.D. in Chemistry
SOCIAL SOCIETY
Phi Delta Theta
CIVIC SOCIETY
Rotary Club
HONORARY SOCIETIES
Phi Beta Kappa
Phi Lambda Upsilon
Phi Sigma
Sigma Xi
Alpha Xi Sigma
Alpha Epsilon Delta
SCIENTIFIC SOCIETIES
American Chemical Society
New York Academy of Sciences
American Association for Advancement of Science
Society for Experimental Biology and Medicine
American Association for Cancer Research, Inc.

MILITARY SERVICE

U.S. Army Tank Destroyers 1942-1945

 
",True,True,4.037,3.591
273,6.1%,table/list,simple,"ZESZOOVTE

|
|

”

 

 

Retention of Franchise:

>» Rate of Switching Losses

>» Rate of Quitting Losses

Single Brand Users in the Franchise:

Share of Industry Switchers Gained:

Share of the 21-25 Segment:

Source: USMM

Consumer Dynamics

1994 vs. 1995

1994
80.7%
14.1%
5.3%
75.7%
0.7%

1.0%

 

1995

83.6%
10.3%
6.1%

78.2%
0.8%

1.0%

 

 
"," 

 

- . ~

. wie Consumer Dynamics
| Baw

 

: KOOL
i
|
! 1994 vs. 1995
1994 1995
* Retention of Franchise: 80.7% 83.6%
> Rate of Switching Losses 14.1% 10.3% ,
| > Rate of Quitting Losses 5.3% 6.1%
i

¢ Single Brand Users in the Franchise: 75.7% 78.2% ;

 

¢ Share of Industry Switchers Gained: 0.7% 0.8%

° Share of the 21-25 Segment: 1.0% 1.0%

| Source: USMM

ZESZOOVTE
",True,True,1.196,1.377
274,WelcomHotel,free_text,simple,"impacted leisure travel as well. The situation worsened
with the horrific terror strikes at Mumbai which triggered
off negative travel advisories leading to sharp degrowth
in occupancies and average room revenues. The political
uncertainties of an election year added to the dire
situation of the industry. This cyclical downturn impacted
the hospitality industry, though the business has been
able to demonstrate some resilience during this
challenging period. However, the business continues to
pursue an aggressive investment led growth strategy
recognising the inadequate capacity and the longer term
potential of this sector.

Foreign tourist arrivals slowed down in the second half
of the year with y-on-y degrowth as shown in the
graph below:

600000

  

    

508000

YUL:

SLL:

Oct-08 — Dec08 —_Feb-D9
sess Foreign Tourist Arrivals (Nos) —#= YoY Growth (RHS)

Apr-08 Jun-08: Aug-08

Given such adverse circumstances, your Company’s
hotels business posted a decline in revenues by 7%.
Though Gross Operating Profit (PBDIT) degrew by 19%
over the previous year at Rs.384 crores, the hotels
business maintained its leadership in terms of operating
efficiency as measured by the ratio of PBDIT to Net
Income at 40%.

The longer term outlook for the industry however remains
robust, given India’s inadequate room capacity. A number
of projects poised to enter the market have got delayed
due to liquidity crunch, rising interest costs and uncertain

 

A

ITC Limited

Report of the Directors

business environment. Occupancies are expected to
rise with economic revival by the end of financial year
2009-10. Your Company now has over 100 hotels across
80 locations in India, operating under 4 brands. These
are ‘ITC Hotel’ at the top end, ‘WelcomHotel in the five
star category, ‘Fortune’ in the mid market segment and
‘WelcomHeritage’ in the heritage leisure segment. In
addition, the business has co-branding arrangement
with two international brands ‘The Luxury Collection’
and ‘Sheraton’, franchised from Starwood. Together,
these offerings make ITC-Welcomgroup the second
largest hotel chain in India.

During the year the Fortune brand, which covers mid
to mid upscale segments, experienced substantial
growth. The brand now has 25 operating properties
and another 27 properties are in different stages of
project execution. The WelcomHeritage brand has now
grown to 64 properties.

The recently launched ‘Kaya Kalp - The Royal Spa’ at
ITC Mughal, Agra has been adjudged the winner of
Tatler’s best spa by the London based Tatler Group. The
Royal Spa, which is Asia’s finest, reinforces the
Company’s philosophy of providing premium experiences
for the discerning guest. The business also earned the
distinction of being recognized as the best employer in
Asia in the hospitality sector in a study conducted by
the global human resources consulting and outsourcing
firm — Hewitt Associates together with the Wall Street
Journal and Dow Jones. This is a testimony to your
Company’s commitment to its people. In view of the
positive long term outlook, the competitive strength of
this business and the emerging opportunities in this
industry, your Company has maintained its aggressive
investment led growth plan. Construction activity in
respect of the new super-deluxe luxury hotels at
Bengaluru and Chennai is in full swing in line with their
targeted opening dates.

The ITC-Welcomgroup chain, with its globally
benchmarked levels of product and service excellence
and customer centricity is well positioned to not only

Your Company now has over 100 hotels across 80 locations in India,
operating under 4 brands — ‘ITC Hotel’ at the top end,
‘WelcomHotel’ in the five star category, ‘Fortune’ in the mid market
segment and ‘WelcomHeritage’ in the heritage leisure segment.

(EG Report and Accounts 2009 Gi
","impacted leisure travel as well. The situation worsened
with the horrific terror strikes at Mumbai which triggered
off negative travel advisories leading to sharp degrowth
in occupancies and average room revenues. The political
uncertainties of an election year added to the dire
situation of the industry. This cyclical downturn impacted
the hospitality industry, though the business has been
able to demonstrate some resilience during this
challenging period. However, the business continues to
pursue an aggressive investment led growth strategy
recognising the inadequate capacity and the longer term
potential of this sector.

Foreign tourist arrivals slowed down in the second half
of the year with y-on-y degrowth as shown in the
graph below:

MUM

MMMM
MU
3

VY «VC WN
Vo V\ Vy VR \ \
wom WC 3 N% 10%

   

Apr-08 = Jun-O8 = Aug-08 = Oct-08 = Dec-08 = Feb 09
sane Foreign Tourist Arrivals (Nos} <= YoY Growth (RHS)

Given such adverse circumstances, your Company's
hotels business posted a decline in revenues by 7%.
Though Gross Operating Profit (PBDIT) degrew by 19%
over the previous year at Rs.384 crores, the hotels
business maintained its leadership in terms of operating
efficiency as measured by the ratio of PBDIT to Net
Income at 40%.

The longer term outlook for the industry however remains
robust, given India’s inadequate room capacity. A number
of projects poised to enter the market have got delayed
due to liquidity crunch, rising interest costs and uncertain

 

A

ITC Limited

Report of the Directors

business environment. Occupancies are expected to
rise with economic revival by the end of financial year
2009-10. Your Company now has over 100 hotels across
80 locations in India, operating under 4 brands. These
are ‘ITC Hotel’ at the top end, ‘WelcomHotel’ in the five
star category, ‘Fortune’ in the mid market segment and
‘WelcomHeritage’ in the heritage leisure segment. In
addition, the business has co-branding arrangement
with two international brands ‘The Luxury Collection’
and ‘Sheraton’, franchised from Starwood. Together,
these offerings make ITC-Welcomgroup the second
largest hotel chain in India.

During the year the Fortune brand, which covers mid
to mid upscale segments, experienced substantial
growth. The brand now has 25 operating properties
and another 27 properties are in different stages of
project execution. The WelcomHeritage brand has now
grown to 64 properties.

The recently launched ‘Kaya Kalp - The Royal Spa’ at
ITC Mughal, Agra has been adjudged the winner of
Tatler’s best spa by the London based Tatler Group. The
Royal Spa, which is Asia's finest, reinforces the
Company's philosophy of providing premium experiences
for the discerning guest. The business also earned the
distinction of being recognized as the best employer in
Asia in the hospitality sector in a study conducted by
the global human resources consulting and outsourcing
firm — Hewitt Associates together with the Wall Street
Journal and Dow Jones. This is a testimony to your
Company's commitment to its people. In view of the
positive long term outlook, the competitive strength of
this business and the emerging opportunities in this
industry, your Company has maintained its aggressive
investment led growth plan. Construction activity in
respect of the new super-deluxe luxury hotels at
Bengaluru and Chennai is in full swing in line with their
targeted opening dates.

The ITC-Welcomgroup chain, with its globally
benchmarked levels of product and service excellence
and customer centricity is well positioned to not only

Your Company now has over 100 hotels across 80 locations in India,
operating under 4 brands — ‘ITC Hotel’ at the top end,
‘WelcomHotel’ in the five star category, ‘Fortune’ in the mid market
segment and ‘WelcomHeritage’ in the heritage leisure segment.

Source: hitps

 

“andustrydocuments ucshedufdocssyabx0?:

ITC Report and Accounts 20090 ZI)

 
",True,True,11.104,10.505
275,WelcomHeritage,free_text,simple,"impacted leisure travel as well. The situation worsened
with the horrific terror strikes at Mumbai which triggered
off negative travel advisories leading to sharp degrowth
in occupancies and average room revenues. The political
uncertainties of an election year added to the dire
situation of the industry. This cyclical downturn impacted
the hospitality industry, though the business has been
able to demonstrate some resilience during this
challenging period. However, the business continues to
pursue an aggressive investment led growth strategy
recognising the inadequate capacity and the longer term
potential of this sector.

Foreign tourist arrivals slowed down in the second half
of the year with y-on-y degrowth as shown in the
graph below:

600000

  

    

508000

YUL:

SLL:

Oct-08 — Dec08 —_Feb-D9
sess Foreign Tourist Arrivals (Nos) —#= YoY Growth (RHS)

Apr-08 Jun-08: Aug-08

Given such adverse circumstances, your Company’s
hotels business posted a decline in revenues by 7%.
Though Gross Operating Profit (PBDIT) degrew by 19%
over the previous year at Rs.384 crores, the hotels
business maintained its leadership in terms of operating
efficiency as measured by the ratio of PBDIT to Net
Income at 40%.

The longer term outlook for the industry however remains
robust, given India’s inadequate room capacity. A number
of projects poised to enter the market have got delayed
due to liquidity crunch, rising interest costs and uncertain

 

A

ITC Limited

Report of the Directors

business environment. Occupancies are expected to
rise with economic revival by the end of financial year
2009-10. Your Company now has over 100 hotels across
80 locations in India, operating under 4 brands. These
are ‘ITC Hotel’ at the top end, ‘WelcomHotel in the five
star category, ‘Fortune’ in the mid market segment and
‘WelcomHeritage’ in the heritage leisure segment. In
addition, the business has co-branding arrangement
with two international brands ‘The Luxury Collection’
and ‘Sheraton’, franchised from Starwood. Together,
these offerings make ITC-Welcomgroup the second
largest hotel chain in India.

During the year the Fortune brand, which covers mid
to mid upscale segments, experienced substantial
growth. The brand now has 25 operating properties
and another 27 properties are in different stages of
project execution. The WelcomHeritage brand has now
grown to 64 properties.

The recently launched ‘Kaya Kalp - The Royal Spa’ at
ITC Mughal, Agra has been adjudged the winner of
Tatler’s best spa by the London based Tatler Group. The
Royal Spa, which is Asia’s finest, reinforces the
Company’s philosophy of providing premium experiences
for the discerning guest. The business also earned the
distinction of being recognized as the best employer in
Asia in the hospitality sector in a study conducted by
the global human resources consulting and outsourcing
firm — Hewitt Associates together with the Wall Street
Journal and Dow Jones. This is a testimony to your
Company’s commitment to its people. In view of the
positive long term outlook, the competitive strength of
this business and the emerging opportunities in this
industry, your Company has maintained its aggressive
investment led growth plan. Construction activity in
respect of the new super-deluxe luxury hotels at
Bengaluru and Chennai is in full swing in line with their
targeted opening dates.

The ITC-Welcomgroup chain, with its globally
benchmarked levels of product and service excellence
and customer centricity is well positioned to not only

Your Company now has over 100 hotels across 80 locations in India,
operating under 4 brands — ‘ITC Hotel’ at the top end,
‘WelcomHotel’ in the five star category, ‘Fortune’ in the mid market
segment and ‘WelcomHeritage’ in the heritage leisure segment.

(EG Report and Accounts 2009 Gi
","impacted leisure travel as well. The situation worsened
with the horrific terror strikes at Mumbai which triggered
off negative travel advisories leading to sharp degrowth
in occupancies and average room revenues. The political
uncertainties of an election year added to the dire
situation of the industry. This cyclical downturn impacted
the hospitality industry, though the business has been
able to demonstrate some resilience during this
challenging period. However, the business continues to
pursue an aggressive investment led growth strategy
recognising the inadequate capacity and the longer term
potential of this sector.

Foreign tourist arrivals slowed down in the second half
of the year with y-on-y degrowth as shown in the
graph below:

MUM

MMMM
MU
3

VY «VC WN
Vo V\ Vy VR \ \
wom WC 3 N% 10%

   

Apr-08 = Jun-O8 = Aug-08 = Oct-08 = Dec-08 = Feb 09
sane Foreign Tourist Arrivals (Nos} <= YoY Growth (RHS)

Given such adverse circumstances, your Company's
hotels business posted a decline in revenues by 7%.
Though Gross Operating Profit (PBDIT) degrew by 19%
over the previous year at Rs.384 crores, the hotels
business maintained its leadership in terms of operating
efficiency as measured by the ratio of PBDIT to Net
Income at 40%.

The longer term outlook for the industry however remains
robust, given India’s inadequate room capacity. A number
of projects poised to enter the market have got delayed
due to liquidity crunch, rising interest costs and uncertain

 

A

ITC Limited

Report of the Directors

business environment. Occupancies are expected to
rise with economic revival by the end of financial year
2009-10. Your Company now has over 100 hotels across
80 locations in India, operating under 4 brands. These
are ‘ITC Hotel’ at the top end, ‘WelcomHotel’ in the five
star category, ‘Fortune’ in the mid market segment and
‘WelcomHeritage’ in the heritage leisure segment. In
addition, the business has co-branding arrangement
with two international brands ‘The Luxury Collection’
and ‘Sheraton’, franchised from Starwood. Together,
these offerings make ITC-Welcomgroup the second
largest hotel chain in India.

During the year the Fortune brand, which covers mid
to mid upscale segments, experienced substantial
growth. The brand now has 25 operating properties
and another 27 properties are in different stages of
project execution. The WelcomHeritage brand has now
grown to 64 properties.

The recently launched ‘Kaya Kalp - The Royal Spa’ at
ITC Mughal, Agra has been adjudged the winner of
Tatler’s best spa by the London based Tatler Group. The
Royal Spa, which is Asia's finest, reinforces the
Company's philosophy of providing premium experiences
for the discerning guest. The business also earned the
distinction of being recognized as the best employer in
Asia in the hospitality sector in a study conducted by
the global human resources consulting and outsourcing
firm — Hewitt Associates together with the Wall Street
Journal and Dow Jones. This is a testimony to your
Company's commitment to its people. In view of the
positive long term outlook, the competitive strength of
this business and the emerging opportunities in this
industry, your Company has maintained its aggressive
investment led growth plan. Construction activity in
respect of the new super-deluxe luxury hotels at
Bengaluru and Chennai is in full swing in line with their
targeted opening dates.

The ITC-Welcomgroup chain, with its globally
benchmarked levels of product and service excellence
and customer centricity is well positioned to not only

Your Company now has over 100 hotels across 80 locations in India,
operating under 4 brands — ‘ITC Hotel’ at the top end,
‘WelcomHotel’ in the five star category, ‘Fortune’ in the mid market
segment and ‘WelcomHeritage’ in the heritage leisure segment.

Source: hitps

 

“andustrydocuments ucshedufdocssyabx0?:

ITC Report and Accounts 20090 ZI)

 
",True,True,10.792,12.273
276,Dec-08,figure/diagram,simple,"impacted leisure travel as well. The situation worsened
with the horrific terror strikes at Mumbai which triggered
off negative travel advisories leading to sharp degrowth
in occupancies and average room revenues. The political
uncertainties of an election year added to the dire
situation of the industry. This cyclical downturn impacted
the hospitality industry, though the business has been
able to demonstrate some resilience during this
challenging period. However, the business continues to
pursue an aggressive investment led growth strategy
recognising the inadequate capacity and the longer term
potential of this sector.

Foreign tourist arrivals slowed down in the second half
of the year with y-on-y degrowth as shown in the
graph below:

600000

  

    

508000

YUL:

SLL:

Oct-08 — Dec08 —_Feb-D9
sess Foreign Tourist Arrivals (Nos) —#= YoY Growth (RHS)

Apr-08 Jun-08: Aug-08

Given such adverse circumstances, your Company’s
hotels business posted a decline in revenues by 7%.
Though Gross Operating Profit (PBDIT) degrew by 19%
over the previous year at Rs.384 crores, the hotels
business maintained its leadership in terms of operating
efficiency as measured by the ratio of PBDIT to Net
Income at 40%.

The longer term outlook for the industry however remains
robust, given India’s inadequate room capacity. A number
of projects poised to enter the market have got delayed
due to liquidity crunch, rising interest costs and uncertain

 

A

ITC Limited

Report of the Directors

business environment. Occupancies are expected to
rise with economic revival by the end of financial year
2009-10. Your Company now has over 100 hotels across
80 locations in India, operating under 4 brands. These
are ‘ITC Hotel’ at the top end, ‘WelcomHotel in the five
star category, ‘Fortune’ in the mid market segment and
‘WelcomHeritage’ in the heritage leisure segment. In
addition, the business has co-branding arrangement
with two international brands ‘The Luxury Collection’
and ‘Sheraton’, franchised from Starwood. Together,
these offerings make ITC-Welcomgroup the second
largest hotel chain in India.

During the year the Fortune brand, which covers mid
to mid upscale segments, experienced substantial
growth. The brand now has 25 operating properties
and another 27 properties are in different stages of
project execution. The WelcomHeritage brand has now
grown to 64 properties.

The recently launched ‘Kaya Kalp - The Royal Spa’ at
ITC Mughal, Agra has been adjudged the winner of
Tatler’s best spa by the London based Tatler Group. The
Royal Spa, which is Asia’s finest, reinforces the
Company’s philosophy of providing premium experiences
for the discerning guest. The business also earned the
distinction of being recognized as the best employer in
Asia in the hospitality sector in a study conducted by
the global human resources consulting and outsourcing
firm — Hewitt Associates together with the Wall Street
Journal and Dow Jones. This is a testimony to your
Company’s commitment to its people. In view of the
positive long term outlook, the competitive strength of
this business and the emerging opportunities in this
industry, your Company has maintained its aggressive
investment led growth plan. Construction activity in
respect of the new super-deluxe luxury hotels at
Bengaluru and Chennai is in full swing in line with their
targeted opening dates.

The ITC-Welcomgroup chain, with its globally
benchmarked levels of product and service excellence
and customer centricity is well positioned to not only

Your Company now has over 100 hotels across 80 locations in India,
operating under 4 brands — ‘ITC Hotel’ at the top end,
‘WelcomHotel’ in the five star category, ‘Fortune’ in the mid market
segment and ‘WelcomHeritage’ in the heritage leisure segment.

(EG Report and Accounts 2009 Gi
","impacted leisure travel as well. The situation worsened
with the horrific terror strikes at Mumbai which triggered
off negative travel advisories leading to sharp degrowth
in occupancies and average room revenues. The political
uncertainties of an election year added to the dire
situation of the industry. This cyclical downturn impacted
the hospitality industry, though the business has been
able to demonstrate some resilience during this
challenging period. However, the business continues to
pursue an aggressive investment led growth strategy
recognising the inadequate capacity and the longer term
potential of this sector.

Foreign tourist arrivals slowed down in the second half
of the year with y-on-y degrowth as shown in the
graph below:

MUM

MMMM
MU
3

VY «VC WN
Vo V\ Vy VR \ \
wom WC 3 N% 10%

   

Apr-08 = Jun-O8 = Aug-08 = Oct-08 = Dec-08 = Feb 09
sane Foreign Tourist Arrivals (Nos} <= YoY Growth (RHS)

Given such adverse circumstances, your Company's
hotels business posted a decline in revenues by 7%.
Though Gross Operating Profit (PBDIT) degrew by 19%
over the previous year at Rs.384 crores, the hotels
business maintained its leadership in terms of operating
efficiency as measured by the ratio of PBDIT to Net
Income at 40%.

The longer term outlook for the industry however remains
robust, given India’s inadequate room capacity. A number
of projects poised to enter the market have got delayed
due to liquidity crunch, rising interest costs and uncertain

 

A

ITC Limited

Report of the Directors

business environment. Occupancies are expected to
rise with economic revival by the end of financial year
2009-10. Your Company now has over 100 hotels across
80 locations in India, operating under 4 brands. These
are ‘ITC Hotel’ at the top end, ‘WelcomHotel’ in the five
star category, ‘Fortune’ in the mid market segment and
‘WelcomHeritage’ in the heritage leisure segment. In
addition, the business has co-branding arrangement
with two international brands ‘The Luxury Collection’
and ‘Sheraton’, franchised from Starwood. Together,
these offerings make ITC-Welcomgroup the second
largest hotel chain in India.

During the year the Fortune brand, which covers mid
to mid upscale segments, experienced substantial
growth. The brand now has 25 operating properties
and another 27 properties are in different stages of
project execution. The WelcomHeritage brand has now
grown to 64 properties.

The recently launched ‘Kaya Kalp - The Royal Spa’ at
ITC Mughal, Agra has been adjudged the winner of
Tatler’s best spa by the London based Tatler Group. The
Royal Spa, which is Asia's finest, reinforces the
Company's philosophy of providing premium experiences
for the discerning guest. The business also earned the
distinction of being recognized as the best employer in
Asia in the hospitality sector in a study conducted by
the global human resources consulting and outsourcing
firm — Hewitt Associates together with the Wall Street
Journal and Dow Jones. This is a testimony to your
Company's commitment to its people. In view of the
positive long term outlook, the competitive strength of
this business and the emerging opportunities in this
industry, your Company has maintained its aggressive
investment led growth plan. Construction activity in
respect of the new super-deluxe luxury hotels at
Bengaluru and Chennai is in full swing in line with their
targeted opening dates.

The ITC-Welcomgroup chain, with its globally
benchmarked levels of product and service excellence
and customer centricity is well positioned to not only

Your Company now has over 100 hotels across 80 locations in India,
operating under 4 brands — ‘ITC Hotel’ at the top end,
‘WelcomHotel’ in the five star category, ‘Fortune’ in the mid market
segment and ‘WelcomHeritage’ in the heritage leisure segment.

Source: hitps

 

“andustrydocuments ucshedufdocssyabx0?:

ITC Report and Accounts 20090 ZI)

 
",False,True,11.213,11.498
277,ITC-Welcomgroup,free_text,simple,"impacted leisure travel as well. The situation worsened
with the horrific terror strikes at Mumbai which triggered
off negative travel advisories leading to sharp degrowth
in occupancies and average room revenues. The political
uncertainties of an election year added to the dire
situation of the industry. This cyclical downturn impacted
the hospitality industry, though the business has been
able to demonstrate some resilience during this
challenging period. However, the business continues to
pursue an aggressive investment led growth strategy
recognising the inadequate capacity and the longer term
potential of this sector.

Foreign tourist arrivals slowed down in the second half
of the year with y-on-y degrowth as shown in the
graph below:

600000

  

    

508000

YUL:

SLL:

Oct-08 — Dec08 —_Feb-D9
sess Foreign Tourist Arrivals (Nos) —#= YoY Growth (RHS)

Apr-08 Jun-08: Aug-08

Given such adverse circumstances, your Company’s
hotels business posted a decline in revenues by 7%.
Though Gross Operating Profit (PBDIT) degrew by 19%
over the previous year at Rs.384 crores, the hotels
business maintained its leadership in terms of operating
efficiency as measured by the ratio of PBDIT to Net
Income at 40%.

The longer term outlook for the industry however remains
robust, given India’s inadequate room capacity. A number
of projects poised to enter the market have got delayed
due to liquidity crunch, rising interest costs and uncertain

 

A

ITC Limited

Report of the Directors

business environment. Occupancies are expected to
rise with economic revival by the end of financial year
2009-10. Your Company now has over 100 hotels across
80 locations in India, operating under 4 brands. These
are ‘ITC Hotel’ at the top end, ‘WelcomHotel in the five
star category, ‘Fortune’ in the mid market segment and
‘WelcomHeritage’ in the heritage leisure segment. In
addition, the business has co-branding arrangement
with two international brands ‘The Luxury Collection’
and ‘Sheraton’, franchised from Starwood. Together,
these offerings make ITC-Welcomgroup the second
largest hotel chain in India.

During the year the Fortune brand, which covers mid
to mid upscale segments, experienced substantial
growth. The brand now has 25 operating properties
and another 27 properties are in different stages of
project execution. The WelcomHeritage brand has now
grown to 64 properties.

The recently launched ‘Kaya Kalp - The Royal Spa’ at
ITC Mughal, Agra has been adjudged the winner of
Tatler’s best spa by the London based Tatler Group. The
Royal Spa, which is Asia’s finest, reinforces the
Company’s philosophy of providing premium experiences
for the discerning guest. The business also earned the
distinction of being recognized as the best employer in
Asia in the hospitality sector in a study conducted by
the global human resources consulting and outsourcing
firm — Hewitt Associates together with the Wall Street
Journal and Dow Jones. This is a testimony to your
Company’s commitment to its people. In view of the
positive long term outlook, the competitive strength of
this business and the emerging opportunities in this
industry, your Company has maintained its aggressive
investment led growth plan. Construction activity in
respect of the new super-deluxe luxury hotels at
Bengaluru and Chennai is in full swing in line with their
targeted opening dates.

The ITC-Welcomgroup chain, with its globally
benchmarked levels of product and service excellence
and customer centricity is well positioned to not only

Your Company now has over 100 hotels across 80 locations in India,
operating under 4 brands — ‘ITC Hotel’ at the top end,
‘WelcomHotel’ in the five star category, ‘Fortune’ in the mid market
segment and ‘WelcomHeritage’ in the heritage leisure segment.

(EG Report and Accounts 2009 Gi
","impacted leisure travel as well. The situation worsened
with the horrific terror strikes at Mumbai which triggered
off negative travel advisories leading to sharp degrowth
in occupancies and average room revenues. The political
uncertainties of an election year added to the dire
situation of the industry. This cyclical downturn impacted
the hospitality industry, though the business has been
able to demonstrate some resilience during this
challenging period. However, the business continues to
pursue an aggressive investment led growth strategy
recognising the inadequate capacity and the longer term
potential of this sector.

Foreign tourist arrivals slowed down in the second half
of the year with y-on-y degrowth as shown in the
graph below:

MUM

MMMM
MU
3

VY «VC WN
Vo V\ Vy VR \ \
wom WC 3 N% 10%

   

Apr-08 = Jun-O8 = Aug-08 = Oct-08 = Dec-08 = Feb 09
sane Foreign Tourist Arrivals (Nos} <= YoY Growth (RHS)

Given such adverse circumstances, your Company's
hotels business posted a decline in revenues by 7%.
Though Gross Operating Profit (PBDIT) degrew by 19%
over the previous year at Rs.384 crores, the hotels
business maintained its leadership in terms of operating
efficiency as measured by the ratio of PBDIT to Net
Income at 40%.

The longer term outlook for the industry however remains
robust, given India’s inadequate room capacity. A number
of projects poised to enter the market have got delayed
due to liquidity crunch, rising interest costs and uncertain

 

A

ITC Limited

Report of the Directors

business environment. Occupancies are expected to
rise with economic revival by the end of financial year
2009-10. Your Company now has over 100 hotels across
80 locations in India, operating under 4 brands. These
are ‘ITC Hotel’ at the top end, ‘WelcomHotel’ in the five
star category, ‘Fortune’ in the mid market segment and
‘WelcomHeritage’ in the heritage leisure segment. In
addition, the business has co-branding arrangement
with two international brands ‘The Luxury Collection’
and ‘Sheraton’, franchised from Starwood. Together,
these offerings make ITC-Welcomgroup the second
largest hotel chain in India.

During the year the Fortune brand, which covers mid
to mid upscale segments, experienced substantial
growth. The brand now has 25 operating properties
and another 27 properties are in different stages of
project execution. The WelcomHeritage brand has now
grown to 64 properties.

The recently launched ‘Kaya Kalp - The Royal Spa’ at
ITC Mughal, Agra has been adjudged the winner of
Tatler’s best spa by the London based Tatler Group. The
Royal Spa, which is Asia's finest, reinforces the
Company's philosophy of providing premium experiences
for the discerning guest. The business also earned the
distinction of being recognized as the best employer in
Asia in the hospitality sector in a study conducted by
the global human resources consulting and outsourcing
firm — Hewitt Associates together with the Wall Street
Journal and Dow Jones. This is a testimony to your
Company's commitment to its people. In view of the
positive long term outlook, the competitive strength of
this business and the emerging opportunities in this
industry, your Company has maintained its aggressive
investment led growth plan. Construction activity in
respect of the new super-deluxe luxury hotels at
Bengaluru and Chennai is in full swing in line with their
targeted opening dates.

The ITC-Welcomgroup chain, with its globally
benchmarked levels of product and service excellence
and customer centricity is well positioned to not only

Your Company now has over 100 hotels across 80 locations in India,
operating under 4 brands — ‘ITC Hotel’ at the top end,
‘WelcomHotel’ in the five star category, ‘Fortune’ in the mid market
segment and ‘WelcomHeritage’ in the heritage leisure segment.

Source: hitps

 

“andustrydocuments ucshedufdocssyabx0?:

ITC Report and Accounts 20090 ZI)

 
",True,True,9.699,12.234
278,-13%,figure/diagram,simple,"impacted leisure travel as well. The situation worsened
with the horrific terror strikes at Mumbai which triggered
off negative travel advisories leading to sharp degrowth
in occupancies and average room revenues. The political
uncertainties of an election year added to the dire
situation of the industry. This cyclical downturn impacted
the hospitality industry, though the business has been
able to demonstrate some resilience during this
challenging period. However, the business continues to
pursue an aggressive investment led growth strategy
recognising the inadequate capacity and the longer term
potential of this sector.

Foreign tourist arrivals slowed down in the second half
of the year with y-on-y degrowth as shown in the
graph below:

600000

  

    

508000

YUL:

SLL:

Oct-08 — Dec08 —_Feb-D9
sess Foreign Tourist Arrivals (Nos) —#= YoY Growth (RHS)

Apr-08 Jun-08: Aug-08

Given such adverse circumstances, your Company’s
hotels business posted a decline in revenues by 7%.
Though Gross Operating Profit (PBDIT) degrew by 19%
over the previous year at Rs.384 crores, the hotels
business maintained its leadership in terms of operating
efficiency as measured by the ratio of PBDIT to Net
Income at 40%.

The longer term outlook for the industry however remains
robust, given India’s inadequate room capacity. A number
of projects poised to enter the market have got delayed
due to liquidity crunch, rising interest costs and uncertain

 

A

ITC Limited

Report of the Directors

business environment. Occupancies are expected to
rise with economic revival by the end of financial year
2009-10. Your Company now has over 100 hotels across
80 locations in India, operating under 4 brands. These
are ‘ITC Hotel’ at the top end, ‘WelcomHotel in the five
star category, ‘Fortune’ in the mid market segment and
‘WelcomHeritage’ in the heritage leisure segment. In
addition, the business has co-branding arrangement
with two international brands ‘The Luxury Collection’
and ‘Sheraton’, franchised from Starwood. Together,
these offerings make ITC-Welcomgroup the second
largest hotel chain in India.

During the year the Fortune brand, which covers mid
to mid upscale segments, experienced substantial
growth. The brand now has 25 operating properties
and another 27 properties are in different stages of
project execution. The WelcomHeritage brand has now
grown to 64 properties.

The recently launched ‘Kaya Kalp - The Royal Spa’ at
ITC Mughal, Agra has been adjudged the winner of
Tatler’s best spa by the London based Tatler Group. The
Royal Spa, which is Asia’s finest, reinforces the
Company’s philosophy of providing premium experiences
for the discerning guest. The business also earned the
distinction of being recognized as the best employer in
Asia in the hospitality sector in a study conducted by
the global human resources consulting and outsourcing
firm — Hewitt Associates together with the Wall Street
Journal and Dow Jones. This is a testimony to your
Company’s commitment to its people. In view of the
positive long term outlook, the competitive strength of
this business and the emerging opportunities in this
industry, your Company has maintained its aggressive
investment led growth plan. Construction activity in
respect of the new super-deluxe luxury hotels at
Bengaluru and Chennai is in full swing in line with their
targeted opening dates.

The ITC-Welcomgroup chain, with its globally
benchmarked levels of product and service excellence
and customer centricity is well positioned to not only

Your Company now has over 100 hotels across 80 locations in India,
operating under 4 brands — ‘ITC Hotel’ at the top end,
‘WelcomHotel’ in the five star category, ‘Fortune’ in the mid market
segment and ‘WelcomHeritage’ in the heritage leisure segment.

(EG Report and Accounts 2009 Gi
","impacted leisure travel as well. The situation worsened
with the horrific terror strikes at Mumbai which triggered
off negative travel advisories leading to sharp degrowth
in occupancies and average room revenues. The political
uncertainties of an election year added to the dire
situation of the industry. This cyclical downturn impacted
the hospitality industry, though the business has been
able to demonstrate some resilience during this
challenging period. However, the business continues to
pursue an aggressive investment led growth strategy
recognising the inadequate capacity and the longer term
potential of this sector.

Foreign tourist arrivals slowed down in the second half
of the year with y-on-y degrowth as shown in the
graph below:

MUM

MMMM
MU
3

VY «VC WN
Vo V\ Vy VR \ \
wom WC 3 N% 10%

   

Apr-08 = Jun-O8 = Aug-08 = Oct-08 = Dec-08 = Feb 09
sane Foreign Tourist Arrivals (Nos} <= YoY Growth (RHS)

Given such adverse circumstances, your Company's
hotels business posted a decline in revenues by 7%.
Though Gross Operating Profit (PBDIT) degrew by 19%
over the previous year at Rs.384 crores, the hotels
business maintained its leadership in terms of operating
efficiency as measured by the ratio of PBDIT to Net
Income at 40%.

The longer term outlook for the industry however remains
robust, given India’s inadequate room capacity. A number
of projects poised to enter the market have got delayed
due to liquidity crunch, rising interest costs and uncertain

 

A

ITC Limited

Report of the Directors

business environment. Occupancies are expected to
rise with economic revival by the end of financial year
2009-10. Your Company now has over 100 hotels across
80 locations in India, operating under 4 brands. These
are ‘ITC Hotel’ at the top end, ‘WelcomHotel’ in the five
star category, ‘Fortune’ in the mid market segment and
‘WelcomHeritage’ in the heritage leisure segment. In
addition, the business has co-branding arrangement
with two international brands ‘The Luxury Collection’
and ‘Sheraton’, franchised from Starwood. Together,
these offerings make ITC-Welcomgroup the second
largest hotel chain in India.

During the year the Fortune brand, which covers mid
to mid upscale segments, experienced substantial
growth. The brand now has 25 operating properties
and another 27 properties are in different stages of
project execution. The WelcomHeritage brand has now
grown to 64 properties.

The recently launched ‘Kaya Kalp - The Royal Spa’ at
ITC Mughal, Agra has been adjudged the winner of
Tatler’s best spa by the London based Tatler Group. The
Royal Spa, which is Asia's finest, reinforces the
Company's philosophy of providing premium experiences
for the discerning guest. The business also earned the
distinction of being recognized as the best employer in
Asia in the hospitality sector in a study conducted by
the global human resources consulting and outsourcing
firm — Hewitt Associates together with the Wall Street
Journal and Dow Jones. This is a testimony to your
Company's commitment to its people. In view of the
positive long term outlook, the competitive strength of
this business and the emerging opportunities in this
industry, your Company has maintained its aggressive
investment led growth plan. Construction activity in
respect of the new super-deluxe luxury hotels at
Bengaluru and Chennai is in full swing in line with their
targeted opening dates.

The ITC-Welcomgroup chain, with its globally
benchmarked levels of product and service excellence
and customer centricity is well positioned to not only

Your Company now has over 100 hotels across 80 locations in India,
operating under 4 brands — ‘ITC Hotel’ at the top end,
‘WelcomHotel’ in the five star category, ‘Fortune’ in the mid market
segment and ‘WelcomHeritage’ in the heritage leisure segment.

Source: hitps

 

“andustrydocuments ucshedufdocssyabx0?:

ITC Report and Accounts 20090 ZI)

 
",False,False,11.34,12.122
279,10.3%,table/list,simple,"ZESZOOVTE

|
|

”

 

 

Retention of Franchise:

>» Rate of Switching Losses

>» Rate of Quitting Losses

Single Brand Users in the Franchise:

Share of Industry Switchers Gained:

Share of the 21-25 Segment:

Source: USMM

Consumer Dynamics

1994 vs. 1995

1994
80.7%
14.1%
5.3%
75.7%
0.7%

1.0%

 

1995

83.6%
10.3%
6.1%

78.2%
0.8%

1.0%

 

 
"," 

 

- . ~

. wie Consumer Dynamics
| Baw

 

: KOOL
i
|
! 1994 vs. 1995
1994 1995
* Retention of Franchise: 80.7% 83.6%
> Rate of Switching Losses 14.1% 10.3% ,
| > Rate of Quitting Losses 5.3% 6.1%
i

¢ Single Brand Users in the Franchise: 75.7% 78.2% ;

 

¢ Share of Industry Switchers Gained: 0.7% 0.8%

° Share of the 21-25 Segment: 1.0% 1.0%

| Source: USMM

ZESZOOVTE
",True,True,1.33,1.44
280,CMRO,free_text,simple,"ators [te Hl gota te bet as

“ Pharma Marketing News is the
/ FREE monthly e-newsletter of the
E Pharma Marketing Network
| (www. pharme-mkting.com}. The Network provides executive-
| level content coupled with targeted advertising opportuntiles.
Send your press releases, job openings, product
announcements, ond educational events to our targeted, optin
e-mail list of pharmaceutical marketing professionals.

Current Medical Research and
Opinion [(CMRO}, now in fis 31st
year, Is. a MEDLINE-Indexed,
Face coat peerteviewed, rapid publication
| journal. Accapted monuseripts are published without page
| charges in 2-4 weeks via Rapidlrack with specialist peer
review usually requiring 2-3 weeks. Web address is
www. CMROjournal.com.

CYP PY NS Product Management Today is the only

Xe \ publication wholly focused on the

RAR marketing needs of today's

| pharmaceutical product mangers. PMT's editorial mission is to

| provide the product management feam with practical solutions

| to today's marketing challenges. The emphasis on practical,
day-to-day solutions has macle PMT a valuable tool to the
product management team.

. PharmaVOICE is the executive forum
« that allows business leaders to
engage ina candid dialogue on the

| myriad challenges and trends impacting the life-sciences EARLY REGISTRATION DISCOUNT: Register by

| industry. PharmaVOICE reaches more than 17,000 U.S.-based ‘August 8, 2003 and receive a $200 discount.
| executives who influence business strategies and affect change. a

A Portal and B2B Outsourcing
; Marketplace for the Biopharma
wy industry. The Marketplace features the
Request for Quote Outsourcing Services
Marketplace; the Portal features the biopharmaceutical
| directory, reports, and databases. www.canbiotech.com

 www.PharmCast.com is a
pharmaceutical community
* based website which is visited
by over 10,000 pharmaceutical professionals each week. ft
features the latest information on pharmaceutical patents,
FDA, news, jobs and Buyer’s Guide - information that
enhances one’s career.

Uneven)

 

RX
"," 

PCy [tee te asta]

Pharma Marketing News is the

FREE monthly e-newsletter of the

Pharma Marketing Network
(www.pharma-mkting.com}. The Network provides executive-
level content coupled with targeted advertising opportunities.
Send your press releases, job openings, product
gnnouncements, ond educational events to our targeted, optin
e-mail list of pharmaceutical marketing professionals.

Current Medical Research and

Opinion (CMRO}, now in its 31st

year, is a MEDLINE-indexed,

peer-reviewed, rapid publication
journal, Accepted manuscripts are published without page
charges in 2-4 weeks via Rapidtrack with specialist peer
review usually requiring 2-3 weeks. Web address is
www.CMROlournal.com.

ve Vs Product Management Today is the only

publication whally focused on the
marketing needs of today's
pharmaceutical product mangers. PMT's editorial mission is to
provide the product management team with practical solutions
to today's marketing challenges. The emphasis on practical,
day-to-day selutions has made PMT a valuable too! to the
product management team.

8
SENN S NS Sy
RARER RRR

\. PharmaVOICE is the executive forum

N\ WW that allows business leaders to
Prarty OAsG
engage in a candid dialogue on the

myriad challenges and trends impacting the life-sciences
industry. PharmaVOICE reaches more than 17,000 U.S.-based
executives who influence business strategies and affect change.

A Portal and B2B Outsourcing
Marketplace for the Blopharma
» industry. The Marketplace features the
Request for Quote Outsourcing Services
Marketplace; the Portal features the biopharmaceutical
directory, reports, and databases. www.canbiotech.com

www.PharmCast.com is a

pharmaceutical community

based website which is visited
by over 10,000 pharmaceutical professionals each week. It
features the latest information on pharmaceutical patents,
FDA, news, jobs and Buyer’s Guide - information that
enhances one’s career.

 

PCT ge tihC ML cel ied

360-466-3549.

Pharmaceutical Education Associates
18705 NE Cedor Drive
Bartle Ground, WA 98604

800-686-2276
ai Online:

Venue
information:

www. pharmedassociates.com

The Westin Princeton

at Forrestal. Vil

201 Village Boulevard
Princeton, New Jersey 08540
Phone: 609-452-7900

Should you require overnight accommodations,
please contact the hotel and let them know you are
ottending the Pharmaceutical Education Associates
confererice on Publication Planning 2003 to obtoin
the conference discount rate for roams.

Fees and Payments: Fees and Payments for
cHencing Publication Planning 2003:

Best Value:

Conference and Full Day Tutorial

Conference Only
Full Day Tutorial Only

EARLY REGISTRATION DISCOUNT: Register by
Pee MP ALI Rell Brac ay ANE. rent li

The FDA/government employee rate is $595 and there
is @ 30% discount for academics {Valid identification
will be required of the conference registration desk}.

Group Discounts. cre available. Please call Evan
Smethurst at 831-465-2296 for more information.

Make checks payable to Pharmaceutical Education
Associates and write code P127 an your check: You may
also use Visa, MasterCard or Arnerican Bares
Payments must be received by October 29, 2

Cancellations: if you cancel four weeks or more in advance of
the conference you can expect q full refund or voucher fo
another Pharmaceutical Education Assaciates’ event within the
next calendor year. Cancellations occurring two to four weeks
prior to the conference dale receive a $200 refund or full
voucher to another event. if you cancel less than two weeks
prior to the corference date, you can expect a full credit
voucher Jo be wed at angther Pharmaceutical Educalion
Associqtes event within the calendar year,

Nofe; Speakers and agenda subject to change without notice,
in the event-of a speaker cancellation, every effort to find.a
suiiable replacement will be made:

 

For Information on sponsoring or exhibiting, please call lan Rappaport at 212-558-6467 or email af ireppopert@pkarmedassedates.com

Regier eeu! Call S00 488 2278 or CS at eae pinrmedereete an
",True,True,6.178,12.472
281,N. Anand,table/list,simple,"MM ENA

Enduring Value
Report on Corporate Governance

Non-Executive Director: Non-Executive Directors,
including Independent Directors, play a critical role in
imparting balance to the Board processes by bringing an
independent judgement on issues of strategy, performance,
resources, standards of Company conduct etc.

Divisional / SBU Chief Executive Officer (CEO): The
Divisional / SBU CEO for a business has the overall
executive responsibility for its day-to-day operations and
provides leadership to the DMC / SBU MC in its task of
executive management of the business.

BOARD OF DIRECTORS

In terms of the Company’s Corporate Governance Policy,
all statutory and other significant & material information
are placed before the Board to enable it to discharge
its responsibility of strategic supervision of the Company
as trustees of the Shareholders.

Composition

The ITC Board is a balanced Board, comprising Executive
and Non-Executive Directors. The Non-Executive
Directors include independent professionals. Executive
Directors, including the Chairman, do not generally
exceed one-third of the total strength of the Board.

The Governance Policy requires that the Non-Executive
Directors, including Independent Directors, be drawn
from amongst eminent professionals with experience in
business / finance / law / public administration and
enterprises. Directors are appointed / re-appointed with
the approval of the Shareholders for a period of three
to five years or a shorter duration in accordance with
retirement guidelines as determined by the Board from
time to time. The initial appointment of Executive Directors
is normally for a period of three years. All Directors are
liable to retire by rotation unless otherwise approved by
the Shareholders or provided under any statute.
One-third of the Directors who are liable to retire by
rotation, retire every year and are eligible for re-election.
In terms of the Articles of Association of the Company,
the strength of the Board shall not be fewer than five
nor more than eighteen. The present strength of the
Board is fifteen, of which four are Executive Directors.

Composition of the Board as on 31st March, 2014:

ra

 

 

ei |
UTES G9)
LT

Chairmanship(s)]
LC
Committees of
CTU MRI ea

 

Executive Directors

 

N. Anand 8 |

 

KN Grant 2 |
Non-Executive Directors

 

 

 

5, H, Khan Independent Director 6 9
{including 4
as Chairman!

P.B. Ramanujam — Independent Director Nl Nil

§.. 8 Rehman Independent Director ue Nt

M. Shankar Independent Director Nil Ni

ACV. Gita Kumar “Independent Director | Ag

Representative of
General Insurers’
(Public Sector)
‘Association of india
as tavestor
BE. Lerwill Representative of Tobacco uy My
Manufacturers (india)
Limited, a subsidiary of
British American Tobacco
plc.,the ultimate holding
company.
A Ring Representative of fohiacco Nt My
Manufacturers (ndia}
Umited 2 subsidiary of
Bath Amencan Tobacce
pic. the ubimate holding
company,
K. Vaidyanath uy Nd

1. Excludes Directorship in Indian Private Limited Companies & Foreign Companies and
Membership of Managing Committees of Chambers of Commerce / Professional Bodies.

2. Denotes Membership / Chairmanship of Audit Committee and / or Investors Grievance
Committee of Indian Public Limited Companies.
","MENA

Endaring Value

Report on Corporate Governance

Non-Executive Director: Non-Executive Directors,
including Independent Directors, play a critical role in
imparting balance to the Board processes by bringing an
independent judgement on issues of strategy, performance,
resources, standards of Company conduct etc.

Divisional / SBU Chief Executive Officer (CEO): The
Divisional / SBU CEO for a business has the overall
executive responsibility for its day-to-day operations and
provides leadership to the DMC / SBU MC in its task of
executive management of the business.

BOARD OF DIRECTORS

In terms of the Company's Corporate Governance Policy,
all statutory and other significant & material information
are placed before the Board to enable it to discharge
its responsibility of strategic supervision of the Company
as trustees of the Shareholders.

Composition

The ITC Board is a balanced Board, comprising Executive
and Non-Executive Directors. The Non-Executive
Directors include independent professionals. Executive
Directors, including the Chairman, do not generally
exceed one-third of the total strength of the Board.

The Governance Policy requires that the Non-Executive
Directors, including Independent Directors, be drawn
from amongst eminent professionals with experience in
business / finance / law / public administration and
enterprises. Directors are appointed / re-appointed with
the approval of the Shareholders for a period of three
to five years or a shorter duration in accordance with
retirement guidelines as determined by the Board from
time to time. The initial appointment of Executive Directors
is normally for a period of three years. All Directors are
liable to retire by rotation unless otherwise approved by
the Shareholders or provided under any statute.
One-third of the Directors who are liable to retire by
rotation, retire every year and are eligible for re-election.
In terms of the Articles of Association of the Company,
the strength of the Board shall not be fewer than five
nor more than eighteen. The present strength of the
Board is fifteen, of which four are Executive Directors.

Composition of the Board as on 31st March, 2014:

Pela] No. of PET
Directors | total no. of Directors

Executive Directors 4 29
Non-Executive Independent Directors 7 50
Other Non-Executive Directors 3 2
Total 14 100

pee ITC Limitcd reeort ann ACCOUNTS 2014

ea

Executive Directors

Y.C. Deveshwar Chairman

N. Anand

P.V. Dhobale

K.N. Grant

Non-Executive Directors

A Baijal Independent Director
$.H. Khan independent Director
§. B. Mathar Independent Director

P.B, Ramanujam
§.8. H. Rehman
M. Shankar

independent Director
independent Director
independent Director

AV. Girja Kumar Independent Director -
Representative of
General Insurers?
Public Sector)
Association of India
as Investor

 

RE. Lervill Representative of Tobacco
Manufacturers (India)
Limited. a subsidiary of
British American Tobacco
plc. the ultimate holding

company

A Ruys Representative of Tabacco
Manufacturers {India}
Limited, a subsidiary of
British American Tobacca
pc, the ubimate holding
company

K. Vaidyanath

Nil
Ni
Nil

Nil

Nil

Nil

Cm)
aul IRY]
aL

UFTUCUNUT TRS
Mat
Committees of
UAH Ne

 

Nit

Nil

i
fas Chairman}

9
[including 4
as Chairman]

8
{including 3
a8 Chairman]

Nit

Nil

Nit

Nil

Nil

Ni

Nit

1. Excludes Directorship in indian Private Limited Companies & Foreign Companies and
Membership of Managing Committees of Chambers of Commerce / Professional Bodies.
2. Denotes Membership ‘ Chairmanship of Audit Committee and / or Investors Grievance

Committee of indian Public Limited Companies.
",True,True,9.69,7.458
282,1952,table/list,simple,"CURRICULUM VITAE

Thomas A. McCoy
December 1958

PERSONAL HISTORY

Date of Birth: March 22, 1921
Place of Birth: Bartlesville, Oklahoma
Wife: Jane Garnett McCoy
Children: Ann McCoy

Mike McCoy

EDUCATION

Public Schools of Ponca City, Oklahoma

University of Oklahoma B.S. in Zoology
University of Oklahoma M.S. in Chemistry
University of Oklahoma Ph.D. in Chemistry

SOCIAL SOCIETY
Phi Delta Theta
CIVIC SOCIETY
Rotary Club
HONORARY SOCIETIES
Phi Beta Kappa
Phi Lambda Upsilon
Phi Sigma
Sigma Xi
Alpha Xi Sigma
Alpha Epsilon Delta
SCIENTIFIC SOCIETIES
American Chemical Society
New York Academy of Sciences
American Association for Advancement of Science
Society for Experimental Biology and Medicine
American Association for Cancer Research, Inc.

MILITARY SERVICE

U.S. Army Tank Destroyers 1942-1945

 
","CURRICULUM VITAE

Thomas A. McCoy
December 1958

PERSONAL HISTORY

Date of Birth: March 22, 1921
Place of Birth: Bartlesville, Oklahoma
Wife: Jane Garnett McCoy
Children: Ann McCoy

Mike McCoy

EDUCATION
Public Schools of Ponca City, Oklahoma
University of Oklahoma B.S. in Zoology
University of Oklahoma M.S. in Chemistry
University of Oklahoma Ph.D. in Chemistry
SOCIAL SOCIETY
Phi Delta Theta
CIVIC SOCIETY
Rotary Club
HONORARY SOCIETIES
Phi Beta Kappa
Phi Lambda Upsilon
Phi Sigma
Sigma Xi
Alpha Xi Sigma
Alpha Epsilon Delta
SCIENTIFIC SOCIETIES
American Chemical Society
New York Academy of Sciences
American Association for Advancement of Science
Society for Experimental Biology and Medicine
American Association for Cancer Research, Inc.

MILITARY SERVICE

U.S. Army Tank Destroyers 1942-1945

 
",False,False,4.568,3.02
283,Virginia Slims Superslims Consumer Testing,form,medium,"PHILIP MORRIS U.S. A. ~
INTER-OFFICE CORRESPONDENCE /

Richmond, Virginia

To: Dr. Ed Gee Date: April 26, 1990

From: Page Caliaham
Subject: Virginia Slims Superslims Consumer Testing
C90-03220

SUMMARY

The current advertising for Virginia Slims Superslims (VSSS) did not get across the point that
this cigarette was a “low smoke"" product. Smokers were primarily interested in trying VSSS
because friends smoked it, due to promotionals/coupons, and (to a lesser extent) the novelty
and attractive packaging. Of those who read or noticed that VSSS had “low smoke,"" this
benefit did not appear to have a major effect on consumer behavior. Reasons for lack of
switching related primarily to design differences (e.g., circumference, intensity) from their own
brand. They viewed the purpose of VSSS as a cigarette to appeal to female smokers rather than
a cigarette that offered reduced visible sidestream. ""Low smoke"" (not necessarily going as far
as a 70% reduction) was viewed as positive for the majority; however, one third of this
population did not think that this benefit was important. Of those who felt that it was a benefit,
they said low smoke might result in less criticism from nonsmoker, as opposed to positive
statements. They also perceived a low smoke cigarette-- VSSS--as having less lingering odor.
Smokers would. not switch categories (e.g., tar brand or circumference) or give up taste for this
benefit; they are more inclined to consider giving up taste for an odorless or at least a lighter
smelling cigarette. The low smoke of VSSS was attributed to the thinness of the.cigarette.
They said the only way to increase the percent reduction of smoke would’ be to make VSSS
even thinner which did not interest them. Comments about VSSS self-extinguishing in the
ashtray--more of an annoyance than a problem-—were heard more frequently in the focus groups
than in the one-on-one interviews. This may have been a result of group.dynamics.

OBJECTIVE
Virginia Slims Superslims were nationally introduced the fourth quarter of 1989. The objective

of the Virginia Slims Superslims focus groups and one-on-one interviews was to assess female
smokers’ awareness of the low visible smoke coming from the lit end of the VSSS and to

determine the salience of this characteristic.

toosstzz0z
","PHILIP MORRIS U.S. A. -
INTER-OFFICE CORRESPONDENCE /
Richmond, Virginia

To: Dr. Ed Gee Date: April 26, 1990

From: Page Callaham
Subject: Virginia Slims Superslims Consumer Testing

C90-03220

SUMMARY

The current advertising for Virginia Slims Superslims (VSSS) did not get across the point that
this cigarette was a “low smoke"" product, Smokers were primarily interested in trying VSSS
because friends smoked it, due to promotionals/coupons, and (to a lesser extent) the novelty
and attractive packaging. Of those who read or noticed that VSSS had “low smoke,"" this
benefit did not appear to have a major effect on consumer behavior. Reasons for lack of
switching related primarily to design differences (e.g., circumference, intensity) from their own
brand. They viewed the purpose of VSSS as a cigarette to appeal to female smokers rather than
a cigarette that offered reduced visible sidestream. ""Low smoke"" (not necessarily going as far
as a 70% reduction) was viewed as positive for the majority; however, one third of this
population did not think that this benefit was important. Of those who felt that it was a benefit,
they said low smoke might result in less criticism from nonsmoker, as opposed to positive
statements. They also perceived a low smoke cigarette-- VSSS--as having less lingering odor.
Smokers would not switch categories (e.g., tar brand or circumference) or give up taste for this
benefit; they are more inclined to consider giving up taste for an odorless or at least a lighter
smelling cigarette. The low smoke of VSSS was attributed to the thinness of the cigarette.
They said the only way to increase the percent reduction. of smoke would be to make VSSS
even thinner which did not interest them. Comments about VSSS self-extinguishing in the
ashtray--more of an annoyance than a problem-—were heard more frequently in the focus groups
than in the one-on-one interviews. This may have been a result of group.dynamics.

OBJECTIVE
Virginia Slims Superslims were nationally introduced the fourth quarter of 1989. The objective

of the Virginia Slims Superslims focus groups and one-on-one interviews was to assess female
smokers’ awareness of the low visible smoke coming from the lit end of the VSSS and to

determine the salience of this characteristic.

Foo9sstzz02
",True,True,5.784,7.587
284,360-666-3549,form,simple,"ators [te Hl gota te bet as

“ Pharma Marketing News is the
/ FREE monthly e-newsletter of the
E Pharma Marketing Network
| (www. pharme-mkting.com}. The Network provides executive-
| level content coupled with targeted advertising opportuntiles.
Send your press releases, job openings, product
announcements, ond educational events to our targeted, optin
e-mail list of pharmaceutical marketing professionals.

Current Medical Research and
Opinion [(CMRO}, now in fis 31st
year, Is. a MEDLINE-Indexed,
Face coat peerteviewed, rapid publication
| journal. Accapted monuseripts are published without page
| charges in 2-4 weeks via Rapidlrack with specialist peer
review usually requiring 2-3 weeks. Web address is
www. CMROjournal.com.

CYP PY NS Product Management Today is the only

Xe \ publication wholly focused on the

RAR marketing needs of today's

| pharmaceutical product mangers. PMT's editorial mission is to

| provide the product management feam with practical solutions

| to today's marketing challenges. The emphasis on practical,
day-to-day solutions has macle PMT a valuable tool to the
product management team.

. PharmaVOICE is the executive forum
« that allows business leaders to
engage ina candid dialogue on the

| myriad challenges and trends impacting the life-sciences EARLY REGISTRATION DISCOUNT: Register by

| industry. PharmaVOICE reaches more than 17,000 U.S.-based ‘August 8, 2003 and receive a $200 discount.
| executives who influence business strategies and affect change. a

A Portal and B2B Outsourcing
; Marketplace for the Biopharma
wy industry. The Marketplace features the
Request for Quote Outsourcing Services
Marketplace; the Portal features the biopharmaceutical
| directory, reports, and databases. www.canbiotech.com

 www.PharmCast.com is a
pharmaceutical community
* based website which is visited
by over 10,000 pharmaceutical professionals each week. ft
features the latest information on pharmaceutical patents,
FDA, news, jobs and Buyer’s Guide - information that
enhances one’s career.

Uneven)

 

RX
"," 

PCy [tee te asta]

Pharma Marketing News is the

FREE monthly e-newsletter of the

Pharma Marketing Network
(www.pharma-mkting.com}. The Network provides executive-
level content coupled with targeted advertising opportunities.
Send your press releases, job openings, product
gnnouncements, ond educational events to our targeted, optin
e-mail list of pharmaceutical marketing professionals.

Current Medical Research and

Opinion (CMRO}, now in its 31st

year, is a MEDLINE-indexed,

peer-reviewed, rapid publication
journal, Accepted manuscripts are published without page
charges in 2-4 weeks via Rapidtrack with specialist peer
review usually requiring 2-3 weeks. Web address is
www.CMROlournal.com.

ve Vs Product Management Today is the only

publication whally focused on the
marketing needs of today's
pharmaceutical product mangers. PMT's editorial mission is to
provide the product management team with practical solutions
to today's marketing challenges. The emphasis on practical,
day-to-day selutions has made PMT a valuable too! to the
product management team.

8
SENN S NS Sy
RARER RRR

\. PharmaVOICE is the executive forum

N\ WW that allows business leaders to
Prarty OAsG
engage in a candid dialogue on the

myriad challenges and trends impacting the life-sciences
industry. PharmaVOICE reaches more than 17,000 U.S.-based
executives who influence business strategies and affect change.

A Portal and B2B Outsourcing
Marketplace for the Blopharma
» industry. The Marketplace features the
Request for Quote Outsourcing Services
Marketplace; the Portal features the biopharmaceutical
directory, reports, and databases. www.canbiotech.com

www.PharmCast.com is a

pharmaceutical community

based website which is visited
by over 10,000 pharmaceutical professionals each week. It
features the latest information on pharmaceutical patents,
FDA, news, jobs and Buyer’s Guide - information that
enhances one’s career.

 

PCT ge tihC ML cel ied

360-466-3549.

Pharmaceutical Education Associates
18705 NE Cedor Drive
Bartle Ground, WA 98604

800-686-2276
ai Online:

Venue
information:

www. pharmedassociates.com

The Westin Princeton

at Forrestal. Vil

201 Village Boulevard
Princeton, New Jersey 08540
Phone: 609-452-7900

Should you require overnight accommodations,
please contact the hotel and let them know you are
ottending the Pharmaceutical Education Associates
confererice on Publication Planning 2003 to obtoin
the conference discount rate for roams.

Fees and Payments: Fees and Payments for
cHencing Publication Planning 2003:

Best Value:

Conference and Full Day Tutorial

Conference Only
Full Day Tutorial Only

EARLY REGISTRATION DISCOUNT: Register by
Pee MP ALI Rell Brac ay ANE. rent li

The FDA/government employee rate is $595 and there
is @ 30% discount for academics {Valid identification
will be required of the conference registration desk}.

Group Discounts. cre available. Please call Evan
Smethurst at 831-465-2296 for more information.

Make checks payable to Pharmaceutical Education
Associates and write code P127 an your check: You may
also use Visa, MasterCard or Arnerican Bares
Payments must be received by October 29, 2

Cancellations: if you cancel four weeks or more in advance of
the conference you can expect q full refund or voucher fo
another Pharmaceutical Education Assaciates’ event within the
next calendor year. Cancellations occurring two to four weeks
prior to the conference dale receive a $200 refund or full
voucher to another event. if you cancel less than two weeks
prior to the corference date, you can expect a full credit
voucher Jo be wed at angther Pharmaceutical Educalion
Associqtes event within the calendar year,

Nofe; Speakers and agenda subject to change without notice,
in the event-of a speaker cancellation, every effort to find.a
suiiable replacement will be made:

 

For Information on sponsoring or exhibiting, please call lan Rappaport at 212-558-6467 or email af ireppopert@pkarmedassedates.com

Regier eeu! Call S00 488 2278 or CS at eae pinrmedereete an
",False,False,6.218,12.723
285,800-686-2276,form,simple,"ators [te Hl gota te bet as

“ Pharma Marketing News is the
/ FREE monthly e-newsletter of the
E Pharma Marketing Network
| (www. pharme-mkting.com}. The Network provides executive-
| level content coupled with targeted advertising opportuntiles.
Send your press releases, job openings, product
announcements, ond educational events to our targeted, optin
e-mail list of pharmaceutical marketing professionals.

Current Medical Research and
Opinion [(CMRO}, now in fis 31st
year, Is. a MEDLINE-Indexed,
Face coat peerteviewed, rapid publication
| journal. Accapted monuseripts are published without page
| charges in 2-4 weeks via Rapidlrack with specialist peer
review usually requiring 2-3 weeks. Web address is
www. CMROjournal.com.

CYP PY NS Product Management Today is the only

Xe \ publication wholly focused on the

RAR marketing needs of today's

| pharmaceutical product mangers. PMT's editorial mission is to

| provide the product management feam with practical solutions

| to today's marketing challenges. The emphasis on practical,
day-to-day solutions has macle PMT a valuable tool to the
product management team.

. PharmaVOICE is the executive forum
« that allows business leaders to
engage ina candid dialogue on the

| myriad challenges and trends impacting the life-sciences EARLY REGISTRATION DISCOUNT: Register by

| industry. PharmaVOICE reaches more than 17,000 U.S.-based ‘August 8, 2003 and receive a $200 discount.
| executives who influence business strategies and affect change. a

A Portal and B2B Outsourcing
; Marketplace for the Biopharma
wy industry. The Marketplace features the
Request for Quote Outsourcing Services
Marketplace; the Portal features the biopharmaceutical
| directory, reports, and databases. www.canbiotech.com

 www.PharmCast.com is a
pharmaceutical community
* based website which is visited
by over 10,000 pharmaceutical professionals each week. ft
features the latest information on pharmaceutical patents,
FDA, news, jobs and Buyer’s Guide - information that
enhances one’s career.

Uneven)

 

RX
"," 

PCy [tee te asta]

Pharma Marketing News is the

FREE monthly e-newsletter of the

Pharma Marketing Network
(www.pharma-mkting.com}. The Network provides executive-
level content coupled with targeted advertising opportunities.
Send your press releases, job openings, product
gnnouncements, ond educational events to our targeted, optin
e-mail list of pharmaceutical marketing professionals.

Current Medical Research and

Opinion (CMRO}, now in its 31st

year, is a MEDLINE-indexed,

peer-reviewed, rapid publication
journal, Accepted manuscripts are published without page
charges in 2-4 weeks via Rapidtrack with specialist peer
review usually requiring 2-3 weeks. Web address is
www.CMROlournal.com.

ve Vs Product Management Today is the only

publication whally focused on the
marketing needs of today's
pharmaceutical product mangers. PMT's editorial mission is to
provide the product management team with practical solutions
to today's marketing challenges. The emphasis on practical,
day-to-day selutions has made PMT a valuable too! to the
product management team.

8
SENN S NS Sy
RARER RRR

\. PharmaVOICE is the executive forum

N\ WW that allows business leaders to
Prarty OAsG
engage in a candid dialogue on the

myriad challenges and trends impacting the life-sciences
industry. PharmaVOICE reaches more than 17,000 U.S.-based
executives who influence business strategies and affect change.

A Portal and B2B Outsourcing
Marketplace for the Blopharma
» industry. The Marketplace features the
Request for Quote Outsourcing Services
Marketplace; the Portal features the biopharmaceutical
directory, reports, and databases. www.canbiotech.com

www.PharmCast.com is a

pharmaceutical community

based website which is visited
by over 10,000 pharmaceutical professionals each week. It
features the latest information on pharmaceutical patents,
FDA, news, jobs and Buyer’s Guide - information that
enhances one’s career.

 

PCT ge tihC ML cel ied

360-466-3549.

Pharmaceutical Education Associates
18705 NE Cedor Drive
Bartle Ground, WA 98604

800-686-2276
ai Online:

Venue
information:

www. pharmedassociates.com

The Westin Princeton

at Forrestal. Vil

201 Village Boulevard
Princeton, New Jersey 08540
Phone: 609-452-7900

Should you require overnight accommodations,
please contact the hotel and let them know you are
ottending the Pharmaceutical Education Associates
confererice on Publication Planning 2003 to obtoin
the conference discount rate for roams.

Fees and Payments: Fees and Payments for
cHencing Publication Planning 2003:

Best Value:

Conference and Full Day Tutorial

Conference Only
Full Day Tutorial Only

EARLY REGISTRATION DISCOUNT: Register by
Pee MP ALI Rell Brac ay ANE. rent li

The FDA/government employee rate is $595 and there
is @ 30% discount for academics {Valid identification
will be required of the conference registration desk}.

Group Discounts. cre available. Please call Evan
Smethurst at 831-465-2296 for more information.

Make checks payable to Pharmaceutical Education
Associates and write code P127 an your check: You may
also use Visa, MasterCard or Arnerican Bares
Payments must be received by October 29, 2

Cancellations: if you cancel four weeks or more in advance of
the conference you can expect q full refund or voucher fo
another Pharmaceutical Education Assaciates’ event within the
next calendor year. Cancellations occurring two to four weeks
prior to the conference dale receive a $200 refund or full
voucher to another event. if you cancel less than two weeks
prior to the corference date, you can expect a full credit
voucher Jo be wed at angther Pharmaceutical Educalion
Associqtes event within the calendar year,

Nofe; Speakers and agenda subject to change without notice,
in the event-of a speaker cancellation, every effort to find.a
suiiable replacement will be made:

 

For Information on sponsoring or exhibiting, please call lan Rappaport at 212-558-6467 or email af ireppopert@pkarmedassedates.com

Regier eeu! Call S00 488 2278 or CS at eae pinrmedereete an
",False,True,6.839,11.859
286,www.pharmedassociates.com,form,simple,"ators [te Hl gota te bet as

“ Pharma Marketing News is the
/ FREE monthly e-newsletter of the
E Pharma Marketing Network
| (www. pharme-mkting.com}. The Network provides executive-
| level content coupled with targeted advertising opportuntiles.
Send your press releases, job openings, product
announcements, ond educational events to our targeted, optin
e-mail list of pharmaceutical marketing professionals.

Current Medical Research and
Opinion [(CMRO}, now in fis 31st
year, Is. a MEDLINE-Indexed,
Face coat peerteviewed, rapid publication
| journal. Accapted monuseripts are published without page
| charges in 2-4 weeks via Rapidlrack with specialist peer
review usually requiring 2-3 weeks. Web address is
www. CMROjournal.com.

CYP PY NS Product Management Today is the only

Xe \ publication wholly focused on the

RAR marketing needs of today's

| pharmaceutical product mangers. PMT's editorial mission is to

| provide the product management feam with practical solutions

| to today's marketing challenges. The emphasis on practical,
day-to-day solutions has macle PMT a valuable tool to the
product management team.

. PharmaVOICE is the executive forum
« that allows business leaders to
engage ina candid dialogue on the

| myriad challenges and trends impacting the life-sciences EARLY REGISTRATION DISCOUNT: Register by

| industry. PharmaVOICE reaches more than 17,000 U.S.-based ‘August 8, 2003 and receive a $200 discount.
| executives who influence business strategies and affect change. a

A Portal and B2B Outsourcing
; Marketplace for the Biopharma
wy industry. The Marketplace features the
Request for Quote Outsourcing Services
Marketplace; the Portal features the biopharmaceutical
| directory, reports, and databases. www.canbiotech.com

 www.PharmCast.com is a
pharmaceutical community
* based website which is visited
by over 10,000 pharmaceutical professionals each week. ft
features the latest information on pharmaceutical patents,
FDA, news, jobs and Buyer’s Guide - information that
enhances one’s career.

Uneven)

 

RX
"," 

PCy [tee te asta]

Pharma Marketing News is the

FREE monthly e-newsletter of the

Pharma Marketing Network
(www.pharma-mkting.com}. The Network provides executive-
level content coupled with targeted advertising opportunities.
Send your press releases, job openings, product
gnnouncements, ond educational events to our targeted, optin
e-mail list of pharmaceutical marketing professionals.

Current Medical Research and

Opinion (CMRO}, now in its 31st

year, is a MEDLINE-indexed,

peer-reviewed, rapid publication
journal, Accepted manuscripts are published without page
charges in 2-4 weeks via Rapidtrack with specialist peer
review usually requiring 2-3 weeks. Web address is
www.CMROlournal.com.

ve Vs Product Management Today is the only

publication whally focused on the
marketing needs of today's
pharmaceutical product mangers. PMT's editorial mission is to
provide the product management team with practical solutions
to today's marketing challenges. The emphasis on practical,
day-to-day selutions has made PMT a valuable too! to the
product management team.

8
SENN S NS Sy
RARER RRR

\. PharmaVOICE is the executive forum

N\ WW that allows business leaders to
Prarty OAsG
engage in a candid dialogue on the

myriad challenges and trends impacting the life-sciences
industry. PharmaVOICE reaches more than 17,000 U.S.-based
executives who influence business strategies and affect change.

A Portal and B2B Outsourcing
Marketplace for the Blopharma
» industry. The Marketplace features the
Request for Quote Outsourcing Services
Marketplace; the Portal features the biopharmaceutical
directory, reports, and databases. www.canbiotech.com

www.PharmCast.com is a

pharmaceutical community

based website which is visited
by over 10,000 pharmaceutical professionals each week. It
features the latest information on pharmaceutical patents,
FDA, news, jobs and Buyer’s Guide - information that
enhances one’s career.

 

PCT ge tihC ML cel ied

360-466-3549.

Pharmaceutical Education Associates
18705 NE Cedor Drive
Bartle Ground, WA 98604

800-686-2276
ai Online:

Venue
information:

www. pharmedassociates.com

The Westin Princeton

at Forrestal. Vil

201 Village Boulevard
Princeton, New Jersey 08540
Phone: 609-452-7900

Should you require overnight accommodations,
please contact the hotel and let them know you are
ottending the Pharmaceutical Education Associates
confererice on Publication Planning 2003 to obtoin
the conference discount rate for roams.

Fees and Payments: Fees and Payments for
cHencing Publication Planning 2003:

Best Value:

Conference and Full Day Tutorial

Conference Only
Full Day Tutorial Only

EARLY REGISTRATION DISCOUNT: Register by
Pee MP ALI Rell Brac ay ANE. rent li

The FDA/government employee rate is $595 and there
is @ 30% discount for academics {Valid identification
will be required of the conference registration desk}.

Group Discounts. cre available. Please call Evan
Smethurst at 831-465-2296 for more information.

Make checks payable to Pharmaceutical Education
Associates and write code P127 an your check: You may
also use Visa, MasterCard or Arnerican Bares
Payments must be received by October 29, 2

Cancellations: if you cancel four weeks or more in advance of
the conference you can expect q full refund or voucher fo
another Pharmaceutical Education Assaciates’ event within the
next calendor year. Cancellations occurring two to four weeks
prior to the conference dale receive a $200 refund or full
voucher to another event. if you cancel less than two weeks
prior to the corference date, you can expect a full credit
voucher Jo be wed at angther Pharmaceutical Educalion
Associqtes event within the calendar year,

Nofe; Speakers and agenda subject to change without notice,
in the event-of a speaker cancellation, every effort to find.a
suiiable replacement will be made:

 

For Information on sponsoring or exhibiting, please call lan Rappaport at 212-558-6467 or email af ireppopert@pkarmedassedates.com

Regier eeu! Call S00 488 2278 or CS at eae pinrmedereete an
",False,False,8.214,12.52
287,4,table/list,simple,"MM ENA

Enduring Value
Report on Corporate Governance

Non-Executive Director: Non-Executive Directors,
including Independent Directors, play a critical role in
imparting balance to the Board processes by bringing an
independent judgement on issues of strategy, performance,
resources, standards of Company conduct etc.

Divisional / SBU Chief Executive Officer (CEO): The
Divisional / SBU CEO for a business has the overall
executive responsibility for its day-to-day operations and
provides leadership to the DMC / SBU MC in its task of
executive management of the business.

BOARD OF DIRECTORS

In terms of the Company’s Corporate Governance Policy,
all statutory and other significant & material information
are placed before the Board to enable it to discharge
its responsibility of strategic supervision of the Company
as trustees of the Shareholders.

Composition

The ITC Board is a balanced Board, comprising Executive
and Non-Executive Directors. The Non-Executive
Directors include independent professionals. Executive
Directors, including the Chairman, do not generally
exceed one-third of the total strength of the Board.

The Governance Policy requires that the Non-Executive
Directors, including Independent Directors, be drawn
from amongst eminent professionals with experience in
business / finance / law / public administration and
enterprises. Directors are appointed / re-appointed with
the approval of the Shareholders for a period of three
to five years or a shorter duration in accordance with
retirement guidelines as determined by the Board from
time to time. The initial appointment of Executive Directors
is normally for a period of three years. All Directors are
liable to retire by rotation unless otherwise approved by
the Shareholders or provided under any statute.
One-third of the Directors who are liable to retire by
rotation, retire every year and are eligible for re-election.
In terms of the Articles of Association of the Company,
the strength of the Board shall not be fewer than five
nor more than eighteen. The present strength of the
Board is fifteen, of which four are Executive Directors.

Composition of the Board as on 31st March, 2014:

ra

 

 

ei |
UTES G9)
LT

Chairmanship(s)]
LC
Committees of
CTU MRI ea

 

Executive Directors

 

N. Anand 8 |

 

KN Grant 2 |
Non-Executive Directors

 

 

 

5, H, Khan Independent Director 6 9
{including 4
as Chairman!

P.B. Ramanujam — Independent Director Nl Nil

§.. 8 Rehman Independent Director ue Nt

M. Shankar Independent Director Nil Ni

ACV. Gita Kumar “Independent Director | Ag

Representative of
General Insurers’
(Public Sector)
‘Association of india
as tavestor
BE. Lerwill Representative of Tobacco uy My
Manufacturers (india)
Limited, a subsidiary of
British American Tobacco
plc.,the ultimate holding
company.
A Ring Representative of fohiacco Nt My
Manufacturers (ndia}
Umited 2 subsidiary of
Bath Amencan Tobacce
pic. the ubimate holding
company,
K. Vaidyanath uy Nd

1. Excludes Directorship in Indian Private Limited Companies & Foreign Companies and
Membership of Managing Committees of Chambers of Commerce / Professional Bodies.

2. Denotes Membership / Chairmanship of Audit Committee and / or Investors Grievance
Committee of Indian Public Limited Companies.
","MENA

Endaring Value

Report on Corporate Governance

Non-Executive Director: Non-Executive Directors,
including Independent Directors, play a critical role in
imparting balance to the Board processes by bringing an
independent judgement on issues of strategy, performance,
resources, standards of Company conduct etc.

Divisional / SBU Chief Executive Officer (CEO): The
Divisional / SBU CEO for a business has the overall
executive responsibility for its day-to-day operations and
provides leadership to the DMC / SBU MC in its task of
executive management of the business.

BOARD OF DIRECTORS

In terms of the Company's Corporate Governance Policy,
all statutory and other significant & material information
are placed before the Board to enable it to discharge
its responsibility of strategic supervision of the Company
as trustees of the Shareholders.

Composition

The ITC Board is a balanced Board, comprising Executive
and Non-Executive Directors. The Non-Executive
Directors include independent professionals. Executive
Directors, including the Chairman, do not generally
exceed one-third of the total strength of the Board.

The Governance Policy requires that the Non-Executive
Directors, including Independent Directors, be drawn
from amongst eminent professionals with experience in
business / finance / law / public administration and
enterprises. Directors are appointed / re-appointed with
the approval of the Shareholders for a period of three
to five years or a shorter duration in accordance with
retirement guidelines as determined by the Board from
time to time. The initial appointment of Executive Directors
is normally for a period of three years. All Directors are
liable to retire by rotation unless otherwise approved by
the Shareholders or provided under any statute.
One-third of the Directors who are liable to retire by
rotation, retire every year and are eligible for re-election.
In terms of the Articles of Association of the Company,
the strength of the Board shall not be fewer than five
nor more than eighteen. The present strength of the
Board is fifteen, of which four are Executive Directors.

Composition of the Board as on 31st March, 2014:

Pela] No. of PET
Directors | total no. of Directors

Executive Directors 4 29
Non-Executive Independent Directors 7 50
Other Non-Executive Directors 3 2
Total 14 100

pee ITC Limitcd reeort ann ACCOUNTS 2014

ea

Executive Directors

Y.C. Deveshwar Chairman

N. Anand

P.V. Dhobale

K.N. Grant

Non-Executive Directors

A Baijal Independent Director
$.H. Khan independent Director
§. B. Mathar Independent Director

P.B, Ramanujam
§.8. H. Rehman
M. Shankar

independent Director
independent Director
independent Director

AV. Girja Kumar Independent Director -
Representative of
General Insurers?
Public Sector)
Association of India
as Investor

 

RE. Lervill Representative of Tobacco
Manufacturers (India)
Limited. a subsidiary of
British American Tobacco
plc. the ultimate holding

company

A Ruys Representative of Tabacco
Manufacturers {India}
Limited, a subsidiary of
British American Tobacca
pc, the ubimate holding
company

K. Vaidyanath

Nil
Ni
Nil

Nil

Nil

Nil

Cm)
aul IRY]
aL

UFTUCUNUT TRS
Mat
Committees of
UAH Ne

 

Nit

Nil

i
fas Chairman}

9
[including 4
as Chairman]

8
{including 3
a8 Chairman]

Nit

Nil

Nit

Nil

Nil

Ni

Nit

1. Excludes Directorship in indian Private Limited Companies & Foreign Companies and
Membership of Managing Committees of Chambers of Commerce / Professional Bodies.
2. Denotes Membership ‘ Chairmanship of Audit Committee and / or Investors Grievance

Committee of indian Public Limited Companies.
",True,True,7.716,9.439
288,14,table/list,simple,"MM ENA

Enduring Value
Report on Corporate Governance

Non-Executive Director: Non-Executive Directors,
including Independent Directors, play a critical role in
imparting balance to the Board processes by bringing an
independent judgement on issues of strategy, performance,
resources, standards of Company conduct etc.

Divisional / SBU Chief Executive Officer (CEO): The
Divisional / SBU CEO for a business has the overall
executive responsibility for its day-to-day operations and
provides leadership to the DMC / SBU MC in its task of
executive management of the business.

BOARD OF DIRECTORS

In terms of the Company’s Corporate Governance Policy,
all statutory and other significant & material information
are placed before the Board to enable it to discharge
its responsibility of strategic supervision of the Company
as trustees of the Shareholders.

Composition

The ITC Board is a balanced Board, comprising Executive
and Non-Executive Directors. The Non-Executive
Directors include independent professionals. Executive
Directors, including the Chairman, do not generally
exceed one-third of the total strength of the Board.

The Governance Policy requires that the Non-Executive
Directors, including Independent Directors, be drawn
from amongst eminent professionals with experience in
business / finance / law / public administration and
enterprises. Directors are appointed / re-appointed with
the approval of the Shareholders for a period of three
to five years or a shorter duration in accordance with
retirement guidelines as determined by the Board from
time to time. The initial appointment of Executive Directors
is normally for a period of three years. All Directors are
liable to retire by rotation unless otherwise approved by
the Shareholders or provided under any statute.
One-third of the Directors who are liable to retire by
rotation, retire every year and are eligible for re-election.
In terms of the Articles of Association of the Company,
the strength of the Board shall not be fewer than five
nor more than eighteen. The present strength of the
Board is fifteen, of which four are Executive Directors.

Composition of the Board as on 31st March, 2014:

ra

 

 

ei |
UTES G9)
LT

Chairmanship(s)]
LC
Committees of
CTU MRI ea

 

Executive Directors

 

N. Anand 8 |

 

KN Grant 2 |
Non-Executive Directors

 

 

 

5, H, Khan Independent Director 6 9
{including 4
as Chairman!

P.B. Ramanujam — Independent Director Nl Nil

§.. 8 Rehman Independent Director ue Nt

M. Shankar Independent Director Nil Ni

ACV. Gita Kumar “Independent Director | Ag

Representative of
General Insurers’
(Public Sector)
‘Association of india
as tavestor
BE. Lerwill Representative of Tobacco uy My
Manufacturers (india)
Limited, a subsidiary of
British American Tobacco
plc.,the ultimate holding
company.
A Ring Representative of fohiacco Nt My
Manufacturers (ndia}
Umited 2 subsidiary of
Bath Amencan Tobacce
pic. the ubimate holding
company,
K. Vaidyanath uy Nd

1. Excludes Directorship in Indian Private Limited Companies & Foreign Companies and
Membership of Managing Committees of Chambers of Commerce / Professional Bodies.

2. Denotes Membership / Chairmanship of Audit Committee and / or Investors Grievance
Committee of Indian Public Limited Companies.
","MENA

Endaring Value

Report on Corporate Governance

Non-Executive Director: Non-Executive Directors,
including Independent Directors, play a critical role in
imparting balance to the Board processes by bringing an
independent judgement on issues of strategy, performance,
resources, standards of Company conduct etc.

Divisional / SBU Chief Executive Officer (CEO): The
Divisional / SBU CEO for a business has the overall
executive responsibility for its day-to-day operations and
provides leadership to the DMC / SBU MC in its task of
executive management of the business.

BOARD OF DIRECTORS

In terms of the Company's Corporate Governance Policy,
all statutory and other significant & material information
are placed before the Board to enable it to discharge
its responsibility of strategic supervision of the Company
as trustees of the Shareholders.

Composition

The ITC Board is a balanced Board, comprising Executive
and Non-Executive Directors. The Non-Executive
Directors include independent professionals. Executive
Directors, including the Chairman, do not generally
exceed one-third of the total strength of the Board.

The Governance Policy requires that the Non-Executive
Directors, including Independent Directors, be drawn
from amongst eminent professionals with experience in
business / finance / law / public administration and
enterprises. Directors are appointed / re-appointed with
the approval of the Shareholders for a period of three
to five years or a shorter duration in accordance with
retirement guidelines as determined by the Board from
time to time. The initial appointment of Executive Directors
is normally for a period of three years. All Directors are
liable to retire by rotation unless otherwise approved by
the Shareholders or provided under any statute.
One-third of the Directors who are liable to retire by
rotation, retire every year and are eligible for re-election.
In terms of the Articles of Association of the Company,
the strength of the Board shall not be fewer than five
nor more than eighteen. The present strength of the
Board is fifteen, of which four are Executive Directors.

Composition of the Board as on 31st March, 2014:

Pela] No. of PET
Directors | total no. of Directors

Executive Directors 4 29
Non-Executive Independent Directors 7 50
Other Non-Executive Directors 3 2
Total 14 100

pee ITC Limitcd reeort ann ACCOUNTS 2014

ea

Executive Directors

Y.C. Deveshwar Chairman

N. Anand

P.V. Dhobale

K.N. Grant

Non-Executive Directors

A Baijal Independent Director
$.H. Khan independent Director
§. B. Mathar Independent Director

P.B, Ramanujam
§.8. H. Rehman
M. Shankar

independent Director
independent Director
independent Director

AV. Girja Kumar Independent Director -
Representative of
General Insurers?
Public Sector)
Association of India
as Investor

 

RE. Lervill Representative of Tobacco
Manufacturers (India)
Limited. a subsidiary of
British American Tobacco
plc. the ultimate holding

company

A Ruys Representative of Tabacco
Manufacturers {India}
Limited, a subsidiary of
British American Tobacca
pc, the ubimate holding
company

K. Vaidyanath

Nil
Ni
Nil

Nil

Nil

Nil

Cm)
aul IRY]
aL

UFTUCUNUT TRS
Mat
Committees of
UAH Ne

 

Nit

Nil

i
fas Chairman}

9
[including 4
as Chairman]

8
{including 3
a8 Chairman]

Nit

Nil

Nit

Nil

Nil

Ni

Nit

1. Excludes Directorship in indian Private Limited Companies & Foreign Companies and
Membership of Managing Committees of Chambers of Commerce / Professional Bodies.
2. Denotes Membership ‘ Chairmanship of Audit Committee and / or Investors Grievance

Committee of indian Public Limited Companies.
",True,True,8.096,9.223
289,2195,form,simple,"ators [te Hl gota te bet as

“ Pharma Marketing News is the
/ FREE monthly e-newsletter of the
E Pharma Marketing Network
| (www. pharme-mkting.com}. The Network provides executive-
| level content coupled with targeted advertising opportuntiles.
Send your press releases, job openings, product
announcements, ond educational events to our targeted, optin
e-mail list of pharmaceutical marketing professionals.

Current Medical Research and
Opinion [(CMRO}, now in fis 31st
year, Is. a MEDLINE-Indexed,
Face coat peerteviewed, rapid publication
| journal. Accapted monuseripts are published without page
| charges in 2-4 weeks via Rapidlrack with specialist peer
review usually requiring 2-3 weeks. Web address is
www. CMROjournal.com.

CYP PY NS Product Management Today is the only

Xe \ publication wholly focused on the

RAR marketing needs of today's

| pharmaceutical product mangers. PMT's editorial mission is to

| provide the product management feam with practical solutions

| to today's marketing challenges. The emphasis on practical,
day-to-day solutions has macle PMT a valuable tool to the
product management team.

. PharmaVOICE is the executive forum
« that allows business leaders to
engage ina candid dialogue on the

| myriad challenges and trends impacting the life-sciences EARLY REGISTRATION DISCOUNT: Register by

| industry. PharmaVOICE reaches more than 17,000 U.S.-based ‘August 8, 2003 and receive a $200 discount.
| executives who influence business strategies and affect change. a

A Portal and B2B Outsourcing
; Marketplace for the Biopharma
wy industry. The Marketplace features the
Request for Quote Outsourcing Services
Marketplace; the Portal features the biopharmaceutical
| directory, reports, and databases. www.canbiotech.com

 www.PharmCast.com is a
pharmaceutical community
* based website which is visited
by over 10,000 pharmaceutical professionals each week. ft
features the latest information on pharmaceutical patents,
FDA, news, jobs and Buyer’s Guide - information that
enhances one’s career.

Uneven)

 

RX
"," 

PCy [tee te asta]

Pharma Marketing News is the

FREE monthly e-newsletter of the

Pharma Marketing Network
(www.pharma-mkting.com}. The Network provides executive-
level content coupled with targeted advertising opportunities.
Send your press releases, job openings, product
gnnouncements, ond educational events to our targeted, optin
e-mail list of pharmaceutical marketing professionals.

Current Medical Research and

Opinion (CMRO}, now in its 31st

year, is a MEDLINE-indexed,

peer-reviewed, rapid publication
journal, Accepted manuscripts are published without page
charges in 2-4 weeks via Rapidtrack with specialist peer
review usually requiring 2-3 weeks. Web address is
www.CMROlournal.com.

ve Vs Product Management Today is the only

publication whally focused on the
marketing needs of today's
pharmaceutical product mangers. PMT's editorial mission is to
provide the product management team with practical solutions
to today's marketing challenges. The emphasis on practical,
day-to-day selutions has made PMT a valuable too! to the
product management team.

8
SENN S NS Sy
RARER RRR

\. PharmaVOICE is the executive forum

N\ WW that allows business leaders to
Prarty OAsG
engage in a candid dialogue on the

myriad challenges and trends impacting the life-sciences
industry. PharmaVOICE reaches more than 17,000 U.S.-based
executives who influence business strategies and affect change.

A Portal and B2B Outsourcing
Marketplace for the Blopharma
» industry. The Marketplace features the
Request for Quote Outsourcing Services
Marketplace; the Portal features the biopharmaceutical
directory, reports, and databases. www.canbiotech.com

www.PharmCast.com is a

pharmaceutical community

based website which is visited
by over 10,000 pharmaceutical professionals each week. It
features the latest information on pharmaceutical patents,
FDA, news, jobs and Buyer’s Guide - information that
enhances one’s career.

 

PCT ge tihC ML cel ied

360-466-3549.

Pharmaceutical Education Associates
18705 NE Cedor Drive
Bartle Ground, WA 98604

800-686-2276
ai Online:

Venue
information:

www. pharmedassociates.com

The Westin Princeton

at Forrestal. Vil

201 Village Boulevard
Princeton, New Jersey 08540
Phone: 609-452-7900

Should you require overnight accommodations,
please contact the hotel and let them know you are
ottending the Pharmaceutical Education Associates
confererice on Publication Planning 2003 to obtoin
the conference discount rate for roams.

Fees and Payments: Fees and Payments for
cHencing Publication Planning 2003:

Best Value:

Conference and Full Day Tutorial

Conference Only
Full Day Tutorial Only

EARLY REGISTRATION DISCOUNT: Register by
Pee MP ALI Rell Brac ay ANE. rent li

The FDA/government employee rate is $595 and there
is @ 30% discount for academics {Valid identification
will be required of the conference registration desk}.

Group Discounts. cre available. Please call Evan
Smethurst at 831-465-2296 for more information.

Make checks payable to Pharmaceutical Education
Associates and write code P127 an your check: You may
also use Visa, MasterCard or Arnerican Bares
Payments must be received by October 29, 2

Cancellations: if you cancel four weeks or more in advance of
the conference you can expect q full refund or voucher fo
another Pharmaceutical Education Assaciates’ event within the
next calendor year. Cancellations occurring two to four weeks
prior to the conference dale receive a $200 refund or full
voucher to another event. if you cancel less than two weeks
prior to the corference date, you can expect a full credit
voucher Jo be wed at angther Pharmaceutical Educalion
Associqtes event within the calendar year,

Nofe; Speakers and agenda subject to change without notice,
in the event-of a speaker cancellation, every effort to find.a
suiiable replacement will be made:

 

For Information on sponsoring or exhibiting, please call lan Rappaport at 212-558-6467 or email af ireppopert@pkarmedassedates.com

Regier eeu! Call S00 488 2278 or CS at eae pinrmedereete an
",False,False,7.328,11.331
290,Page Callaham,form,simple," 

 

 

Received the the complete data for the second interlaboratory study of monitor I-13.
The initial analysis has been completed and a preliminary memo issued giving
targets and control chart values of the composite results and for individual labs. The
other statistical analyses have also been completed and a report is being drafted.

Gones)

Started analysis of data for the I-13 monitor calibration on CO, NO, HCN and
RCHO gas phase analysis.. (Jones)

MM. OTHER
A. Serving on the R&D BOB Committee and Trivia Questionnaire subcommittee.
(Johnston)

B. Provided miscellaneous statistical, economic, demographic, socio-economic, and
product use information and consultations. (Jones, Martin, Ryan, Johnston)

D. Visited VCU to interview candidates for a Summer Intern position working on the
consumer expenditure data. (Jones)

é

MEJ:£

cc: Page Callaham
Dick Jones
Yann LeGauffey
Peggy Martin
Frank Ryan
John Tindall
Central File

Sto9stzzoz
","0. ASSISTANCE OUTSIDE DEVELOPMENT

Hi.

A. Received the the complete data for the second interlaboratory study of monitor I-13.
The initial analysis has been completed and a preliminary memo issued giving
targets and control chart values of the composite results and for individual labs. The
other statisticat analyses have also been completed and a report is being drafted.

(Jones)

Started analysis of data for the I-13 monitor calibration on CO, NO, HCN and
RCHO gas phase analysis. (Jones)

OTHER

A. Serving on the R&D BOB Committee and Trivia Questionnaire subcommittee.
Gohnston)

B. Provided miscellaneous statistical, economic, demographic, socio-economic, and
product use information and consultations. (Jones, Martin, Ryan, Johnston)

D. Visited VCU to interview candidates for a Summer Intern position working on the
consumer expenditure data. (Jones)

:

MEJ:£

cc:

Page Callaham
Dick Jones

Yann LeGauffey
Peggy Martin
Frank Ryan
John Tindall
Central File

Sto9stzzo0z
",True,True,3.85,2.91
291,$ 1795,form,simple,"ators [te Hl gota te bet as

“ Pharma Marketing News is the
/ FREE monthly e-newsletter of the
E Pharma Marketing Network
| (www. pharme-mkting.com}. The Network provides executive-
| level content coupled with targeted advertising opportuntiles.
Send your press releases, job openings, product
announcements, ond educational events to our targeted, optin
e-mail list of pharmaceutical marketing professionals.

Current Medical Research and
Opinion [(CMRO}, now in fis 31st
year, Is. a MEDLINE-Indexed,
Face coat peerteviewed, rapid publication
| journal. Accapted monuseripts are published without page
| charges in 2-4 weeks via Rapidlrack with specialist peer
review usually requiring 2-3 weeks. Web address is
www. CMROjournal.com.

CYP PY NS Product Management Today is the only

Xe \ publication wholly focused on the

RAR marketing needs of today's

| pharmaceutical product mangers. PMT's editorial mission is to

| provide the product management feam with practical solutions

| to today's marketing challenges. The emphasis on practical,
day-to-day solutions has macle PMT a valuable tool to the
product management team.

. PharmaVOICE is the executive forum
« that allows business leaders to
engage ina candid dialogue on the

| myriad challenges and trends impacting the life-sciences EARLY REGISTRATION DISCOUNT: Register by

| industry. PharmaVOICE reaches more than 17,000 U.S.-based ‘August 8, 2003 and receive a $200 discount.
| executives who influence business strategies and affect change. a

A Portal and B2B Outsourcing
; Marketplace for the Biopharma
wy industry. The Marketplace features the
Request for Quote Outsourcing Services
Marketplace; the Portal features the biopharmaceutical
| directory, reports, and databases. www.canbiotech.com

 www.PharmCast.com is a
pharmaceutical community
* based website which is visited
by over 10,000 pharmaceutical professionals each week. ft
features the latest information on pharmaceutical patents,
FDA, news, jobs and Buyer’s Guide - information that
enhances one’s career.

Uneven)

 

RX
"," 

PCy [tee te asta]

Pharma Marketing News is the

FREE monthly e-newsletter of the

Pharma Marketing Network
(www.pharma-mkting.com}. The Network provides executive-
level content coupled with targeted advertising opportunities.
Send your press releases, job openings, product
gnnouncements, ond educational events to our targeted, optin
e-mail list of pharmaceutical marketing professionals.

Current Medical Research and

Opinion (CMRO}, now in its 31st

year, is a MEDLINE-indexed,

peer-reviewed, rapid publication
journal, Accepted manuscripts are published without page
charges in 2-4 weeks via Rapidtrack with specialist peer
review usually requiring 2-3 weeks. Web address is
www.CMROlournal.com.

ve Vs Product Management Today is the only

publication whally focused on the
marketing needs of today's
pharmaceutical product mangers. PMT's editorial mission is to
provide the product management team with practical solutions
to today's marketing challenges. The emphasis on practical,
day-to-day selutions has made PMT a valuable too! to the
product management team.

8
SENN S NS Sy
RARER RRR

\. PharmaVOICE is the executive forum

N\ WW that allows business leaders to
Prarty OAsG
engage in a candid dialogue on the

myriad challenges and trends impacting the life-sciences
industry. PharmaVOICE reaches more than 17,000 U.S.-based
executives who influence business strategies and affect change.

A Portal and B2B Outsourcing
Marketplace for the Blopharma
» industry. The Marketplace features the
Request for Quote Outsourcing Services
Marketplace; the Portal features the biopharmaceutical
directory, reports, and databases. www.canbiotech.com

www.PharmCast.com is a

pharmaceutical community

based website which is visited
by over 10,000 pharmaceutical professionals each week. It
features the latest information on pharmaceutical patents,
FDA, news, jobs and Buyer’s Guide - information that
enhances one’s career.

 

PCT ge tihC ML cel ied

360-466-3549.

Pharmaceutical Education Associates
18705 NE Cedor Drive
Bartle Ground, WA 98604

800-686-2276
ai Online:

Venue
information:

www. pharmedassociates.com

The Westin Princeton

at Forrestal. Vil

201 Village Boulevard
Princeton, New Jersey 08540
Phone: 609-452-7900

Should you require overnight accommodations,
please contact the hotel and let them know you are
ottending the Pharmaceutical Education Associates
confererice on Publication Planning 2003 to obtoin
the conference discount rate for roams.

Fees and Payments: Fees and Payments for
cHencing Publication Planning 2003:

Best Value:

Conference and Full Day Tutorial

Conference Only
Full Day Tutorial Only

EARLY REGISTRATION DISCOUNT: Register by
Pee MP ALI Rell Brac ay ANE. rent li

The FDA/government employee rate is $595 and there
is @ 30% discount for academics {Valid identification
will be required of the conference registration desk}.

Group Discounts. cre available. Please call Evan
Smethurst at 831-465-2296 for more information.

Make checks payable to Pharmaceutical Education
Associates and write code P127 an your check: You may
also use Visa, MasterCard or Arnerican Bares
Payments must be received by October 29, 2

Cancellations: if you cancel four weeks or more in advance of
the conference you can expect q full refund or voucher fo
another Pharmaceutical Education Assaciates’ event within the
next calendor year. Cancellations occurring two to four weeks
prior to the conference dale receive a $200 refund or full
voucher to another event. if you cancel less than two weeks
prior to the corference date, you can expect a full credit
voucher Jo be wed at angther Pharmaceutical Educalion
Associqtes event within the calendar year,

Nofe; Speakers and agenda subject to change without notice,
in the event-of a speaker cancellation, every effort to find.a
suiiable replacement will be made:

 

For Information on sponsoring or exhibiting, please call lan Rappaport at 212-558-6467 or email af ireppopert@pkarmedassedates.com

Regier eeu! Call S00 488 2278 or CS at eae pinrmedereete an
",False,False,6.391,12.528
292,100.99,table/list,simple,"LOU ca

nue

Plc SINDOODY CNV LEOds8 Pot

 

Notes to the Financial Statements

33; Related Party Disclosures (conid,)

3.

DISCLOSURE OF TRANSACTIONS BETWEEN THE COMPANY AND RELATED PARTIES AND THE STATUS OF OUTSTANDING BALANCES AS AT 31.03.2014

(% in Crores)

 

RELATED PARTY TRANSACHONS SUNIMARY.

Enterprises where contrat exists
Subsiliarigs

 

29.
30.

 

 

Sale of Goods/Services

Purchase of Goods/Services

Acquisition cost of Fixed Assets

Sale of Fixed Assets/Scraps

Investments Purchased from Subsidiary’
Investment in Subsidiaties/Joint Ventures
Conversion of Loan to Equity

Interest Income

Remuneration to Key Management Personnel

= Directors 2

- Others

Rent Received

Rent Paid

Remuneration of Managers on Deputation reimbursed
Remuneration of Managers on Deputation recovered
Donation

Contribution to Employees’ Benefit Plans
Dividend Income

Dividend Payments

Expenses Recovered

Expenses Reimbursed

Loans Given

Receipt towards Loan Repayment

Advances Given during the year:
Adjustment/Receipt towards Refund of Advances
‘Advance Received during the year

Adjustment/ Payment towards Refund of Advance
Deposit Received during the year

Deposits Given during the year
Adjustment/Receipt towards Refund of Deposits
Balances as at 31st March

i): Receivables

ii) Advances Given

ili) Loans Given

iv) Deposits Given

Vv). Advance Taken

vi) Deposits Taken

vil) Payables

vill) Investment in Non-Convertible Debentures
Provision for subsidiary as.at 31st March

In addition, remuneration of managers on
deputation, absorbed

 

 

 

 

 

 

 

 

83.35

22.871 24.50

 

265.51
610.89
5.69
2.00
1.69
86.64
422.96
15.93

23.38
8.31
6.96

12.19
§.23

17.02

100.99
209.54
1046.77
19.10
8.43
9.17
5.68

 

221.76
572.48
4.59
0.44
9.97
30.00

27.20

16.60
6.86
3.82

13.60
484

16.42
1.70

83.35

113.39
897.25
14.52
10.17
1179.20
853.96
677
8.07
134.62
110.96
0.02
0.38

38.60
23.44
530.54
53.33
140.59

36.22
15.00
47.55

2.65

1 Unquoted investments purchased, at cost, during the year from subsidiary = 1.69 Crores (2013 : quoted investment - 9.97 Crores. The market value of the quoted investment on the date of acquisition
was = 101.91 Crores).

2 Includes & 21.21 Crores (2013 - € 0.06 Crore) attributable to remuneration of Directors which is subject to approval by the Company in General Meeting.

Source: https:/Awww.industrydocuments.ucsf.edu/docs/tnbx0223

NEF

nye, Suympag

 
","roa

PLOZ SLNNOODY ONY LHOdIH POUUN] DY]

39. Related Party Disclosures (contd,}

3.

DISCLOSURE OF TRANSACTIONS BETWEEN THE COMPANY AND RELATED PARTIES AND THE STATUS OF OUTSTANDING BALANCES AS AT 31.03.2014

Es Notes to the Financial Statements

 

(% in Crores)

 

 

RELATED PARTY TRANSACTIONS SUMMARY

Sale of Goods/Services

Purchase of Goods/Services

Acquisition cost of Fixed Assets

Sale of Fixed Assets/Scraps

Investments Purchased from Subsidiary!
Investment in Subsidiaries/Joint Ventures
Conversion of Loan to Equity

Interest Income

Remuneration to Key Management Personnel

- Directors 2

- Others

Rent Received

Rent Paid

Remuneration of Managers on Deputation reimbursed
Remuneration of Managers on Deputation recovered
Donation

Contribution to Employees’ Benefit Plans
Dividend Income

Dividend Payments

Expenses Recovered

Expenses Reimbursed

Loans Given

Receipt towards Loan Repayment

Advances Given during the year
Adjustment/Receipt towards Refund of Advances
Advance Received during the year
Adjustment/Payment towards Refund of Advance
Deposit Received during the year

Deposits Given during the year
Adjustment/Receipt towards Refund of Deposits
Balances as at 31st March

   
   
  

ii)
iil)
iv)
¥
vi

i) Receivables

Advances Given
Loans Given
Deposits Given
Advance Taken
Deposits Taken
Payables

vill) Investment in Non-Convertible Debentures
29.1 Provision for subsidiary as at 3ist March

30.) In addition, remuneration of managers on
deputation, absorbed

 

 

 

Enterprises where control exists

Subsidiaries
2014} 2018) 2014. 2013 ROA 201320) 2018) 20a 203 AON 2088 ROL 2018) aba 20

 

 

   
 

  
  

 

Assoctates

 

Joint Ventures |

272.22| 226.77

 
  
  

 

 

 

Relatives of Key

Management
Personal

    
   
 
 
 
 
 
 
 
 
 
 
 
 
 
 
 
 
 
 
 
 
 
 
 
 
 
 
 
 
 
 
 
 
 
 
  
  
 
  
 
 

 

265.51
610.89
5.69
2.00
1.69
86.64
422.96
15.93

23.38
8.31
6.96

12.19
5.23

17.02

100.99
209.54
1046.77
19.10
8.43
9.17
5.68
27.15
100.15
116.79
0.01
5.09
§.02

83.35

39.30
-| 13.87
130.52
53.40
123.95
0.10
31.97
15.00
47.55

3.01

24.50

 

 

  
 
 

16.42

83.35
113.39
897.25

14.52

10.17

1179.20
853.96
6.77
8.07
134.62
110.96
0.02

0. 38

38.60
23.44
530.54
53.33
140.59
0.09
36.22
15.00
47.55

 
   

1 Unquoted investments purchased, at cost. during the year from subsidiary % 1.69 Crores (2013 : quoted investment - % 9.97 Crores. The market value of the quoted investment on the date of acquisition

was = 101.91 Crores).

2 Includes % 21.21 Crores (2013 - = 0.06 Crore) attributable to remuneration of Directors which is subject to approval by the Company in General Meeting.

So

urce

Wps

 

mdustydoc

UMents

uosfhedufdocsétn

 

DROP 23

 

anys, Supp

7
",True,True,7.015,7.626
293,1095,form,simple,"ators [te Hl gota te bet as

“ Pharma Marketing News is the
/ FREE monthly e-newsletter of the
E Pharma Marketing Network
| (www. pharme-mkting.com}. The Network provides executive-
| level content coupled with targeted advertising opportuntiles.
Send your press releases, job openings, product
announcements, ond educational events to our targeted, optin
e-mail list of pharmaceutical marketing professionals.

Current Medical Research and
Opinion [(CMRO}, now in fis 31st
year, Is. a MEDLINE-Indexed,
Face coat peerteviewed, rapid publication
| journal. Accapted monuseripts are published without page
| charges in 2-4 weeks via Rapidlrack with specialist peer
review usually requiring 2-3 weeks. Web address is
www. CMROjournal.com.

CYP PY NS Product Management Today is the only

Xe \ publication wholly focused on the

RAR marketing needs of today's

| pharmaceutical product mangers. PMT's editorial mission is to

| provide the product management feam with practical solutions

| to today's marketing challenges. The emphasis on practical,
day-to-day solutions has macle PMT a valuable tool to the
product management team.

. PharmaVOICE is the executive forum
« that allows business leaders to
engage ina candid dialogue on the

| myriad challenges and trends impacting the life-sciences EARLY REGISTRATION DISCOUNT: Register by

| industry. PharmaVOICE reaches more than 17,000 U.S.-based ‘August 8, 2003 and receive a $200 discount.
| executives who influence business strategies and affect change. a

A Portal and B2B Outsourcing
; Marketplace for the Biopharma
wy industry. The Marketplace features the
Request for Quote Outsourcing Services
Marketplace; the Portal features the biopharmaceutical
| directory, reports, and databases. www.canbiotech.com

 www.PharmCast.com is a
pharmaceutical community
* based website which is visited
by over 10,000 pharmaceutical professionals each week. ft
features the latest information on pharmaceutical patents,
FDA, news, jobs and Buyer’s Guide - information that
enhances one’s career.

Uneven)

 

RX
"," 

PCy [tee te asta]

Pharma Marketing News is the

FREE monthly e-newsletter of the

Pharma Marketing Network
(www.pharma-mkting.com}. The Network provides executive-
level content coupled with targeted advertising opportunities.
Send your press releases, job openings, product
gnnouncements, ond educational events to our targeted, optin
e-mail list of pharmaceutical marketing professionals.

Current Medical Research and

Opinion (CMRO}, now in its 31st

year, is a MEDLINE-indexed,

peer-reviewed, rapid publication
journal, Accepted manuscripts are published without page
charges in 2-4 weeks via Rapidtrack with specialist peer
review usually requiring 2-3 weeks. Web address is
www.CMROlournal.com.

ve Vs Product Management Today is the only

publication whally focused on the
marketing needs of today's
pharmaceutical product mangers. PMT's editorial mission is to
provide the product management team with practical solutions
to today's marketing challenges. The emphasis on practical,
day-to-day selutions has made PMT a valuable too! to the
product management team.

8
SENN S NS Sy
RARER RRR

\. PharmaVOICE is the executive forum

N\ WW that allows business leaders to
Prarty OAsG
engage in a candid dialogue on the

myriad challenges and trends impacting the life-sciences
industry. PharmaVOICE reaches more than 17,000 U.S.-based
executives who influence business strategies and affect change.

A Portal and B2B Outsourcing
Marketplace for the Blopharma
» industry. The Marketplace features the
Request for Quote Outsourcing Services
Marketplace; the Portal features the biopharmaceutical
directory, reports, and databases. www.canbiotech.com

www.PharmCast.com is a

pharmaceutical community

based website which is visited
by over 10,000 pharmaceutical professionals each week. It
features the latest information on pharmaceutical patents,
FDA, news, jobs and Buyer’s Guide - information that
enhances one’s career.

 

PCT ge tihC ML cel ied

360-466-3549.

Pharmaceutical Education Associates
18705 NE Cedor Drive
Bartle Ground, WA 98604

800-686-2276
ai Online:

Venue
information:

www. pharmedassociates.com

The Westin Princeton

at Forrestal. Vil

201 Village Boulevard
Princeton, New Jersey 08540
Phone: 609-452-7900

Should you require overnight accommodations,
please contact the hotel and let them know you are
ottending the Pharmaceutical Education Associates
confererice on Publication Planning 2003 to obtoin
the conference discount rate for roams.

Fees and Payments: Fees and Payments for
cHencing Publication Planning 2003:

Best Value:

Conference and Full Day Tutorial

Conference Only
Full Day Tutorial Only

EARLY REGISTRATION DISCOUNT: Register by
Pee MP ALI Rell Brac ay ANE. rent li

The FDA/government employee rate is $595 and there
is @ 30% discount for academics {Valid identification
will be required of the conference registration desk}.

Group Discounts. cre available. Please call Evan
Smethurst at 831-465-2296 for more information.

Make checks payable to Pharmaceutical Education
Associates and write code P127 an your check: You may
also use Visa, MasterCard or Arnerican Bares
Payments must be received by October 29, 2

Cancellations: if you cancel four weeks or more in advance of
the conference you can expect q full refund or voucher fo
another Pharmaceutical Education Assaciates’ event within the
next calendor year. Cancellations occurring two to four weeks
prior to the conference dale receive a $200 refund or full
voucher to another event. if you cancel less than two weeks
prior to the corference date, you can expect a full credit
voucher Jo be wed at angther Pharmaceutical Educalion
Associqtes event within the calendar year,

Nofe; Speakers and agenda subject to change without notice,
in the event-of a speaker cancellation, every effort to find.a
suiiable replacement will be made:

 

For Information on sponsoring or exhibiting, please call lan Rappaport at 212-558-6467 or email af ireppopert@pkarmedassedates.com

Regier eeu! Call S00 488 2278 or CS at eae pinrmedereete an
",False,False,7.744,11.052
294,12.19,table/list,simple,"LOU ca

nue

Plc SINDOODY CNV LEOds8 Pot

 

Notes to the Financial Statements

33; Related Party Disclosures (conid,)

3.

DISCLOSURE OF TRANSACTIONS BETWEEN THE COMPANY AND RELATED PARTIES AND THE STATUS OF OUTSTANDING BALANCES AS AT 31.03.2014

(% in Crores)

 

RELATED PARTY TRANSACHONS SUNIMARY.

Enterprises where contrat exists
Subsiliarigs

 

29.
30.

 

 

Sale of Goods/Services

Purchase of Goods/Services

Acquisition cost of Fixed Assets

Sale of Fixed Assets/Scraps

Investments Purchased from Subsidiary’
Investment in Subsidiaties/Joint Ventures
Conversion of Loan to Equity

Interest Income

Remuneration to Key Management Personnel

= Directors 2

- Others

Rent Received

Rent Paid

Remuneration of Managers on Deputation reimbursed
Remuneration of Managers on Deputation recovered
Donation

Contribution to Employees’ Benefit Plans
Dividend Income

Dividend Payments

Expenses Recovered

Expenses Reimbursed

Loans Given

Receipt towards Loan Repayment

Advances Given during the year:
Adjustment/Receipt towards Refund of Advances
‘Advance Received during the year

Adjustment/ Payment towards Refund of Advance
Deposit Received during the year

Deposits Given during the year
Adjustment/Receipt towards Refund of Deposits
Balances as at 31st March

i): Receivables

ii) Advances Given

ili) Loans Given

iv) Deposits Given

Vv). Advance Taken

vi) Deposits Taken

vil) Payables

vill) Investment in Non-Convertible Debentures
Provision for subsidiary as.at 31st March

In addition, remuneration of managers on
deputation, absorbed

 

 

 

 

 

 

 

 

83.35

22.871 24.50

 

265.51
610.89
5.69
2.00
1.69
86.64
422.96
15.93

23.38
8.31
6.96

12.19
§.23

17.02

100.99
209.54
1046.77
19.10
8.43
9.17
5.68

 

221.76
572.48
4.59
0.44
9.97
30.00

27.20

16.60
6.86
3.82

13.60
484

16.42
1.70

83.35

113.39
897.25
14.52
10.17
1179.20
853.96
677
8.07
134.62
110.96
0.02
0.38

38.60
23.44
530.54
53.33
140.59

36.22
15.00
47.55

2.65

1 Unquoted investments purchased, at cost, during the year from subsidiary = 1.69 Crores (2013 : quoted investment - 9.97 Crores. The market value of the quoted investment on the date of acquisition
was = 101.91 Crores).

2 Includes & 21.21 Crores (2013 - € 0.06 Crore) attributable to remuneration of Directors which is subject to approval by the Company in General Meeting.

Source: https:/Awww.industrydocuments.ucsf.edu/docs/tnbx0223

NEF

nye, Suympag

 
","roa

PLOZ SLNNOODY ONY LHOdIH POUUN] DY]

39. Related Party Disclosures (contd,}

3.

DISCLOSURE OF TRANSACTIONS BETWEEN THE COMPANY AND RELATED PARTIES AND THE STATUS OF OUTSTANDING BALANCES AS AT 31.03.2014

Es Notes to the Financial Statements

 

(% in Crores)

 

 

RELATED PARTY TRANSACTIONS SUMMARY

Sale of Goods/Services

Purchase of Goods/Services

Acquisition cost of Fixed Assets

Sale of Fixed Assets/Scraps

Investments Purchased from Subsidiary!
Investment in Subsidiaries/Joint Ventures
Conversion of Loan to Equity

Interest Income

Remuneration to Key Management Personnel

- Directors 2

- Others

Rent Received

Rent Paid

Remuneration of Managers on Deputation reimbursed
Remuneration of Managers on Deputation recovered
Donation

Contribution to Employees’ Benefit Plans
Dividend Income

Dividend Payments

Expenses Recovered

Expenses Reimbursed

Loans Given

Receipt towards Loan Repayment

Advances Given during the year
Adjustment/Receipt towards Refund of Advances
Advance Received during the year
Adjustment/Payment towards Refund of Advance
Deposit Received during the year

Deposits Given during the year
Adjustment/Receipt towards Refund of Deposits
Balances as at 31st March

   
   
  

ii)
iil)
iv)
¥
vi

i) Receivables

Advances Given
Loans Given
Deposits Given
Advance Taken
Deposits Taken
Payables

vill) Investment in Non-Convertible Debentures
29.1 Provision for subsidiary as at 3ist March

30.) In addition, remuneration of managers on
deputation, absorbed

 

 

 

Enterprises where control exists

Subsidiaries
2014} 2018) 2014. 2013 ROA 201320) 2018) 20a 203 AON 2088 ROL 2018) aba 20

 

 

   
 

  
  

 

Assoctates

 

Joint Ventures |

272.22| 226.77

 
  
  

 

 

 

Relatives of Key

Management
Personal

    
   
 
 
 
 
 
 
 
 
 
 
 
 
 
 
 
 
 
 
 
 
 
 
 
 
 
 
 
 
 
 
 
 
 
 
  
  
 
  
 
 

 

265.51
610.89
5.69
2.00
1.69
86.64
422.96
15.93

23.38
8.31
6.96

12.19
5.23

17.02

100.99
209.54
1046.77
19.10
8.43
9.17
5.68
27.15
100.15
116.79
0.01
5.09
§.02

83.35

39.30
-| 13.87
130.52
53.40
123.95
0.10
31.97
15.00
47.55

3.01

24.50

 

 

  
 
 

16.42

83.35
113.39
897.25

14.52

10.17

1179.20
853.96
6.77
8.07
134.62
110.96
0.02

0. 38

38.60
23.44
530.54
53.33
140.59
0.09
36.22
15.00
47.55

 
   

1 Unquoted investments purchased, at cost. during the year from subsidiary % 1.69 Crores (2013 : quoted investment - % 9.97 Crores. The market value of the quoted investment on the date of acquisition

was = 101.91 Crores).

2 Includes % 21.21 Crores (2013 - = 0.06 Crore) attributable to remuneration of Directors which is subject to approval by the Company in General Meeting.

So

urce

Wps

 

mdustydoc

UMents

uosfhedufdocsétn

 

DROP 23

 

anys, Supp

7
",True,True,7.937,6.948
295,209.54,table/list,simple,"LOU ca

nue

Plc SINDOODY CNV LEOds8 Pot

 

Notes to the Financial Statements

33; Related Party Disclosures (conid,)

3.

DISCLOSURE OF TRANSACTIONS BETWEEN THE COMPANY AND RELATED PARTIES AND THE STATUS OF OUTSTANDING BALANCES AS AT 31.03.2014

(% in Crores)

 

RELATED PARTY TRANSACHONS SUNIMARY.

Enterprises where contrat exists
Subsiliarigs

 

29.
30.

 

 

Sale of Goods/Services

Purchase of Goods/Services

Acquisition cost of Fixed Assets

Sale of Fixed Assets/Scraps

Investments Purchased from Subsidiary’
Investment in Subsidiaties/Joint Ventures
Conversion of Loan to Equity

Interest Income

Remuneration to Key Management Personnel

= Directors 2

- Others

Rent Received

Rent Paid

Remuneration of Managers on Deputation reimbursed
Remuneration of Managers on Deputation recovered
Donation

Contribution to Employees’ Benefit Plans
Dividend Income

Dividend Payments

Expenses Recovered

Expenses Reimbursed

Loans Given

Receipt towards Loan Repayment

Advances Given during the year:
Adjustment/Receipt towards Refund of Advances
‘Advance Received during the year

Adjustment/ Payment towards Refund of Advance
Deposit Received during the year

Deposits Given during the year
Adjustment/Receipt towards Refund of Deposits
Balances as at 31st March

i): Receivables

ii) Advances Given

ili) Loans Given

iv) Deposits Given

Vv). Advance Taken

vi) Deposits Taken

vil) Payables

vill) Investment in Non-Convertible Debentures
Provision for subsidiary as.at 31st March

In addition, remuneration of managers on
deputation, absorbed

 

 

 

 

 

 

 

 

83.35

22.871 24.50

 

265.51
610.89
5.69
2.00
1.69
86.64
422.96
15.93

23.38
8.31
6.96

12.19
§.23

17.02

100.99
209.54
1046.77
19.10
8.43
9.17
5.68

 

221.76
572.48
4.59
0.44
9.97
30.00

27.20

16.60
6.86
3.82

13.60
484

16.42
1.70

83.35

113.39
897.25
14.52
10.17
1179.20
853.96
677
8.07
134.62
110.96
0.02
0.38

38.60
23.44
530.54
53.33
140.59

36.22
15.00
47.55

2.65

1 Unquoted investments purchased, at cost, during the year from subsidiary = 1.69 Crores (2013 : quoted investment - 9.97 Crores. The market value of the quoted investment on the date of acquisition
was = 101.91 Crores).

2 Includes & 21.21 Crores (2013 - € 0.06 Crore) attributable to remuneration of Directors which is subject to approval by the Company in General Meeting.

Source: https:/Awww.industrydocuments.ucsf.edu/docs/tnbx0223

NEF

nye, Suympag

 
","roa

PLOZ SLNNOODY ONY LHOdIH POUUN] DY]

39. Related Party Disclosures (contd,}

3.

DISCLOSURE OF TRANSACTIONS BETWEEN THE COMPANY AND RELATED PARTIES AND THE STATUS OF OUTSTANDING BALANCES AS AT 31.03.2014

Es Notes to the Financial Statements

 

(% in Crores)

 

 

RELATED PARTY TRANSACTIONS SUMMARY

Sale of Goods/Services

Purchase of Goods/Services

Acquisition cost of Fixed Assets

Sale of Fixed Assets/Scraps

Investments Purchased from Subsidiary!
Investment in Subsidiaries/Joint Ventures
Conversion of Loan to Equity

Interest Income

Remuneration to Key Management Personnel

- Directors 2

- Others

Rent Received

Rent Paid

Remuneration of Managers on Deputation reimbursed
Remuneration of Managers on Deputation recovered
Donation

Contribution to Employees’ Benefit Plans
Dividend Income

Dividend Payments

Expenses Recovered

Expenses Reimbursed

Loans Given

Receipt towards Loan Repayment

Advances Given during the year
Adjustment/Receipt towards Refund of Advances
Advance Received during the year
Adjustment/Payment towards Refund of Advance
Deposit Received during the year

Deposits Given during the year
Adjustment/Receipt towards Refund of Deposits
Balances as at 31st March

   
   
  

ii)
iil)
iv)
¥
vi

i) Receivables

Advances Given
Loans Given
Deposits Given
Advance Taken
Deposits Taken
Payables

vill) Investment in Non-Convertible Debentures
29.1 Provision for subsidiary as at 3ist March

30.) In addition, remuneration of managers on
deputation, absorbed

 

 

 

Enterprises where control exists

Subsidiaries
2014} 2018) 2014. 2013 ROA 201320) 2018) 20a 203 AON 2088 ROL 2018) aba 20

 

 

   
 

  
  

 

Assoctates

 

Joint Ventures |

272.22| 226.77

 
  
  

 

 

 

Relatives of Key

Management
Personal

    
   
 
 
 
 
 
 
 
 
 
 
 
 
 
 
 
 
 
 
 
 
 
 
 
 
 
 
 
 
 
 
 
 
 
 
  
  
 
  
 
 

 

265.51
610.89
5.69
2.00
1.69
86.64
422.96
15.93

23.38
8.31
6.96

12.19
5.23

17.02

100.99
209.54
1046.77
19.10
8.43
9.17
5.68
27.15
100.15
116.79
0.01
5.09
§.02

83.35

39.30
-| 13.87
130.52
53.40
123.95
0.10
31.97
15.00
47.55

3.01

24.50

 

 

  
 
 

16.42

83.35
113.39
897.25

14.52

10.17

1179.20
853.96
6.77
8.07
134.62
110.96
0.02

0. 38

38.60
23.44
530.54
53.33
140.59
0.09
36.22
15.00
47.55

 
   

1 Unquoted investments purchased, at cost. during the year from subsidiary % 1.69 Crores (2013 : quoted investment - % 9.97 Crores. The market value of the quoted investment on the date of acquisition

was = 101.91 Crores).

2 Includes % 21.21 Crores (2013 - = 0.06 Crore) attributable to remuneration of Directors which is subject to approval by the Company in General Meeting.

So

urce

Wps

 

mdustydoc

UMents

uosfhedufdocsétn

 

DROP 23

 

anys, Supp

7
",True,True,7.808,6.891
296,Conversion of Loan to Equity,table/list,medium,"LOU ca

nue

Plc SINDOODY CNV LEOds8 Pot

 

Notes to the Financial Statements

33; Related Party Disclosures (conid,)

3.

DISCLOSURE OF TRANSACTIONS BETWEEN THE COMPANY AND RELATED PARTIES AND THE STATUS OF OUTSTANDING BALANCES AS AT 31.03.2014

(% in Crores)

 

RELATED PARTY TRANSACHONS SUNIMARY.

Enterprises where contrat exists
Subsiliarigs

 

29.
30.

 

 

Sale of Goods/Services

Purchase of Goods/Services

Acquisition cost of Fixed Assets

Sale of Fixed Assets/Scraps

Investments Purchased from Subsidiary’
Investment in Subsidiaties/Joint Ventures
Conversion of Loan to Equity

Interest Income

Remuneration to Key Management Personnel

= Directors 2

- Others

Rent Received

Rent Paid

Remuneration of Managers on Deputation reimbursed
Remuneration of Managers on Deputation recovered
Donation

Contribution to Employees’ Benefit Plans
Dividend Income

Dividend Payments

Expenses Recovered

Expenses Reimbursed

Loans Given

Receipt towards Loan Repayment

Advances Given during the year:
Adjustment/Receipt towards Refund of Advances
‘Advance Received during the year

Adjustment/ Payment towards Refund of Advance
Deposit Received during the year

Deposits Given during the year
Adjustment/Receipt towards Refund of Deposits
Balances as at 31st March

i): Receivables

ii) Advances Given

ili) Loans Given

iv) Deposits Given

Vv). Advance Taken

vi) Deposits Taken

vil) Payables

vill) Investment in Non-Convertible Debentures
Provision for subsidiary as.at 31st March

In addition, remuneration of managers on
deputation, absorbed

 

 

 

 

 

 

 

 

83.35

22.871 24.50

 

265.51
610.89
5.69
2.00
1.69
86.64
422.96
15.93

23.38
8.31
6.96

12.19
§.23

17.02

100.99
209.54
1046.77
19.10
8.43
9.17
5.68

 

221.76
572.48
4.59
0.44
9.97
30.00

27.20

16.60
6.86
3.82

13.60
484

16.42
1.70

83.35

113.39
897.25
14.52
10.17
1179.20
853.96
677
8.07
134.62
110.96
0.02
0.38

38.60
23.44
530.54
53.33
140.59

36.22
15.00
47.55

2.65

1 Unquoted investments purchased, at cost, during the year from subsidiary = 1.69 Crores (2013 : quoted investment - 9.97 Crores. The market value of the quoted investment on the date of acquisition
was = 101.91 Crores).

2 Includes & 21.21 Crores (2013 - € 0.06 Crore) attributable to remuneration of Directors which is subject to approval by the Company in General Meeting.

Source: https:/Awww.industrydocuments.ucsf.edu/docs/tnbx0223

NEF

nye, Suympag

 
","roa

PLOZ SLNNOODY ONY LHOdIH POUUN] DY]

39. Related Party Disclosures (contd,}

3.

DISCLOSURE OF TRANSACTIONS BETWEEN THE COMPANY AND RELATED PARTIES AND THE STATUS OF OUTSTANDING BALANCES AS AT 31.03.2014

Es Notes to the Financial Statements

 

(% in Crores)

 

 

RELATED PARTY TRANSACTIONS SUMMARY

Sale of Goods/Services

Purchase of Goods/Services

Acquisition cost of Fixed Assets

Sale of Fixed Assets/Scraps

Investments Purchased from Subsidiary!
Investment in Subsidiaries/Joint Ventures
Conversion of Loan to Equity

Interest Income

Remuneration to Key Management Personnel

- Directors 2

- Others

Rent Received

Rent Paid

Remuneration of Managers on Deputation reimbursed
Remuneration of Managers on Deputation recovered
Donation

Contribution to Employees’ Benefit Plans
Dividend Income

Dividend Payments

Expenses Recovered

Expenses Reimbursed

Loans Given

Receipt towards Loan Repayment

Advances Given during the year
Adjustment/Receipt towards Refund of Advances
Advance Received during the year
Adjustment/Payment towards Refund of Advance
Deposit Received during the year

Deposits Given during the year
Adjustment/Receipt towards Refund of Deposits
Balances as at 31st March

   
   
  

ii)
iil)
iv)
¥
vi

i) Receivables

Advances Given
Loans Given
Deposits Given
Advance Taken
Deposits Taken
Payables

vill) Investment in Non-Convertible Debentures
29.1 Provision for subsidiary as at 3ist March

30.) In addition, remuneration of managers on
deputation, absorbed

 

 

 

Enterprises where control exists

Subsidiaries
2014} 2018) 2014. 2013 ROA 201320) 2018) 20a 203 AON 2088 ROL 2018) aba 20

 

 

   
 

  
  

 

Assoctates

 

Joint Ventures |

272.22| 226.77

 
  
  

 

 

 

Relatives of Key

Management
Personal

    
   
 
 
 
 
 
 
 
 
 
 
 
 
 
 
 
 
 
 
 
 
 
 
 
 
 
 
 
 
 
 
 
 
 
 
  
  
 
  
 
 

 

265.51
610.89
5.69
2.00
1.69
86.64
422.96
15.93

23.38
8.31
6.96

12.19
5.23

17.02

100.99
209.54
1046.77
19.10
8.43
9.17
5.68
27.15
100.15
116.79
0.01
5.09
§.02

83.35

39.30
-| 13.87
130.52
53.40
123.95
0.10
31.97
15.00
47.55

3.01

24.50

 

 

  
 
 

16.42

83.35
113.39
897.25

14.52

10.17

1179.20
853.96
6.77
8.07
134.62
110.96
0.02

0. 38

38.60
23.44
530.54
53.33
140.59
0.09
36.22
15.00
47.55

 
   

1 Unquoted investments purchased, at cost. during the year from subsidiary % 1.69 Crores (2013 : quoted investment - % 9.97 Crores. The market value of the quoted investment on the date of acquisition

was = 101.91 Crores).

2 Includes % 21.21 Crores (2013 - = 0.06 Crore) attributable to remuneration of Directors which is subject to approval by the Company in General Meeting.

So

urce

Wps

 

mdustydoc

UMents

uosfhedufdocsétn

 

DROP 23

 

anys, Supp

7
",True,True,7.812,7.009
297,Donation,table/list,simple,"LOU ca

nue

Plc SINDOODY CNV LEOds8 Pot

 

Notes to the Financial Statements

33; Related Party Disclosures (conid,)

3.

DISCLOSURE OF TRANSACTIONS BETWEEN THE COMPANY AND RELATED PARTIES AND THE STATUS OF OUTSTANDING BALANCES AS AT 31.03.2014

(% in Crores)

 

RELATED PARTY TRANSACHONS SUNIMARY.

Enterprises where contrat exists
Subsiliarigs

 

29.
30.

 

 

Sale of Goods/Services

Purchase of Goods/Services

Acquisition cost of Fixed Assets

Sale of Fixed Assets/Scraps

Investments Purchased from Subsidiary’
Investment in Subsidiaties/Joint Ventures
Conversion of Loan to Equity

Interest Income

Remuneration to Key Management Personnel

= Directors 2

- Others

Rent Received

Rent Paid

Remuneration of Managers on Deputation reimbursed
Remuneration of Managers on Deputation recovered
Donation

Contribution to Employees’ Benefit Plans
Dividend Income

Dividend Payments

Expenses Recovered

Expenses Reimbursed

Loans Given

Receipt towards Loan Repayment

Advances Given during the year:
Adjustment/Receipt towards Refund of Advances
‘Advance Received during the year

Adjustment/ Payment towards Refund of Advance
Deposit Received during the year

Deposits Given during the year
Adjustment/Receipt towards Refund of Deposits
Balances as at 31st March

i): Receivables

ii) Advances Given

ili) Loans Given

iv) Deposits Given

Vv). Advance Taken

vi) Deposits Taken

vil) Payables

vill) Investment in Non-Convertible Debentures
Provision for subsidiary as.at 31st March

In addition, remuneration of managers on
deputation, absorbed

 

 

 

 

 

 

 

 

83.35

22.871 24.50

 

265.51
610.89
5.69
2.00
1.69
86.64
422.96
15.93

23.38
8.31
6.96

12.19
§.23

17.02

100.99
209.54
1046.77
19.10
8.43
9.17
5.68

 

221.76
572.48
4.59
0.44
9.97
30.00

27.20

16.60
6.86
3.82

13.60
484

16.42
1.70

83.35

113.39
897.25
14.52
10.17
1179.20
853.96
677
8.07
134.62
110.96
0.02
0.38

38.60
23.44
530.54
53.33
140.59

36.22
15.00
47.55

2.65

1 Unquoted investments purchased, at cost, during the year from subsidiary = 1.69 Crores (2013 : quoted investment - 9.97 Crores. The market value of the quoted investment on the date of acquisition
was = 101.91 Crores).

2 Includes & 21.21 Crores (2013 - € 0.06 Crore) attributable to remuneration of Directors which is subject to approval by the Company in General Meeting.

Source: https:/Awww.industrydocuments.ucsf.edu/docs/tnbx0223

NEF

nye, Suympag

 
","roa

PLOZ SLNNOODY ONY LHOdIH POUUN] DY]

39. Related Party Disclosures (contd,}

3.

DISCLOSURE OF TRANSACTIONS BETWEEN THE COMPANY AND RELATED PARTIES AND THE STATUS OF OUTSTANDING BALANCES AS AT 31.03.2014

Es Notes to the Financial Statements

 

(% in Crores)

 

 

RELATED PARTY TRANSACTIONS SUMMARY

Sale of Goods/Services

Purchase of Goods/Services

Acquisition cost of Fixed Assets

Sale of Fixed Assets/Scraps

Investments Purchased from Subsidiary!
Investment in Subsidiaries/Joint Ventures
Conversion of Loan to Equity

Interest Income

Remuneration to Key Management Personnel

- Directors 2

- Others

Rent Received

Rent Paid

Remuneration of Managers on Deputation reimbursed
Remuneration of Managers on Deputation recovered
Donation

Contribution to Employees’ Benefit Plans
Dividend Income

Dividend Payments

Expenses Recovered

Expenses Reimbursed

Loans Given

Receipt towards Loan Repayment

Advances Given during the year
Adjustment/Receipt towards Refund of Advances
Advance Received during the year
Adjustment/Payment towards Refund of Advance
Deposit Received during the year

Deposits Given during the year
Adjustment/Receipt towards Refund of Deposits
Balances as at 31st March

   
   
  

ii)
iil)
iv)
¥
vi

i) Receivables

Advances Given
Loans Given
Deposits Given
Advance Taken
Deposits Taken
Payables

vill) Investment in Non-Convertible Debentures
29.1 Provision for subsidiary as at 3ist March

30.) In addition, remuneration of managers on
deputation, absorbed

 

 

 

Enterprises where control exists

Subsidiaries
2014} 2018) 2014. 2013 ROA 201320) 2018) 20a 203 AON 2088 ROL 2018) aba 20

 

 

   
 

  
  

 

Assoctates

 

Joint Ventures |

272.22| 226.77

 
  
  

 

 

 

Relatives of Key

Management
Personal

    
   
 
 
 
 
 
 
 
 
 
 
 
 
 
 
 
 
 
 
 
 
 
 
 
 
 
 
 
 
 
 
 
 
 
 
  
  
 
  
 
 

 

265.51
610.89
5.69
2.00
1.69
86.64
422.96
15.93

23.38
8.31
6.96

12.19
5.23

17.02

100.99
209.54
1046.77
19.10
8.43
9.17
5.68
27.15
100.15
116.79
0.01
5.09
§.02

83.35

39.30
-| 13.87
130.52
53.40
123.95
0.10
31.97
15.00
47.55

3.01

24.50

 

 

  
 
 

16.42

83.35
113.39
897.25

14.52

10.17

1179.20
853.96
6.77
8.07
134.62
110.96
0.02

0. 38

38.60
23.44
530.54
53.33
140.59
0.09
36.22
15.00
47.55

 
   

1 Unquoted investments purchased, at cost. during the year from subsidiary % 1.69 Crores (2013 : quoted investment - % 9.97 Crores. The market value of the quoted investment on the date of acquisition

was = 101.91 Crores).

2 Includes % 21.21 Crores (2013 - = 0.06 Crore) attributable to remuneration of Directors which is subject to approval by the Company in General Meeting.

So

urce

Wps

 

mdustydoc

UMents

uosfhedufdocsétn

 

DROP 23

 

anys, Supp

7
",True,True,8.012,7.074
298,monthly,form,simple,"1T-2101e.sNew York State Income Tax Bureau
1374 EMPLOYER'S wi TURN - PERSONAL INCOME TAX WITHHELD TAX WITHHELD

© PLEASE NOTE THE WITHHO' 5 TAX PERIOO AND FILING DATE PRINTED BELOW, ineae, renexemseni eae ;

© PLEASE USE THE CAR H CORRESPONDS WITH THE PERIOD COVERED BY YOURRETURN. LATE FILING AND PAYMENT INSTRUCTIONS
© IF YOUDO NOT HAVE & CARD FOR THE PFRIOD COVERED SY YOUR PAYMENT.CROSSOUT —wwrrecsi, aT evn PER WEAR FOR UATE pavment must ve | $ 280, 0¢
THE PRINTED DATES AND ENT RTHE © RECT MONTHLY OR SEMI-MONTHLY PERIOO(S), PAO. ADD PENALTY FOR LATE FILING OF 48 PER ONT. NOT FETE EET pENALTY

REQUIRED FILING FREQUENCY TO EXCEEO 25% PLUS PENALTY OF 1/28 PER MONTH FOR LATE <
tasunet ouchared sow schsau Caen rete | te bein

AMD PAYMENT OM THE BACK OF THIS FORM. PENALTIES WILL BE
THLY ASSESSED IF YOU FAIL TO SHOW REASONABLE CAUSE

[OUE On On BEFORE IDENTIFICATION NUMBER TOTAL REMITTANCE - NYS Income Tax ©
‘

NOTE i sa fz 1 zi Qo?
PERI i t i e a :
$

RE 410
COMM SCIENCE LAW & FOOD SUPPLY connect naue, pe ae erie

PORES AD 1. WRITE THE WORDS “FINAL RETURN” AS

AVER66 ST WH DENTRICATIONS “TAX: WITHHELD” BOX IN UPPER RIGHT
NUMBER IF INCORRECT. | 2 Give EXPLANATION ON BACK OF CARD 4

Nit io021 9 FILE WITH AORMS 1-2102 AND 17-2103

2.
=z
of
3

gz
=z
cz
58
82
2

 

3
oa
oo
eos
xe
aa
se
Z
ze
Se
2%
=o
=o
ze
=
=F
3

MONTHLY FILERS.OUE 15TH AY OF FOLLOWING MONTH, EXCEPT DECEMBER RETURN OUE JANUARY 31
SEW!-MONTHLY FILERS.DUE THIRD BANKING DAY AFTER 15TH AND END OF EACH MONTH. EXCEPT souatune

RETURN FOR LAST MALI OF OECFMBER (S$ OUE JANUARY 31. x
CC:26960 __DD-M 17189 meExecutive Secretary , 6.14. 74

[cil EMPLOYER NUMSER ones CleyPeRIOo] TAX WITHHELD TOTAL REMITTANCE | ALT. TAX WITHHELD [ALT.TOTAL REMITTANCE) parE atc. TRANSACTION NO.
ae NE ne es i tReG tee R ON ame be 57-60. 69-76

 

 
","IT-2101."".:New York State Income Tax Bureau
1374 EMPLOYER'S KL OTURN - PERSONAL INCOME TAX WITHHELD

PLEASE HOTT THE ® DONG TAR FEROD AND FILING DATE PRINTED LELOW
PLEAS SE THE CAS H CORRE SPONDS WITH THE PERIOD COVERED BY YOUR RETURN
TF YOU DO RGT HAVE 4 CARD FGR THE PERIOD COVERED SY YOUR PAYMENT CROSS OUT
THE PRINTED CATES AND ER? RIHE © RECT MONTHLY OR SEMI MONTHLY PY RI00($)
REQUIRED FILING FREQUENCY

LATE BLING ANO.

mettets
Pa ADO Naty Mt OF We PER WORIN WOT
TV CICERO 258 LUT PENALTY OF | Pe PEE MOEN fom LATE
ea UMS POU SHOW BT ASONARLE CAUSE FOR LATE Pi,
AAO PLOWERT On Tret GACE OF Ded FORM PERALTCS WL OF
ASMA SSID # TOU TAX TO SeOw BEAIONAM I CAME

 

SOERTWICATION KUWALR
oe

Wee bsee4 | 13-27

DUE ON OR BEFORE

 

RE 416

CORRECT NAME,
ADOATSS AND
lobe caTion

SUPPLY
WH

TIZENS COMM SCIENCE LAW & FOOL
AVER6EG OT

Ne 10021

cl
LES0-TERK
NEW YORK

FOS OFFICE BOR 220
ALOANY, NY 12201

 

Se
v2
és
ze
wo
se
g
ze
re
Be
£5
re
EF
pz
3

WONT RELY FIL ERPS DOL St ORY OF FEL OWING MONTH FECEPT DECEMBER WE TG 2M DUE JANUARY D1 F CERTIFY TH

Meuron Tay ALON UF UNG DAY AFTER ISTH AND END OF FACH MONTH RICEPT

z
5

SGNATURE

MUMBER © WCORRECT.

TAX WITHHELD
Wrane sete reason on beck t

I
$ 280) 0:

INTEREST - PENALTY 1
See torrrctons

'

000) 00
TOTAL REMITTANCE - NYS Income te £
$ 280/00
IF Tou WS A FiwAL RETURN CHECK APPLIC

AED apn

een 0 eee ORE

F OME OF THE ABOVE CONDITIONS APM ©
1. WRITE THE WORDS “FINAL RETURN” ar

TAK WITHHELO™ BOX IN UPPER MGy”
2 GIVE EXPLANATION ON BACK OF CART +

 

RETURN FOR LAST HAL 1 OTF MBER SOUL JANUARY 31 .

6980 nmExecutive Secretary
oi CHC LP EE BIG!
Is wh 1870

TOTAL REMITTANCE | ALT TAX WiTrHELD [ALT TOTAy REMITTANC
08 a. 888.

8

EWPLOYER RUDIGER

TAX wiTHH®:.O
a

(2u29

Ls
8]

TRANSACTION NO
wre

 
",True,True,7.476,5.211
299,06/15/74,form,simple,"1T-2101e.sNew York State Income Tax Bureau
1374 EMPLOYER'S wi TURN - PERSONAL INCOME TAX WITHHELD TAX WITHHELD

© PLEASE NOTE THE WITHHO' 5 TAX PERIOO AND FILING DATE PRINTED BELOW, ineae, renexemseni eae ;

© PLEASE USE THE CAR H CORRESPONDS WITH THE PERIOD COVERED BY YOURRETURN. LATE FILING AND PAYMENT INSTRUCTIONS
© IF YOUDO NOT HAVE & CARD FOR THE PFRIOD COVERED SY YOUR PAYMENT.CROSSOUT —wwrrecsi, aT evn PER WEAR FOR UATE pavment must ve | $ 280, 0¢
THE PRINTED DATES AND ENT RTHE © RECT MONTHLY OR SEMI-MONTHLY PERIOO(S), PAO. ADD PENALTY FOR LATE FILING OF 48 PER ONT. NOT FETE EET pENALTY

REQUIRED FILING FREQUENCY TO EXCEEO 25% PLUS PENALTY OF 1/28 PER MONTH FOR LATE <
tasunet ouchared sow schsau Caen rete | te bein

AMD PAYMENT OM THE BACK OF THIS FORM. PENALTIES WILL BE
THLY ASSESSED IF YOU FAIL TO SHOW REASONABLE CAUSE

[OUE On On BEFORE IDENTIFICATION NUMBER TOTAL REMITTANCE - NYS Income Tax ©
‘

NOTE i sa fz 1 zi Qo?
PERI i t i e a :
$

RE 410
COMM SCIENCE LAW & FOOD SUPPLY connect naue, pe ae erie

PORES AD 1. WRITE THE WORDS “FINAL RETURN” AS

AVER66 ST WH DENTRICATIONS “TAX: WITHHELD” BOX IN UPPER RIGHT
NUMBER IF INCORRECT. | 2 Give EXPLANATION ON BACK OF CARD 4

Nit io021 9 FILE WITH AORMS 1-2102 AND 17-2103

2.
=z
of
3

gz
=z
cz
58
82
2

 

3
oa
oo
eos
xe
aa
se
Z
ze
Se
2%
=o
=o
ze
=
=F
3

MONTHLY FILERS.OUE 15TH AY OF FOLLOWING MONTH, EXCEPT DECEMBER RETURN OUE JANUARY 31
SEW!-MONTHLY FILERS.DUE THIRD BANKING DAY AFTER 15TH AND END OF EACH MONTH. EXCEPT souatune

RETURN FOR LAST MALI OF OECFMBER (S$ OUE JANUARY 31. x
CC:26960 __DD-M 17189 meExecutive Secretary , 6.14. 74

[cil EMPLOYER NUMSER ones CleyPeRIOo] TAX WITHHELD TOTAL REMITTANCE | ALT. TAX WITHHELD [ALT.TOTAL REMITTANCE) parE atc. TRANSACTION NO.
ae NE ne es i tReG tee R ON ame be 57-60. 69-76

 

 
","IT-2101."".:New York State Income Tax Bureau
1374 EMPLOYER'S KL OTURN - PERSONAL INCOME TAX WITHHELD

PLEASE HOTT THE ® DONG TAR FEROD AND FILING DATE PRINTED LELOW
PLEAS SE THE CAS H CORRE SPONDS WITH THE PERIOD COVERED BY YOUR RETURN
TF YOU DO RGT HAVE 4 CARD FGR THE PERIOD COVERED SY YOUR PAYMENT CROSS OUT
THE PRINTED CATES AND ER? RIHE © RECT MONTHLY OR SEMI MONTHLY PY RI00($)
REQUIRED FILING FREQUENCY

LATE BLING ANO.

mettets
Pa ADO Naty Mt OF We PER WORIN WOT
TV CICERO 258 LUT PENALTY OF | Pe PEE MOEN fom LATE
ea UMS POU SHOW BT ASONARLE CAUSE FOR LATE Pi,
AAO PLOWERT On Tret GACE OF Ded FORM PERALTCS WL OF
ASMA SSID # TOU TAX TO SeOw BEAIONAM I CAME

 

SOERTWICATION KUWALR
oe

Wee bsee4 | 13-27

DUE ON OR BEFORE

 

RE 416

CORRECT NAME,
ADOATSS AND
lobe caTion

SUPPLY
WH

TIZENS COMM SCIENCE LAW & FOOL
AVER6EG OT

Ne 10021

cl
LES0-TERK
NEW YORK

FOS OFFICE BOR 220
ALOANY, NY 12201

 

Se
v2
és
ze
wo
se
g
ze
re
Be
£5
re
EF
pz
3

WONT RELY FIL ERPS DOL St ORY OF FEL OWING MONTH FECEPT DECEMBER WE TG 2M DUE JANUARY D1 F CERTIFY TH

Meuron Tay ALON UF UNG DAY AFTER ISTH AND END OF FACH MONTH RICEPT

z
5

SGNATURE

MUMBER © WCORRECT.

TAX WITHHELD
Wrane sete reason on beck t

I
$ 280) 0:

INTEREST - PENALTY 1
See torrrctons

'

000) 00
TOTAL REMITTANCE - NYS Income te £
$ 280/00
IF Tou WS A FiwAL RETURN CHECK APPLIC

AED apn

een 0 eee ORE

F OME OF THE ABOVE CONDITIONS APM ©
1. WRITE THE WORDS “FINAL RETURN” ar

TAK WITHHELO™ BOX IN UPPER MGy”
2 GIVE EXPLANATION ON BACK OF CART +

 

RETURN FOR LAST HAL 1 OTF MBER SOUL JANUARY 31 .

6980 nmExecutive Secretary
oi CHC LP EE BIG!
Is wh 1870

TOTAL REMITTANCE | ALT TAX WiTrHELD [ALT TOTAy REMITTANC
08 a. 888.

8

EWPLOYER RUDIGER

TAX wiTHH®:.O
a

(2u29

Ls
8]

TRANSACTION NO
wre

 
",False,False,7.594,5.148
